reservation_id,prediction_cutoff_at,is_synthetic,no_show_probability,risk_rank,priority_flag,risk_level,ranking_policy,prediction_status,model_version,feature_set_version,cohort_size,priority_count
RES-088e5da786c1b1dd3989a748e1d3f785,2026-09-26 18:00:00,True,0.006651702712003466,18,False,LOW,TOP_15_PERCENT_DAILY_COHORT,SUCCESS,reservation-no-show-v1.0,reservation-no-show-feature-v1.0,29,5
RES-885267116f5890a1b3027bf02d5f160a,2026-10-13 18:00:00,True,0.025640052142407155,3,True,HIGH,TOP_15_PERCENT_DAILY_COHORT,SUCCESS,reservation-no-show-v1.0,reservation-no-show-feature-v1.0,29,5
RES-919411c042284ec58675e1b3eb566b03,2026-10-30 18:00:00,True,0.004807908775553922,16,False,LOW,TOP_15_PERCENT_DAILY_COHORT,SUCCESS,reservation-no-show-v1.0,reservation-no-show-feature-v1.0,29,5
RES-3dd0c20e9fa753496ae949ed04a422d4,2026-11-16 18:00:00,True,0.004989720479534652,22,False,LOW,TOP_15_PERCENT_DAILY_COHORT,SUCCESS,reservation-no-show-v1.0,reservation-no-show-feature-v1.0,29,5
RES-de52278f233693c3c21af816375b3fd3,2026-12-03 18:00:00,True,0.0227095467215196,3,True,HIGH,TOP_15_PERCENT_DAILY_COHORT,SUCCESS,reservation-no-show-v1.0,reservation-no-show-feature-v1.0,29,5
RES-def79868afc3d35f3d1ed65861621358,2026-12-20 18:00:00,True,0.006513752123344873,26,False,LOW,TOP_15_PERCENT_DAILY_COHORT,SUCCESS,reservation-no-show-v1.0,reservation-no-show-feature-v1.0,29,5
RES-723486ee31f706507ff396541e224d85,2026-11-11 18:00:00,True,0.017218197010655995,2,True,HIGH,TOP_15_PERCENT_DAILY_COHORT,SUCCESS,reservation-no-show-v1.0,reservation-no-show-feature-v1.0,29,5
RES-57c6216eb9e7dddd7c4f1e756b447708,2026-11-28 18:00:00,True,0.004725976140494624,23,False,LOW,TOP_15_PERCENT_DAILY_COHORT,SUCCESS,reservation-no-show-v1.0,reservation-no-show-feature-v1.0,29,5
RES-682f6db96ac16947c891c9ad1401ffc2,2026-12-15 18:00:00,True,0.010673647602977902,10,False,LOW,TOP_15_PERCENT_DAILY_COHORT,SUCCESS,reservation-no-show-v1.0,reservation-no-show-feature-v1.0,29,5
RES-cc4fb48b8f5701d311145ca8dbfecc03,2026-08-10 18:00:00,True,0.026113321840616644,4,True,HIGH,TOP_15_PERCENT_DAILY_COHORT,SUCCESS,reservation-no-show-v1.0,reservation-no-show-feature-v1.0,30,5
RES-5e6f52667dc0c02a219b2aa1e02236f8,2026-08-27 18:00:00,True,0.005241985663247864,13,False,LOW,TOP_15_PERCENT_DAILY_COHORT,SUCCESS,reservation-no-show-v1.0,reservation-no-show-feature-v1.0,30,5
RES-978cb2a17c0286fac966d285370b178a,2026-09-13 18:00:00,True,0.005083810613112044,20,False,LOW,TOP_15_PERCENT_DAILY_COHORT,SUCCESS,reservation-no-show-v1.0,reservation-no-show-feature-v1.0,30,5
RES-df8d996b54ed8b09fb6ba2929418bdb5,2026-09-30 18:00:00,True,0.023130008578806507,3,True,HIGH,TOP_15_PERCENT_DAILY_COHORT,SUCCESS,reservation-no-show-v1.0,reservation-no-show-feature-v1.0,30,5
RES-d0e55cf274c1f078ec80402fa6952444,2026-10-17 18:00:00,True,0.008484667840694946,14,False,LOW,TOP_15_PERCENT_DAILY_COHORT,SUCCESS,reservation-no-show-v1.0,reservation-no-show-feature-v1.0,30,5
RES-e43d9675379bba5a2efb5fb629f2d961,2026-11-03 18:00:00,True,0.004485578077847648,20,False,LOW,TOP_15_PERCENT_DAILY_COHORT,SUCCESS,reservation-no-show-v1.0,reservation-no-show-feature-v1.0,30,5
RES-0205bde4d5e5fedc5dc508c007ff3a63,2026-11-20 18:00:00,True,0.017531042189400558,4,True,HIGH,TOP_15_PERCENT_DAILY_COHORT,SUCCESS,reservation-no-show-v1.0,reservation-no-show-feature-v1.0,30,5
RES-6ba00c545cae14a2653e8c5a0dd3f3e2,2026-12-07 18:00:00,True,0.006454488338092435,24,False,LOW,TOP_15_PERCENT_DAILY_COHORT,SUCCESS,reservation-no-show-v1.0,reservation-no-show-feature-v1.0,30,5
RES-64bffdf0c433106feae17c8cff2f623d,2026-12-24 18:00:00,True,0.007085134103465736,19,False,LOW,TOP_15_PERCENT_DAILY_COHORT,SUCCESS,reservation-no-show-v1.0,reservation-no-show-feature-v1.0,30,5
RES-8af6c8a46f8eb2a68296aefe6285851f,2026-08-09 18:00:00,True,0.006870084321643852,23,False,LOW,TOP_15_PERCENT_DAILY_COHORT,SUCCESS,reservation-no-show-v1.0,reservation-no-show-feature-v1.0,29,5
RES-39a0d0eeb4bf7570b095e4da6c95169e,2026-08-26 18:00:00,True,0.03074725683870274,1,True,HIGH,TOP_15_PERCENT_DAILY_COHORT,SUCCESS,reservation-no-show-v1.0,reservation-no-show-feature-v1.0,29,5
RES-c619fb46487ebb4b841c816b2dfde268,2026-09-12 18:00:00,True,0.0052441135612906475,14,False,LOW,TOP_15_PERCENT_DAILY_COHORT,SUCCESS,reservation-no-show-v1.0,reservation-no-show-feature-v1.0,29,5
RES-bcb146e7f73f915ba40bb5fd74edb87c,2026-09-29 18:00:00,True,0.004960535109493708,23,False,LOW,TOP_15_PERCENT_DAILY_COHORT,SUCCESS,reservation-no-show-v1.0,reservation-no-show-feature-v1.0,29,5
RES-3573cd2eb940096babbce0ee1edf71a8,2026-10-16 18:00:00,True,0.021466081659721126,9,False,LOW,TOP_15_PERCENT_DAILY_COHORT,SUCCESS,reservation-no-show-v1.0,reservation-no-show-feature-v1.0,29,5
RES-583037be094b5cfc0a7c9415a4b7557c,2026-11-02 18:00:00,True,0.00710361741920073,19,False,LOW,TOP_15_PERCENT_DAILY_COHORT,SUCCESS,reservation-no-show-v1.0,reservation-no-show-feature-v1.0,29,5
RES-ad7ed3ab0c2aa72371c0f94481f4cbc1,2026-11-19 18:00:00,True,0.004817526165043611,13,False,LOW,TOP_15_PERCENT_DAILY_COHORT,SUCCESS,reservation-no-show-v1.0,reservation-no-show-feature-v1.0,29,5
RES-30c59eace048c00e23b2df6f692e44ae,2026-12-06 18:00:00,True,0.01776940411095037,4,True,HIGH,TOP_15_PERCENT_DAILY_COHORT,SUCCESS,reservation-no-show-v1.0,reservation-no-show-feature-v1.0,29,5
RES-c94d036dcea9c3ff56e87caad72eb76d,2026-12-23 18:00:00,True,0.005722710658570878,25,False,LOW,TOP_15_PERCENT_DAILY_COHORT,SUCCESS,reservation-no-show-v1.0,reservation-no-show-feature-v1.0,29,5
RES-96d0d4ed70c0a4329bef57fa86141288,2026-08-08 18:00:00,True,0.005251972277441258,19,False,LOW,TOP_15_PERCENT_DAILY_COHORT,SUCCESS,reservation-no-show-v1.0,reservation-no-show-feature-v1.0,29,5
RES-3d1a5142ad1e79757c2652842f293284,2026-08-25 18:00:00,True,0.008931827263645366,10,False,LOW,TOP_15_PERCENT_DAILY_COHORT,SUCCESS,reservation-no-show-v1.0,reservation-no-show-feature-v1.0,29,5
RES-90f6940742d95b3e5f1b90520f2c1fbf,2026-09-11 18:00:00,True,0.02846219964297187,3,True,HIGH,TOP_15_PERCENT_DAILY_COHORT,SUCCESS,reservation-no-show-v1.0,reservation-no-show-feature-v1.0,29,5
RES-feac124493fd06246d2ddad3e7f3b9fc,2026-09-28 18:00:00,True,0.0048456254285311785,14,False,LOW,TOP_15_PERCENT_DAILY_COHORT,SUCCESS,reservation-no-show-v1.0,reservation-no-show-feature-v1.0,29,5
RES-d3f2f86a6016cebddd07a125a90d0b83,2026-10-15 18:00:00,True,0.005844665526779988,14,False,LOW,TOP_15_PERCENT_DAILY_COHORT,SUCCESS,reservation-no-show-v1.0,reservation-no-show-feature-v1.0,29,5
RES-c75e64f5b807035935b341507b535c94,2026-11-01 18:00:00,True,0.019796951021522406,7,False,LOW,TOP_15_PERCENT_DAILY_COHORT,SUCCESS,reservation-no-show-v1.0,reservation-no-show-feature-v1.0,29,5
RES-138f0988091e634e74631f5e2911e92f,2026-11-18 18:00:00,True,0.0069317055762799515,24,False,LOW,TOP_15_PERCENT_DAILY_COHORT,SUCCESS,reservation-no-show-v1.0,reservation-no-show-feature-v1.0,29,5
RES-fba5cb01dc01f8333cf4ba5bcd3673d4,2026-12-05 18:00:00,True,0.004043301239884044,28,False,LOW,TOP_15_PERCENT_DAILY_COHORT,SUCCESS,reservation-no-show-v1.0,reservation-no-show-feature-v1.0,29,5
RES-a465a9c465645df6852e9fb47e69c751,2026-12-22 18:00:00,True,0.015775166045690348,4,True,HIGH,TOP_15_PERCENT_DAILY_COHORT,SUCCESS,reservation-no-show-v1.0,reservation-no-show-feature-v1.0,29,5
RES-844b3b0a4acf04c9957d2ea1e5f1c2b2,2026-08-07 18:00:00,True,0.014665015804054566,5,True,HIGH,TOP_15_PERCENT_DAILY_COHORT,SUCCESS,reservation-no-show-v1.0,reservation-no-show-feature-v1.0,29,5
RES-6c3eaa530b0df8d25291fc72c1bbdbe8,2026-08-24 18:00:00,True,0.005878720412806505,13,False,LOW,TOP_15_PERCENT_DAILY_COHORT,SUCCESS,reservation-no-show-v1.0,reservation-no-show-feature-v1.0,29,5
RES-a51e1f0e01f4a61ca8a33d83cf3cf156,2026-09-10 18:00:00,True,0.0065205936707555985,17,False,LOW,TOP_15_PERCENT_DAILY_COHORT,SUCCESS,reservation-no-show-v1.0,reservation-no-show-feature-v1.0,29,5
RES-12f5742631956f2851842d21c18f35d1,2026-09-27 18:00:00,True,0.02182719219541589,10,False,LOW,TOP_15_PERCENT_DAILY_COHORT,SUCCESS,reservation-no-show-v1.0,reservation-no-show-feature-v1.0,29,5
RES-e75d440d02aa899860442fd908c6bcdb,2026-10-14 18:00:00,True,0.00471296958923221,17,False,LOW,TOP_15_PERCENT_DAILY_COHORT,SUCCESS,reservation-no-show-v1.0,reservation-no-show-feature-v1.0,29,5
RES-b0ef44bb15c0c66a0ff08ad8ed323fb4,2026-10-31 18:00:00,True,0.004906182763910973,16,False,LOW,TOP_15_PERCENT_DAILY_COHORT,SUCCESS,reservation-no-show-v1.0,reservation-no-show-feature-v1.0,29,5
RES-af96f7221b5b5b847880c11e9eaffc79,2026-11-17 18:00:00,True,0.021237820092031873,6,False,LOW,TOP_15_PERCENT_DAILY_COHORT,SUCCESS,reservation-no-show-v1.0,reservation-no-show-feature-v1.0,29,5
RES-659ff0881f0e574e848bbe878ee52eb6,2026-12-04 18:00:00,True,0.006404863367747118,26,False,LOW,TOP_15_PERCENT_DAILY_COHORT,SUCCESS,reservation-no-show-v1.0,reservation-no-show-feature-v1.0,29,5
RES-085af05ec4cd816d155698d25a5d099f,2026-12-21 18:00:00,True,0.004112207362578046,27,False,LOW,TOP_15_PERCENT_DAILY_COHORT,SUCCESS,reservation-no-show-v1.0,reservation-no-show-feature-v1.0,29,5
RES-217e8c8c30242069c19cfa6962a5f8e3,2026-08-06 18:00:00,True,0.00652113721769073,27,False,LOW,TOP_15_PERCENT_DAILY_COHORT,SUCCESS,reservation-no-show-v1.0,reservation-no-show-feature-v1.0,29,5
RES-523ad937a4f099c134d593a0d225eac4,2026-08-23 18:00:00,True,0.014912227360535745,3,True,HIGH,TOP_15_PERCENT_DAILY_COHORT,SUCCESS,reservation-no-show-v1.0,reservation-no-show-feature-v1.0,29,5
RES-c20b72f5a492ce9dfe3500eb91dd3872,2026-09-09 18:00:00,True,0.004720036121184214,22,False,LOW,TOP_15_PERCENT_DAILY_COHORT,SUCCESS,reservation-no-show-v1.0,reservation-no-show-feature-v1.0,29,5
RES-d525eea1df62b6ce66afef180e642b8e,2026-08-05 18:00:00,True,0.005796466878142031,25,False,LOW,TOP_15_PERCENT_DAILY_COHORT,SUCCESS,reservation-no-show-v1.0,reservation-no-show-feature-v1.0,29,5
RES-063721bccfa49aa8954e196ea06364d3,2026-08-22 18:00:00,True,0.00732051954143099,17,False,LOW,TOP_15_PERCENT_DAILY_COHORT,SUCCESS,reservation-no-show-v1.0,reservation-no-show-feature-v1.0,29,5
RES-983d7d56dbc9a7d44a8790db3e396f3f,2026-09-08 18:00:00,True,0.013192340949697087,9,False,LOW,TOP_15_PERCENT_DAILY_COHORT,SUCCESS,reservation-no-show-v1.0,reservation-no-show-feature-v1.0,29,5
RES-86561cf5f1cd2b291b737c5c4ed31d00,2026-09-25 18:00:00,True,0.005833009643002213,12,False,LOW,TOP_15_PERCENT_DAILY_COHORT,SUCCESS,reservation-no-show-v1.0,reservation-no-show-feature-v1.0,29,5
RES-c34ef0d56fda7fc7170667b08dabc6ea,2026-10-12 18:00:00,True,0.0067431582651854656,16,False,LOW,TOP_15_PERCENT_DAILY_COHORT,SUCCESS,reservation-no-show-v1.0,reservation-no-show-feature-v1.0,29,5
RES-909376249527ea1cd58a5b63e6a5b830,2026-10-29 18:00:00,True,0.022782989644255285,7,False,LOW,TOP_15_PERCENT_DAILY_COHORT,SUCCESS,reservation-no-show-v1.0,reservation-no-show-feature-v1.0,29,5
RES-526d7eae08c104571d7f8d2aab7fcb7a,2026-11-15 18:00:00,True,0.0044282002852817975,23,False,LOW,TOP_15_PERCENT_DAILY_COHORT,SUCCESS,reservation-no-show-v1.0,reservation-no-show-feature-v1.0,29,5
RES-89e03cf3e841f885c853ab3b304b1365,2026-12-02 18:00:00,True,0.005879021955224495,17,False,LOW,TOP_15_PERCENT_DAILY_COHORT,SUCCESS,reservation-no-show-v1.0,reservation-no-show-feature-v1.0,29,5
RES-c28cee1358fc5e4fead662b04aa01c9f,2026-12-19 18:00:00,True,0.019175592846475874,10,False,LOW,TOP_15_PERCENT_DAILY_COHORT,SUCCESS,reservation-no-show-v1.0,reservation-no-show-feature-v1.0,29,5
RES-69509763779d4b2661819be4c059b6cc,2026-08-04 18:00:00,True,0.015976399884256975,3,True,HIGH,TOP_15_PERCENT_DAILY_COHORT,SUCCESS,reservation-no-show-v1.0,reservation-no-show-feature-v1.0,29,5
RES-380c3ce89b60107d766aa8c70dc18b73,2026-08-21 18:00:00,True,0.007161433930294381,18,False,LOW,TOP_15_PERCENT_DAILY_COHORT,SUCCESS,reservation-no-show-v1.0,reservation-no-show-feature-v1.0,29,5
RES-cc91b1e15b4c2a976a7d825b996a8cbd,2026-09-07 18:00:00,True,0.008165965059207433,13,False,LOW,TOP_15_PERCENT_DAILY_COHORT,SUCCESS,reservation-no-show-v1.0,reservation-no-show-feature-v1.0,29,5
RES-00933fd659beb9f2429217c778d9ee91,2026-09-24 18:00:00,True,0.012874989023357618,9,False,LOW,TOP_15_PERCENT_DAILY_COHORT,SUCCESS,reservation-no-show-v1.0,reservation-no-show-feature-v1.0,29,5
RES-a075b61a42dc89b07417e01fb4a72d71,2026-10-11 18:00:00,True,0.005913275833822502,13,False,LOW,TOP_15_PERCENT_DAILY_COHORT,SUCCESS,reservation-no-show-v1.0,reservation-no-show-feature-v1.0,29,5
RES-1aff64c9ace9a1e5a74c7a92d0bc08e6,2026-10-28 18:00:00,True,0.006579911942659048,17,False,LOW,TOP_15_PERCENT_DAILY_COHORT,SUCCESS,reservation-no-show-v1.0,reservation-no-show-feature-v1.0,29,5
RES-c4039ba454b255ffdcc25ba7f3c25793,2026-11-14 18:00:00,True,0.02107694549322094,9,False,LOW,TOP_15_PERCENT_DAILY_COHORT,SUCCESS,reservation-no-show-v1.0,reservation-no-show-feature-v1.0,29,5
RES-757cbfe32888d59780f64cefc2b4de45,2026-12-01 18:00:00,True,0.003912675670946826,26,False,LOW,TOP_15_PERCENT_DAILY_COHORT,SUCCESS,reservation-no-show-v1.0,reservation-no-show-feature-v1.0,29,5
RES-557b77a552e1797578b06d77f6b9d1f3,2026-12-18 18:00:00,True,0.004950887820977323,19,False,LOW,TOP_15_PERCENT_DAILY_COHORT,SUCCESS,reservation-no-show-v1.0,reservation-no-show-feature-v1.0,29,5
RES-f219cdaec83a5057fb995b72db0ae4aa,2026-08-03 18:00:00,True,0.006113021935244603,10,False,LOW,TOP_15_PERCENT_DAILY_COHORT,SUCCESS,reservation-no-show-v1.0,reservation-no-show-feature-v1.0,29,5
RES-5a3d91499ac35bac0cffa3104ce47abb,2026-08-20 18:00:00,True,0.017144063688936163,2,True,HIGH,TOP_15_PERCENT_DAILY_COHORT,SUCCESS,reservation-no-show-v1.0,reservation-no-show-feature-v1.0,29,5
RES-829232d4a283c380bd1d6454fe24d07e,2026-09-06 18:00:00,True,0.007379087419723246,16,False,LOW,TOP_15_PERCENT_DAILY_COHORT,SUCCESS,reservation-no-show-v1.0,reservation-no-show-feature-v1.0,29,5
RES-c4ee41692be5a1e5e1baf9ed298590ed,2026-09-23 18:00:00,True,0.008767875555268909,13,False,LOW,TOP_15_PERCENT_DAILY_COHORT,SUCCESS,reservation-no-show-v1.0,reservation-no-show-feature-v1.0,29,5
RES-948bc263ad693f1b1ebb810373add160,2026-10-10 18:00:00,True,0.014396164545177661,6,False,LOW,TOP_15_PERCENT_DAILY_COHORT,SUCCESS,reservation-no-show-v1.0,reservation-no-show-feature-v1.0,29,5
RES-bae7bfd0d0ef6e54ff9862ef008a17be,2026-10-27 18:00:00,True,0.004763053131844792,23,False,LOW,TOP_15_PERCENT_DAILY_COHORT,SUCCESS,reservation-no-show-v1.0,reservation-no-show-feature-v1.0,29,5
RES-f9d285472007fdee0ed6f8ab8f53d73d,2026-11-13 18:00:00,True,0.0060796440119985275,28,False,LOW,TOP_15_PERCENT_DAILY_COHORT,SUCCESS,reservation-no-show-v1.0,reservation-no-show-feature-v1.0,29,5
RES-0bb3d08a2dd613387f019d4afba6fbcb,2026-11-30 18:00:00,True,0.031100607789686558,1,True,HIGH,TOP_15_PERCENT_DAILY_COHORT,SUCCESS,reservation-no-show-v1.0,reservation-no-show-feature-v1.0,29,5
RES-acc8c5987f8c26b7f6822dfa0ba37399,2026-12-17 18:00:00,True,0.004202405995771702,23,False,LOW,TOP_15_PERCENT_DAILY_COHORT,SUCCESS,reservation-no-show-v1.0,reservation-no-show-feature-v1.0,29,5
RES-e1dcc5531bb18ed45cfcd697d5871664,2026-08-02 18:00:00,True,0.007989319473015687,17,False,LOW,TOP_15_PERCENT_DAILY_COHORT,SUCCESS,reservation-no-show-v1.0,reservation-no-show-feature-v1.0,29,5
RES-100edbe91ce5c99e267d31225d45d120,2026-08-19 18:00:00,True,0.005964939082245252,10,False,LOW,TOP_15_PERCENT_DAILY_COHORT,SUCCESS,reservation-no-show-v1.0,reservation-no-show-feature-v1.0,29,5
RES-555adab604074e04f214d2c061f9d87b,2026-09-05 18:00:00,True,0.01585342537513054,3,True,HIGH,TOP_15_PERCENT_DAILY_COHORT,SUCCESS,reservation-no-show-v1.0,reservation-no-show-feature-v1.0,29,5
RES-0ab8e5a368b6b8e85a2aa269d8b5b978,2026-09-22 18:00:00,True,0.005849236505047332,28,False,LOW,TOP_15_PERCENT_DAILY_COHORT,SUCCESS,reservation-no-show-v1.0,reservation-no-show-feature-v1.0,29,5
RES-0817a59ea5a1240b33723a968e4caa6b,2026-10-09 18:00:00,True,0.007363487157536459,18,False,LOW,TOP_15_PERCENT_DAILY_COHORT,SUCCESS,reservation-no-show-v1.0,reservation-no-show-feature-v1.0,29,5
RES-feb4bb4b2cafbe0fa4473390f937b51f,2026-10-26 18:00:00,True,0.014638911346189127,6,False,LOW,TOP_15_PERCENT_DAILY_COHORT,SUCCESS,reservation-no-show-v1.0,reservation-no-show-feature-v1.0,29,5
RES-82321f108d6627e004b32358ea85324b,2026-11-12 18:00:00,True,0.0056121842903626975,15,False,LOW,TOP_15_PERCENT_DAILY_COHORT,SUCCESS,reservation-no-show-v1.0,reservation-no-show-feature-v1.0,29,5
RES-ac6e8757913e7a53ae171fe4c4553308,2026-11-29 18:00:00,True,0.00680448735455934,17,False,LOW,TOP_15_PERCENT_DAILY_COHORT,SUCCESS,reservation-no-show-v1.0,reservation-no-show-feature-v1.0,29,5
RES-aa21ef367d0145fd672401a9412cbfa9,2026-12-16 18:00:00,True,0.022914618873134018,4,True,HIGH,TOP_15_PERCENT_DAILY_COHORT,SUCCESS,reservation-no-show-v1.0,reservation-no-show-feature-v1.0,29,5
RES-64fe3bcbcf92600750c58f85ede59f84,2026-08-01 18:00:00,True,0.028297319121092023,1,True,HIGH,TOP_15_PERCENT_DAILY_COHORT,SUCCESS,reservation-no-show-v1.0,reservation-no-show-feature-v1.0,29,5
RES-e676598fb322aab1d063a3a4b82af819,2026-08-18 18:00:00,True,0.007796141406232919,20,False,LOW,TOP_15_PERCENT_DAILY_COHORT,SUCCESS,reservation-no-show-v1.0,reservation-no-show-feature-v1.0,29,5
RES-fa6971a5fed967ded41c81f1c8c0bab8,2026-09-04 18:00:00,True,0.005511167891251101,12,False,LOW,TOP_15_PERCENT_DAILY_COHORT,SUCCESS,reservation-no-show-v1.0,reservation-no-show-feature-v1.0,29,5
RES-9b3d3ce64dbb1b6406178b6d3cd1fea3,2026-09-21 18:00:00,True,0.017722766010531257,5,True,HIGH,TOP_15_PERCENT_DAILY_COHORT,SUCCESS,reservation-no-show-v1.0,reservation-no-show-feature-v1.0,29,5
RES-1cafc4833f359851b8a307537f85dc64,2026-10-08 18:00:00,True,0.005689262470340623,28,False,LOW,TOP_15_PERCENT_DAILY_COHORT,SUCCESS,reservation-no-show-v1.0,reservation-no-show-feature-v1.0,29,5
RES-72d32ce516806c8858718d13711692ff,2026-10-25 18:00:00,True,0.007488550595835813,22,False,LOW,TOP_15_PERCENT_DAILY_COHORT,SUCCESS,reservation-no-show-v1.0,reservation-no-show-feature-v1.0,29,5
RES-26b3a3fc6194f36a942f90052039e01f,2026-07-31 18:00:00,True,0.006685204364321288,10,False,LOW,TOP_15_PERCENT_DAILY_COHORT,SUCCESS,reservation-no-show-v1.0,reservation-no-show-feature-v1.0,29,5
RES-e2ca05762c00deca35b020d55f393956,2026-08-17 18:00:00,True,0.02169988953875049,5,True,HIGH,TOP_15_PERCENT_DAILY_COHORT,SUCCESS,reservation-no-show-v1.0,reservation-no-show-feature-v1.0,29,5
RES-f1ff65680231f6a9b9de1d81a7a4d951,2026-09-03 18:00:00,True,0.007583326547520762,19,False,LOW,TOP_15_PERCENT_DAILY_COHORT,SUCCESS,reservation-no-show-v1.0,reservation-no-show-feature-v1.0,29,5
RES-23c030e5e29d23fa7fa45a441553d538,2026-09-20 18:00:00,True,0.00509249079985734,17,False,LOW,TOP_15_PERCENT_DAILY_COHORT,SUCCESS,reservation-no-show-v1.0,reservation-no-show-feature-v1.0,29,5
RES-089c8e1d53f9e986f262723793a21489,2026-10-07 18:00:00,True,0.015683889916764133,7,False,LOW,TOP_15_PERCENT_DAILY_COHORT,SUCCESS,reservation-no-show-v1.0,reservation-no-show-feature-v1.0,29,5
RES-f4f610fb8455a35de1fbddc110d254d9,2026-10-24 18:00:00,True,0.007734993499949521,13,False,LOW,TOP_15_PERCENT_DAILY_COHORT,SUCCESS,reservation-no-show-v1.0,reservation-no-show-feature-v1.0,29,5
RES-01442f3fc029c303a6882299c3ac90b7,2026-11-10 18:00:00,True,0.006619113221899579,26,False,LOW,TOP_15_PERCENT_DAILY_COHORT,SUCCESS,reservation-no-show-v1.0,reservation-no-show-feature-v1.0,29,5
RES-3e03cb864dcceb92b2782e4e7036ef1e,2026-11-27 18:00:00,True,0.01930338160568173,2,True,HIGH,TOP_15_PERCENT_DAILY_COHORT,SUCCESS,reservation-no-show-v1.0,reservation-no-show-feature-v1.0,29,5
RES-6fb3b513fbb68e8c5d58e0900b41c3cf,2026-12-14 18:00:00,True,0.00479108220866379,22,False,LOW,TOP_15_PERCENT_DAILY_COHORT,SUCCESS,reservation-no-show-v1.0,reservation-no-show-feature-v1.0,29,5
RES-f2a0af4171413362bdac30cfc7db3d26,2026-07-30 18:00:00,True,0.003879412343359472,26,False,LOW,TOP_15_PERCENT_DAILY_COHORT,SUCCESS,reservation-no-show-v1.0,reservation-no-show-feature-v1.0,29,5
RES-416766ffe3821a8558d7607e14878f02,2026-08-16 18:00:00,True,0.004633606442186502,25,False,LOW,TOP_15_PERCENT_DAILY_COHORT,SUCCESS,reservation-no-show-v1.0,reservation-no-show-feature-v1.0,29,5
RES-4ab2d1f8050329c7713d2a5c7965872f,2026-09-02 18:00:00,True,0.02799849540053153,1,True,HIGH,TOP_15_PERCENT_DAILY_COHORT,SUCCESS,reservation-no-show-v1.0,reservation-no-show-feature-v1.0,29,5
RES-4514a1e873437d97f7e01bd3d68cde86,2026-09-19 18:00:00,True,0.007029748875297675,22,False,LOW,TOP_15_PERCENT_DAILY_COHORT,SUCCESS,reservation-no-show-v1.0,reservation-no-show-feature-v1.0,29,5
RES-583f0397ed5cc996e7fb2be1c2a8a00e,2026-10-06 18:00:00,True,0.004953110309926573,19,False,LOW,TOP_15_PERCENT_DAILY_COHORT,SUCCESS,reservation-no-show-v1.0,reservation-no-show-feature-v1.0,29,5
RES-3e5a849ee6ce860867df921033d07f27,2026-10-23 18:00:00,True,0.02124667043031314,2,True,HIGH,TOP_15_PERCENT_DAILY_COHORT,SUCCESS,reservation-no-show-v1.0,reservation-no-show-feature-v1.0,29,5
RES-56d30d3bdb245705d715c4b4c611d8f0,2026-11-09 18:00:00,True,0.005883619643844494,27,False,LOW,TOP_15_PERCENT_DAILY_COHORT,SUCCESS,reservation-no-show-v1.0,reservation-no-show-feature-v1.0,29,5
RES-ce29136462fd3ee72f9651217758c132,2026-11-26 18:00:00,True,0.0071078228887679834,19,False,LOW,TOP_15_PERCENT_DAILY_COHORT,SUCCESS,reservation-no-show-v1.0,reservation-no-show-feature-v1.0,29,5
RES-9ffe6f8497feff1489ac123aa2e21a1f,2026-12-13 18:00:00,True,0.013389196796655603,8,False,LOW,TOP_15_PERCENT_DAILY_COHORT,SUCCESS,reservation-no-show-v1.0,reservation-no-show-feature-v1.0,29,5
RES-2d4626de09c3382cb2e1abf828bb1de1,2026-07-29 18:00:00,True,0.0211840146644854,9,False,LOW,TOP_15_PERCENT_DAILY_COHORT,SUCCESS,reservation-no-show-v1.0,reservation-no-show-feature-v1.0,29,5
RES-cfff58438759c5a8330e0134bf696cb1,2026-08-15 18:00:00,True,0.003944953881279764,27,False,LOW,TOP_15_PERCENT_DAILY_COHORT,SUCCESS,reservation-no-show-v1.0,reservation-no-show-feature-v1.0,29,5
RES-b1bd682533ea3216ee6a7f322f2d2dc2,2026-09-01 18:00:00,True,0.004960535109493708,20,False,LOW,TOP_15_PERCENT_DAILY_COHORT,SUCCESS,reservation-no-show-v1.0,reservation-no-show-feature-v1.0,29,5
RES-4c1295110753b5bedb77fcd2f3d4ba02,2026-09-18 18:00:00,True,0.025993658496001635,2,True,HIGH,TOP_15_PERCENT_DAILY_COHORT,SUCCESS,reservation-no-show-v1.0,reservation-no-show-feature-v1.0,29,5
RES-ce5737f4fd2cd6600102d8c990b4ec28,2026-10-05 18:00:00,True,0.0071263649689681605,22,False,LOW,TOP_15_PERCENT_DAILY_COHORT,SUCCESS,reservation-no-show-v1.0,reservation-no-show-feature-v1.0,29,5
RES-3fb6511868db2191761e2271b8ced93d,2026-10-22 18:00:00,True,0.004832988715688793,13,False,LOW,TOP_15_PERCENT_DAILY_COHORT,SUCCESS,reservation-no-show-v1.0,reservation-no-show-feature-v1.0,29,5
RES-fe23e83a63c2d4fd8f1cd6596dc618d5,2026-11-08 18:00:00,True,0.01474605171519683,9,False,LOW,TOP_15_PERCENT_DAILY_COHORT,SUCCESS,reservation-no-show-v1.0,reservation-no-show-feature-v1.0,29,5
RES-23bc3fade510efde26ef72d59757af77,2026-11-25 18:00:00,True,0.006318370935372038,25,False,LOW,TOP_15_PERCENT_DAILY_COHORT,SUCCESS,reservation-no-show-v1.0,reservation-no-show-feature-v1.0,29,5
RES-919a7eaea0e477eafc2002157a4f2309,2026-12-12 18:00:00,True,0.006567683463559453,23,False,LOW,TOP_15_PERCENT_DAILY_COHORT,SUCCESS,reservation-no-show-v1.0,reservation-no-show-feature-v1.0,29,5
RES-ad56e5531a52e2bd754e6fe648934e7d,2026-07-28 18:00:00,True,0.008143645699035598,13,False,LOW,TOP_15_PERCENT_DAILY_COHORT,SUCCESS,reservation-no-show-v1.0,reservation-no-show-feature-v1.0,29,5
RES-b6ee0b219a7609cf6c5980a9a9b6b1b7,2026-08-14 18:00:00,True,0.025995782813995616,2,True,HIGH,TOP_15_PERCENT_DAILY_COHORT,SUCCESS,reservation-no-show-v1.0,reservation-no-show-feature-v1.0,29,5
RES-9c8b4c40c2bed13465660e30ff1278f3,2026-08-31 18:00:00,True,0.0039993436534902895,26,False,LOW,TOP_15_PERCENT_DAILY_COHORT,SUCCESS,reservation-no-show-v1.0,reservation-no-show-feature-v1.0,29,5
RES-53a4f05794e86cdfed652f22ef5a12de,2026-09-17 18:00:00,True,0.005863405406767511,11,False,LOW,TOP_15_PERCENT_DAILY_COHORT,SUCCESS,reservation-no-show-v1.0,reservation-no-show-feature-v1.0,29,5
RES-cdf4706002ea17990d9b16cfcd62bc46,2026-10-04 18:00:00,True,0.026343997619689363,4,True,HIGH,TOP_15_PERCENT_DAILY_COHORT,SUCCESS,reservation-no-show-v1.0,reservation-no-show-feature-v1.0,29,5
RES-fd6c679816eaf0791d25334eb5ca29fa,2026-10-21 18:00:00,True,0.008420103613710974,12,False,LOW,TOP_15_PERCENT_DAILY_COHORT,SUCCESS,reservation-no-show-v1.0,reservation-no-show-feature-v1.0,29,5
RES-7a62c8eca961c01464424999b3080ae6,2026-11-07 18:00:00,True,0.004056288931689668,23,False,LOW,TOP_15_PERCENT_DAILY_COHORT,SUCCESS,reservation-no-show-v1.0,reservation-no-show-feature-v1.0,29,5
RES-559f86a3cbd6c460a242257680014a77,2026-11-24 18:00:00,True,0.015825239464500353,6,False,LOW,TOP_15_PERCENT_DAILY_COHORT,SUCCESS,reservation-no-show-v1.0,reservation-no-show-feature-v1.0,29,5
RES-191012ddde06ab254b97110e7f1d763e,2026-12-11 18:00:00,True,0.00707043292227636,23,False,LOW,TOP_15_PERCENT_DAILY_COHORT,SUCCESS,reservation-no-show-v1.0,reservation-no-show-feature-v1.0,29,5
RES-ecb277b6650e75694650e2eeb00f52fb,2026-08-13 18:00:00,True,0.007198701977023097,13,False,LOW,TOP_15_PERCENT_DAILY_COHORT,SUCCESS,reservation-no-show-v1.0,reservation-no-show-feature-v1.0,29,5
RES-283174538156ea01c0430e34880ca198,2026-08-30 18:00:00,True,0.029025777422639624,2,True,HIGH,TOP_15_PERCENT_DAILY_COHORT,SUCCESS,reservation-no-show-v1.0,reservation-no-show-feature-v1.0,29,5
RES-b019135a82cbcac2e77b773283b93b9c,2026-09-16 18:00:00,True,0.004366229819953536,23,False,LOW,TOP_15_PERCENT_DAILY_COHORT,SUCCESS,reservation-no-show-v1.0,reservation-no-show-feature-v1.0,29,5
RES-c97a6addf7c4a998c620ff168943867a,2026-10-03 18:00:00,True,0.005417316099220333,14,False,LOW,TOP_15_PERCENT_DAILY_COHORT,SUCCESS,reservation-no-show-v1.0,reservation-no-show-feature-v1.0,29,5
RES-2a3b448ec1cc930c57a9e7838dba8c98,2026-10-20 18:00:00,True,0.025718517885886694,1,True,HIGH,TOP_15_PERCENT_DAILY_COHORT,SUCCESS,reservation-no-show-v1.0,reservation-no-show-feature-v1.0,29,5
RES-41c3ec4a626dbce72c67b8a17c6833f7,2026-11-06 18:00:00,True,0.0064253878134582325,27,False,LOW,TOP_15_PERCENT_DAILY_COHORT,SUCCESS,reservation-no-show-v1.0,reservation-no-show-feature-v1.0,29,5
RES-2f334f53e8718e7c35fa87627749aef2,2026-11-23 18:00:00,True,0.005501266764723467,11,False,LOW,TOP_15_PERCENT_DAILY_COHORT,SUCCESS,reservation-no-show-v1.0,reservation-no-show-feature-v1.0,29,5
RES-a71be416709dd216c1714c556340df89,2026-12-10 18:00:00,True,0.016928375331782826,5,True,HIGH,TOP_15_PERCENT_DAILY_COHORT,SUCCESS,reservation-no-show-v1.0,reservation-no-show-feature-v1.0,29,5
RES-52ed89bf26487fa5ffa8656e49dc69c8,2026-08-12 18:00:00,True,0.00473518725221237,19,False,LOW,TOP_15_PERCENT_DAILY_COHORT,SUCCESS,reservation-no-show-v1.0,reservation-no-show-feature-v1.0,29,5
RES-5bb00c6fcfc76ccc3885c1fc9c439a70,2026-08-29 18:00:00,True,0.007343344905052837,14,False,LOW,TOP_15_PERCENT_DAILY_COHORT,SUCCESS,reservation-no-show-v1.0,reservation-no-show-feature-v1.0,29,5
RES-a10e67d0c619c1d56459b29ee296f47d,2026-09-15 18:00:00,True,0.025720620311941077,2,True,HIGH,TOP_15_PERCENT_DAILY_COHORT,SUCCESS,reservation-no-show-v1.0,reservation-no-show-feature-v1.0,29,5
RES-e33bb6c7bdb340563f290d636670e43c,2026-10-02 18:00:00,True,0.0043680037802880595,22,False,LOW,TOP_15_PERCENT_DAILY_COHORT,SUCCESS,reservation-no-show-v1.0,reservation-no-show-feature-v1.0,29,5
RES-cf70e3b1cf656eb3159470f7380f268f,2026-10-19 18:00:00,True,0.005005732932892935,16,False,LOW,TOP_15_PERCENT_DAILY_COHORT,SUCCESS,reservation-no-show-v1.0,reservation-no-show-feature-v1.0,29,5
RES-e40df171ad711cbb088d1513fbf962d9,2026-11-05 18:00:00,True,0.022781121727987498,5,True,HIGH,TOP_15_PERCENT_DAILY_COHORT,SUCCESS,reservation-no-show-v1.0,reservation-no-show-feature-v1.0,29,5
RES-b44587070a7158e35b5fd91c7103f2d8,2026-11-22 18:00:00,True,0.007191154093748242,24,False,LOW,TOP_15_PERCENT_DAILY_COHORT,SUCCESS,reservation-no-show-v1.0,reservation-no-show-feature-v1.0,29,5
RES-4edee0fcdc852e97ebfc9816c7c5f3de,2026-12-09 18:00:00,True,0.004012396903010987,24,False,LOW,TOP_15_PERCENT_DAILY_COHORT,SUCCESS,reservation-no-show-v1.0,reservation-no-show-feature-v1.0,29,5
RES-c2b5eab3dafaee7e14ec901a1ffb7e7d,2026-08-11 18:00:00,True,0.01600337911271703,2,True,HIGH,TOP_15_PERCENT_DAILY_COHORT,SUCCESS,reservation-no-show-v1.0,reservation-no-show-feature-v1.0,29,5
RES-5c8c835d099a7b4fc81906363907f590,2026-08-28 18:00:00,True,0.004830571824251446,25,False,LOW,TOP_15_PERCENT_DAILY_COHORT,SUCCESS,reservation-no-show-v1.0,reservation-no-show-feature-v1.0,29,5
RES-3d2979048e55336e303abbfb213ce725,2026-09-14 18:00:00,True,0.006764759399379851,21,False,LOW,TOP_15_PERCENT_DAILY_COHORT,SUCCESS,reservation-no-show-v1.0,reservation-no-show-feature-v1.0,29,5
RES-a1c67c59558cdbc00cf2a47143a9bdcf,2026-10-01 18:00:00,True,0.020732697269896978,8,False,LOW,TOP_15_PERCENT_DAILY_COHORT,SUCCESS,reservation-no-show-v1.0,reservation-no-show-feature-v1.0,29,5
RES-d9a91fbe2ff2cba269036a0f7fa8875a,2026-10-18 18:00:00,True,0.005381950962394972,14,False,LOW,TOP_15_PERCENT_DAILY_COHORT,SUCCESS,reservation-no-show-v1.0,reservation-no-show-feature-v1.0,29,5
RES-8fcb13ee81bd1246555b2b4b4a471171,2026-11-04 18:00:00,True,0.007143010236181847,10,False,LOW,TOP_15_PERCENT_DAILY_COHORT,SUCCESS,reservation-no-show-v1.0,reservation-no-show-feature-v1.0,29,5
RES-ee0d3ef18f68306ad58965228811ba16,2026-11-21 18:00:00,True,0.021141749852325555,7,False,LOW,TOP_15_PERCENT_DAILY_COHORT,SUCCESS,reservation-no-show-v1.0,reservation-no-show-feature-v1.0,29,5
RES-56858390bf941d0990e84fb9df05b19f,2026-12-08 18:00:00,True,0.008469470147574171,13,False,LOW,TOP_15_PERCENT_DAILY_COHORT,SUCCESS,reservation-no-show-v1.0,reservation-no-show-feature-v1.0,29,5
RES-35adb05dddce32855e3bad7b00d38694,2026-08-10 18:00:00,True,0.007444858679592546,20,False,LOW,TOP_15_PERCENT_DAILY_COHORT,SUCCESS,reservation-no-show-v1.0,reservation-no-show-feature-v1.0,30,5
RES-ea95e4ac6d8c8a6fcd9cf138f0f480d1,2026-08-27 18:00:00,True,0.015619475833008673,3,True,HIGH,TOP_15_PERCENT_DAILY_COHORT,SUCCESS,reservation-no-show-v1.0,reservation-no-show-feature-v1.0,30,5
RES-9b05a376ed6c675f60935a5e883b250f,2026-09-13 18:00:00,True,0.005390015119487846,17,False,LOW,TOP_15_PERCENT_DAILY_COHORT,SUCCESS,reservation-no-show-v1.0,reservation-no-show-feature-v1.0,30,5
RES-e65d4657a818799346a19ad1e34d5613,2026-09-30 18:00:00,True,0.0072409598033237104,12,False,LOW,TOP_15_PERCENT_DAILY_COHORT,SUCCESS,reservation-no-show-v1.0,reservation-no-show-feature-v1.0,30,5
RES-6c1c6f55a6fee75225cf0a977bd92077,2026-10-17 18:00:00,True,0.02803519169275149,1,True,HIGH,TOP_15_PERCENT_DAILY_COHORT,SUCCESS,reservation-no-show-v1.0,reservation-no-show-feature-v1.0,30,5
RES-8954f182fe481430e9a1b987b292f6ea,2026-11-03 18:00:00,True,0.0043207534009431555,22,False,LOW,TOP_15_PERCENT_DAILY_COHORT,SUCCESS,reservation-no-show-v1.0,reservation-no-show-feature-v1.0,30,5
RES-c7c1a9dd7faa52a262842522ff228698,2026-11-20 18:00:00,True,0.0045124014317006024,26,False,LOW,TOP_15_PERCENT_DAILY_COHORT,SUCCESS,reservation-no-show-v1.0,reservation-no-show-feature-v1.0,30,5
RES-1451d962d0682ddb1c8af63f1c21169a,2026-12-07 18:00:00,True,0.02354554600296092,2,True,HIGH,TOP_15_PERCENT_DAILY_COHORT,SUCCESS,reservation-no-show-v1.0,reservation-no-show-feature-v1.0,30,5
RES-0e41d8fcd3b325681e03aaf3026f70fe,2026-12-24 18:00:00,True,0.0068254424343003935,20,False,LOW,TOP_15_PERCENT_DAILY_COHORT,SUCCESS,reservation-no-show-v1.0,reservation-no-show-feature-v1.0,30,5
RES-5a8d4b51b4ad291de620e11cb03f03b0,2026-08-09 18:00:00,True,0.0088180785440515,13,False,LOW,TOP_15_PERCENT_DAILY_COHORT,SUCCESS,reservation-no-show-v1.0,reservation-no-show-feature-v1.0,29,5
RES-14fafa0a80fcef3fadab6da06ef5b76f,2026-08-26 18:00:00,True,0.007994045072485752,17,False,LOW,TOP_15_PERCENT_DAILY_COHORT,SUCCESS,reservation-no-show-v1.0,reservation-no-show-feature-v1.0,29,5
RES-95bcb13a74a8dbc85c9ce2ed0b50e1b1,2026-09-12 18:00:00,True,0.014441924975977098,4,True,HIGH,TOP_15_PERCENT_DAILY_COHORT,SUCCESS,reservation-no-show-v1.0,reservation-no-show-feature-v1.0,29,5
RES-ae777186405920456747a8c3f871c816,2026-09-29 18:00:00,True,0.0047783416828554035,26,False,LOW,TOP_15_PERCENT_DAILY_COHORT,SUCCESS,reservation-no-show-v1.0,reservation-no-show-feature-v1.0,29,5
RES-ef8acd6c7f572e6fcfede097094b2760,2026-10-16 18:00:00,True,0.006712205633283534,19,False,LOW,TOP_15_PERCENT_DAILY_COHORT,SUCCESS,reservation-no-show-v1.0,reservation-no-show-feature-v1.0,29,5
RES-b7ee7fa5e5385e250e93c0b0721a04d2,2026-11-02 18:00:00,True,0.03119778514627389,2,True,HIGH,TOP_15_PERCENT_DAILY_COHORT,SUCCESS,reservation-no-show-v1.0,reservation-no-show-feature-v1.0,29,5
RES-4b418d41313618b31e1f4b838d38d550,2026-11-19 18:00:00,True,0.0046405607581911056,18,False,LOW,TOP_15_PERCENT_DAILY_COHORT,SUCCESS,reservation-no-show-v1.0,reservation-no-show-feature-v1.0,29,5
RES-d30ef9db8ba62d89ec6a9200a25e5d39,2026-12-06 18:00:00,True,0.005035182879249471,20,False,LOW,TOP_15_PERCENT_DAILY_COHORT,SUCCESS,reservation-no-show-v1.0,reservation-no-show-feature-v1.0,29,5
RES-f83c0260309d7f02eaa64a45adec6f51,2026-12-23 18:00:00,True,0.019031237333167764,9,False,LOW,TOP_15_PERCENT_DAILY_COHORT,SUCCESS,reservation-no-show-v1.0,reservation-no-show-feature-v1.0,29,5
RES-e7a2f860f695b6f59cb78792b4be12c8,2026-08-08 18:00:00,True,0.015903743190169073,6,False,LOW,TOP_15_PERCENT_DAILY_COHORT,SUCCESS,reservation-no-show-v1.0,reservation-no-show-feature-v1.0,29,5
RES-bb3cf1e469de92a56c31e0619b3e7501,2026-08-25 18:00:00,True,0.005867990954556236,27,False,LOW,TOP_15_PERCENT_DAILY_COHORT,SUCCESS,reservation-no-show-v1.0,reservation-no-show-feature-v1.0,29,5
RES-48036742677d0cb42bf31eb9c4adc0ba,2026-09-11 18:00:00,True,0.00738706068358771,15,False,LOW,TOP_15_PERCENT_DAILY_COHORT,SUCCESS,reservation-no-show-v1.0,reservation-no-show-feature-v1.0,29,5
RES-aa5a6f95d0618397c3e5859e88fe59e2,2026-09-28 18:00:00,True,0.014685431888248586,4,True,HIGH,TOP_15_PERCENT_DAILY_COHORT,SUCCESS,reservation-no-show-v1.0,reservation-no-show-feature-v1.0,29,5
RES-668dfa57c85dba2e75dd11db6066e1c3,2026-10-15 18:00:00,True,0.005115429806024711,17,False,LOW,TOP_15_PERCENT_DAILY_COHORT,SUCCESS,reservation-no-show-v1.0,reservation-no-show-feature-v1.0,29,5
RES-5709beab12ee86507fbc8e4f920dbf4a,2026-11-01 18:00:00,True,0.00680448735455934,16,False,LOW,TOP_15_PERCENT_DAILY_COHORT,SUCCESS,reservation-no-show-v1.0,reservation-no-show-feature-v1.0,29,5
RES-b2e157dd1e6cd224c6beeb95096b4d98,2026-11-18 18:00:00,True,0.02525428325448298,3,True,HIGH,TOP_15_PERCENT_DAILY_COHORT,SUCCESS,reservation-no-show-v1.0,reservation-no-show-feature-v1.0,29,5
RES-c6ddc057d5eaed0ba8ff68afb2ca5a4c,2026-12-05 18:00:00,True,0.004287104568283302,25,False,LOW,TOP_15_PERCENT_DAILY_COHORT,SUCCESS,reservation-no-show-v1.0,reservation-no-show-feature-v1.0,29,5
RES-c8196e01c310b167fba1119749696bac,2026-12-22 18:00:00,True,0.005407582665948542,13,False,LOW,TOP_15_PERCENT_DAILY_COHORT,SUCCESS,reservation-no-show-v1.0,reservation-no-show-feature-v1.0,29,5
RES-7461d71ef1220013961fea69520ace0f,2026-08-07 18:00:00,True,0.0041461247882036275,27,False,LOW,TOP_15_PERCENT_DAILY_COHORT,SUCCESS,reservation-no-show-v1.0,reservation-no-show-feature-v1.0,29,5
RES-a4279aa4e808403cdd977fd15d367e1e,2026-08-24 18:00:00,True,0.014707229978560003,10,False,LOW,TOP_15_PERCENT_DAILY_COHORT,SUCCESS,reservation-no-show-v1.0,reservation-no-show-feature-v1.0,29,5
RES-48ebeaa72a9c043e2a1fb51f3de97e07,2026-09-10 18:00:00,True,0.006281463217633407,22,False,LOW,TOP_15_PERCENT_DAILY_COHORT,SUCCESS,reservation-no-show-v1.0,reservation-no-show-feature-v1.0,29,5
RES-0a181922638eafdbd611ef238e4830a8,2026-09-27 18:00:00,True,0.01000664279013607,11,False,LOW,TOP_15_PERCENT_DAILY_COHORT,SUCCESS,reservation-no-show-v1.0,reservation-no-show-feature-v1.0,29,5
RES-13113ae26f6fe02265fefaeddc222b89,2026-10-14 18:00:00,True,0.01428726487439948,3,True,HIGH,TOP_15_PERCENT_DAILY_COHORT,SUCCESS,reservation-no-show-v1.0,reservation-no-show-feature-v1.0,29,5
RES-0541d1525fcbf51a679b06da9ea0d634,2026-10-31 18:00:00,True,0.005201744451129546,14,False,LOW,TOP_15_PERCENT_DAILY_COHORT,SUCCESS,reservation-no-show-v1.0,reservation-no-show-feature-v1.0,29,5
RES-015b6a01d6beaae34784f58b01ddab50,2026-11-17 18:00:00,True,0.007306783096361508,14,False,LOW,TOP_15_PERCENT_DAILY_COHORT,SUCCESS,reservation-no-show-v1.0,reservation-no-show-feature-v1.0,29,5
RES-49cfc857cdcc9c8e895c43ae70a1c607,2026-12-04 18:00:00,True,0.02336760793405597,6,False,LOW,TOP_15_PERCENT_DAILY_COHORT,SUCCESS,reservation-no-show-v1.0,reservation-no-show-feature-v1.0,29,5
RES-f03af1299849928868b62d21b05d9ff5,2026-12-21 18:00:00,True,0.005282372204479151,12,False,LOW,TOP_15_PERCENT_DAILY_COHORT,SUCCESS,reservation-no-show-v1.0,reservation-no-show-feature-v1.0,29,5
RES-176cae105a0795af9e447e5a5461c707,2026-08-06 18:00:00,True,0.006913312211731343,23,False,LOW,TOP_15_PERCENT_DAILY_COHORT,SUCCESS,reservation-no-show-v1.0,reservation-no-show-feature-v1.0,29,5
RES-3a910bf61534eb834366064cdf5bb58a,2026-08-23 18:00:00,True,0.005622924302142299,14,False,LOW,TOP_15_PERCENT_DAILY_COHORT,SUCCESS,reservation-no-show-v1.0,reservation-no-show-feature-v1.0,29,5
RES-4c35db2440648a81636adb76773d8245,2026-09-09 18:00:00,True,0.015733678239092115,3,True,HIGH,TOP_15_PERCENT_DAILY_COHORT,SUCCESS,reservation-no-show-v1.0,reservation-no-show-feature-v1.0,29,5
RES-c3b2167e5ef9072253fad7983da4dc72,2026-09-26 18:00:00,True,0.007887133314152778,11,False,LOW,TOP_15_PERCENT_DAILY_COHORT,SUCCESS,reservation-no-show-v1.0,reservation-no-show-feature-v1.0,29,5
RES-dedb4ae434170d169a8b7723f55375a4,2026-10-13 18:00:00,True,0.008040933908569421,18,False,LOW,TOP_15_PERCENT_DAILY_COHORT,SUCCESS,reservation-no-show-v1.0,reservation-no-show-feature-v1.0,29,5
RES-c1d5ef7e79ed05797fb0a8a2ad336169,2026-10-30 18:00:00,True,0.019364433918172944,1,True,HIGH,TOP_15_PERCENT_DAILY_COHORT,SUCCESS,reservation-no-show-v1.0,reservation-no-show-feature-v1.0,29,5
RES-399a7cfb27301499c3a15933c4814bec,2026-11-16 18:00:00,True,0.006407982704933025,10,False,LOW,TOP_15_PERCENT_DAILY_COHORT,SUCCESS,reservation-no-show-v1.0,reservation-no-show-feature-v1.0,29,5
RES-2c3af0bdaf949c69f60d5643765939d4,2026-12-03 18:00:00,True,0.006458312011202863,22,False,LOW,TOP_15_PERCENT_DAILY_COHORT,SUCCESS,reservation-no-show-v1.0,reservation-no-show-feature-v1.0,29,5
RES-5d461683d415a2baa3e6603d923837ac,2026-12-20 18:00:00,True,0.031474481378531365,1,True,HIGH,TOP_15_PERCENT_DAILY_COHORT,SUCCESS,reservation-no-show-v1.0,reservation-no-show-feature-v1.0,29,5
RES-188799b7a0f3025a9a22c4929ed89ef6,2026-08-05 18:00:00,True,0.021182275002245534,6,False,LOW,TOP_15_PERCENT_DAILY_COHORT,SUCCESS,reservation-no-show-v1.0,reservation-no-show-feature-v1.0,29,5
RES-737eb64bf7dcd6725450c6dd6af96e1a,2026-08-22 18:00:00,True,0.007052261559730432,19,False,LOW,TOP_15_PERCENT_DAILY_COHORT,SUCCESS,reservation-no-show-v1.0,reservation-no-show-feature-v1.0,29,5
RES-b2438b40cc4306e24610fb8148e942d2,2026-09-08 18:00:00,True,0.004514427974013743,13,False,LOW,TOP_15_PERCENT_DAILY_COHORT,SUCCESS,reservation-no-show-v1.0,reservation-no-show-feature-v1.0,29,5
RES-6f2adb1796b54a40f37af58d96adfd92,2026-09-25 18:00:00,True,0.01764230966834298,3,True,HIGH,TOP_15_PERCENT_DAILY_COHORT,SUCCESS,reservation-no-show-v1.0,reservation-no-show-feature-v1.0,29,5
RES-b8531b45e04392652dc1fb99d9744650,2026-10-12 18:00:00,True,0.006495919044636758,21,False,LOW,TOP_15_PERCENT_DAILY_COHORT,SUCCESS,reservation-no-show-v1.0,reservation-no-show-feature-v1.0,29,5
RES-2b570725b1490ade408e3652bb7d34fb,2026-10-29 18:00:00,True,0.009499117264362,11,False,LOW,TOP_15_PERCENT_DAILY_COHORT,SUCCESS,reservation-no-show-v1.0,reservation-no-show-feature-v1.0,29,5
RES-8a724217872d576c3ca10b8ead23661b,2026-11-15 18:00:00,True,0.016241490837331566,4,True,HIGH,TOP_15_PERCENT_DAILY_COHORT,SUCCESS,reservation-no-show-v1.0,reservation-no-show-feature-v1.0,29,5
RES-73d3543b2830f5cc34cb5758f1b8789f,2026-12-02 18:00:00,True,0.004247087059715177,29,False,LOW,TOP_15_PERCENT_DAILY_COHORT,SUCCESS,reservation-no-show-v1.0,reservation-no-show-feature-v1.0,29,5
RES-9b6344671e41783ff595554354aae0a1,2026-12-19 18:00:00,True,0.006588177064711685,24,False,LOW,TOP_15_PERCENT_DAILY_COHORT,SUCCESS,reservation-no-show-v1.0,reservation-no-show-feature-v1.0,29,5
RES-289dfd6af2c6e635359a3917e5ace50a,2026-08-04 18:00:00,True,0.0054772997839289995,14,False,LOW,TOP_15_PERCENT_DAILY_COHORT,SUCCESS,reservation-no-show-v1.0,reservation-no-show-feature-v1.0,29,5
RES-f11d8e7c02cf6ff8ffc10af51a9207c4,2026-08-21 18:00:00,True,0.026075308059509247,1,True,HIGH,TOP_15_PERCENT_DAILY_COHORT,SUCCESS,reservation-no-show-v1.0,reservation-no-show-feature-v1.0,29,5
RES-08e434367d466dc6a097997db23d2847,2026-09-07 18:00:00,True,0.007866971534795753,16,False,LOW,TOP_15_PERCENT_DAILY_COHORT,SUCCESS,reservation-no-show-v1.0,reservation-no-show-feature-v1.0,29,5
RES-eeb33688d165b2eb08fb095ea9782059,2026-09-24 18:00:00,True,0.004848500653845805,18,False,LOW,TOP_15_PERCENT_DAILY_COHORT,SUCCESS,reservation-no-show-v1.0,reservation-no-show-feature-v1.0,29,5
RES-4bf0cb21c287c3e7ac437cffe10d5673,2026-10-11 18:00:00,True,0.019656212703316828,2,True,HIGH,TOP_15_PERCENT_DAILY_COHORT,SUCCESS,reservation-no-show-v1.0,reservation-no-show-feature-v1.0,29,5
RES-0339f1b01002ed1418b434c4742fc7c4,2026-10-28 18:00:00,True,0.0076760897686543,11,False,LOW,TOP_15_PERCENT_DAILY_COHORT,SUCCESS,reservation-no-show-v1.0,reservation-no-show-feature-v1.0,29,5
RES-ef483aed175a13bcfd6259c0113d6736,2026-11-14 18:00:00,True,0.007250653126618444,15,False,LOW,TOP_15_PERCENT_DAILY_COHORT,SUCCESS,reservation-no-show-v1.0,reservation-no-show-feature-v1.0,29,5
RES-2a29ccea4f59ea984e5652d2307ca530,2026-12-01 18:00:00,True,0.01580181090904134,2,True,HIGH,TOP_15_PERCENT_DAILY_COHORT,SUCCESS,reservation-no-show-v1.0,reservation-no-show-feature-v1.0,29,5
RES-bbc2178f0940e1f6881430736556decb,2026-12-18 18:00:00,True,0.004769047027331689,24,False,LOW,TOP_15_PERCENT_DAILY_COHORT,SUCCESS,reservation-no-show-v1.0,reservation-no-show-feature-v1.0,29,5
RES-1b5e533837e1f4d7693174801a5d2dc6,2026-08-03 18:00:00,True,0.004861177727302362,17,False,LOW,TOP_15_PERCENT_DAILY_COHORT,SUCCESS,reservation-no-show-v1.0,reservation-no-show-feature-v1.0,29,5
RES-a6915ce2f74375965d7e0596ad8bc607,2026-08-20 18:00:00,True,0.006473614841386174,13,False,LOW,TOP_15_PERCENT_DAILY_COHORT,SUCCESS,reservation-no-show-v1.0,reservation-no-show-feature-v1.0,29,5
RES-d6a04d5b8fb25ae41b81927396d7176a,2026-09-06 18:00:00,True,0.01992230833505809,9,False,LOW,TOP_15_PERCENT_DAILY_COHORT,SUCCESS,reservation-no-show-v1.0,reservation-no-show-feature-v1.0,29,5
RES-a8364703f3cfb4a6efe9fbc7d3a5f365,2026-09-23 18:00:00,True,0.0069761779835980035,21,False,LOW,TOP_15_PERCENT_DAILY_COHORT,SUCCESS,reservation-no-show-v1.0,reservation-no-show-feature-v1.0,29,5
RES-e9eed1a80dd659eb6a60cbbdcc40ff9d,2026-10-10 18:00:00,True,0.0054265626131848365,12,False,LOW,TOP_15_PERCENT_DAILY_COHORT,SUCCESS,reservation-no-show-v1.0,reservation-no-show-feature-v1.0,29,5
RES-8e870bf9aabac605b1c5c5505fa26731,2026-10-27 18:00:00,True,0.014437616153993034,10,False,LOW,TOP_15_PERCENT_DAILY_COHORT,SUCCESS,reservation-no-show-v1.0,reservation-no-show-feature-v1.0,29,5
RES-122dfb41e8e8cdef241836c722334c32,2026-11-13 18:00:00,True,0.00709307496616941,19,False,LOW,TOP_15_PERCENT_DAILY_COHORT,SUCCESS,reservation-no-show-v1.0,reservation-no-show-feature-v1.0,29,5
RES-d1f433a781eb0324c61dfa5bf7ea965b,2026-11-30 18:00:00,True,0.0066793217071180275,29,False,LOW,TOP_15_PERCENT_DAILY_COHORT,SUCCESS,reservation-no-show-v1.0,reservation-no-show-feature-v1.0,29,5
RES-773244af50c35a58f776604a061f1138,2026-12-17 18:00:00,True,0.015422667238948952,6,False,LOW,TOP_15_PERCENT_DAILY_COHORT,SUCCESS,reservation-no-show-v1.0,reservation-no-show-feature-v1.0,29,5
RES-da69caf50040cecf2c879fa5778414a4,2026-08-02 18:00:00,True,0.029025777422639624,1,True,HIGH,TOP_15_PERCENT_DAILY_COHORT,SUCCESS,reservation-no-show-v1.0,reservation-no-show-feature-v1.0,29,5
RES-4635bf3fad2c759f87bf25ca63adf375,2026-08-19 18:00:00,True,0.004309258165791185,21,False,LOW,TOP_15_PERCENT_DAILY_COHORT,SUCCESS,reservation-no-show-v1.0,reservation-no-show-feature-v1.0,29,5
RES-491218cdb3a3dca0733c86e788d678d9,2026-09-05 18:00:00,True,0.005981379974476933,12,False,LOW,TOP_15_PERCENT_DAILY_COHORT,SUCCESS,reservation-no-show-v1.0,reservation-no-show-feature-v1.0,29,5
RES-a37d3a0633fa408330047aa13bb28f16,2026-09-22 18:00:00,True,0.023484110136070477,3,True,HIGH,TOP_15_PERCENT_DAILY_COHORT,SUCCESS,reservation-no-show-v1.0,reservation-no-show-feature-v1.0,29,5
RES-2188cc33021f1d2b620210a28d7ec2de,2026-10-09 18:00:00,True,0.006445977603261389,26,False,LOW,TOP_15_PERCENT_DAILY_COHORT,SUCCESS,reservation-no-show-v1.0,reservation-no-show-feature-v1.0,29,5
RES-ac4f2e3773e3e57ebc9d99bd51382a1b,2026-10-26 18:00:00,True,0.004138665833421162,25,False,LOW,TOP_15_PERCENT_DAILY_COHORT,SUCCESS,reservation-no-show-v1.0,reservation-no-show-feature-v1.0,29,5
RES-fd5f6e8785c24cc7b3a1e3c1d17c3082,2026-11-12 18:00:00,True,0.01544554247895215,7,False,LOW,TOP_15_PERCENT_DAILY_COHORT,SUCCESS,reservation-no-show-v1.0,reservation-no-show-feature-v1.0,29,5
RES-0cee44236e08ebd0229870eb5d30daa4,2026-11-29 18:00:00,True,0.005956212677704646,24,False,LOW,TOP_15_PERCENT_DAILY_COHORT,SUCCESS,reservation-no-show-v1.0,reservation-no-show-feature-v1.0,29,5
RES-32ca82a691d507cbc78d3150ffda94a1,2026-12-16 18:00:00,True,0.007892548103138754,15,False,LOW,TOP_15_PERCENT_DAILY_COHORT,SUCCESS,reservation-no-show-v1.0,reservation-no-show-feature-v1.0,29,5
RES-5c4615ef65e959f94d6b731f71a816bc,2026-08-01 18:00:00,True,0.008080466850912505,12,False,LOW,TOP_15_PERCENT_DAILY_COHORT,SUCCESS,reservation-no-show-v1.0,reservation-no-show-feature-v1.0,29,5
RES-32335b07b731ec97808cc1abd4c824c1,2026-08-18 18:00:00,True,0.02137385718716621,9,False,LOW,TOP_15_PERCENT_DAILY_COHORT,SUCCESS,reservation-no-show-v1.0,reservation-no-show-feature-v1.0,29,5
RES-3a408198f5ebc263437b2d04254b352e,2026-09-04 18:00:00,True,0.005308858404057486,13,False,LOW,TOP_15_PERCENT_DAILY_COHORT,SUCCESS,reservation-no-show-v1.0,reservation-no-show-feature-v1.0,29,5
RES-ec2c618a2922d6a30e02079096143c0f,2026-09-21 18:00:00,True,0.006083113188911773,15,False,LOW,TOP_15_PERCENT_DAILY_COHORT,SUCCESS,reservation-no-show-v1.0,reservation-no-show-feature-v1.0,29,5
RES-740664ccb0d23b7d4846262352c6ba5a,2026-10-08 18:00:00,True,0.018921483556938783,8,False,LOW,TOP_15_PERCENT_DAILY_COHORT,SUCCESS,reservation-no-show-v1.0,reservation-no-show-feature-v1.0,29,5
RES-c746672c9bbb1143f69461aef4e46a26,2026-10-25 18:00:00,True,0.006555560728130974,27,False,LOW,TOP_15_PERCENT_DAILY_COHORT,SUCCESS,reservation-no-show-v1.0,reservation-no-show-feature-v1.0,29,5
RES-f9fb518e50101daf4c2a2f615600692d,2026-11-11 18:00:00,True,0.004877030098523355,15,False,LOW,TOP_15_PERCENT_DAILY_COHORT,SUCCESS,reservation-no-show-v1.0,reservation-no-show-feature-v1.0,29,5
RES-9565778f6e6901a6984413f2123ab498,2026-11-28 18:00:00,True,0.01731983560886393,4,True,HIGH,TOP_15_PERCENT_DAILY_COHORT,SUCCESS,reservation-no-show-v1.0,reservation-no-show-feature-v1.0,29,5
RES-977e87c1056a445e7def54685dcd981a,2026-12-15 18:00:00,True,0.007016554184591627,19,False,LOW,TOP_15_PERCENT_DAILY_COHORT,SUCCESS,reservation-no-show-v1.0,reservation-no-show-feature-v1.0,29,5
RES-802da8ae66c9b667cc35bd3fe3014ef2,2026-07-31 18:00:00,True,0.004830571824251446,26,False,LOW,TOP_15_PERCENT_DAILY_COHORT,SUCCESS,reservation-no-show-v1.0,reservation-no-show-feature-v1.0,29,5
RES-15b53721f0b7f7ef1897113eac1f5780,2026-08-17 18:00:00,True,0.0067864292581797355,19,False,LOW,TOP_15_PERCENT_DAILY_COHORT,SUCCESS,reservation-no-show-v1.0,reservation-no-show-feature-v1.0,29,5
RES-11997adc9663476efa9d9d3052657866,2026-09-03 18:00:00,True,0.027580496909223127,2,True,HIGH,TOP_15_PERCENT_DAILY_COHORT,SUCCESS,reservation-no-show-v1.0,reservation-no-show-feature-v1.0,29,5
RES-c6fed023809b1b33de7bae37825d109a,2026-09-20 18:00:00,True,0.005399215287902272,14,False,LOW,TOP_15_PERCENT_DAILY_COHORT,SUCCESS,reservation-no-show-v1.0,reservation-no-show-feature-v1.0,29,5
RES-ab6f7360ef46625a38cf69062a73306a,2026-10-07 18:00:00,True,0.004884341412324339,19,False,LOW,TOP_15_PERCENT_DAILY_COHORT,SUCCESS,reservation-no-show-v1.0,reservation-no-show-feature-v1.0,29,5
RES-0eb262cd2f661ade3a0dfc5cab9b0315,2026-10-24 18:00:00,True,0.02120849077480785,7,False,LOW,TOP_15_PERCENT_DAILY_COHORT,SUCCESS,reservation-no-show-v1.0,reservation-no-show-feature-v1.0,29,5
RES-21336193a1b5863d0d5b3d9eb95eb600,2026-11-10 18:00:00,True,0.007721771006744313,16,False,LOW,TOP_15_PERCENT_DAILY_COHORT,SUCCESS,reservation-no-show-v1.0,reservation-no-show-feature-v1.0,29,5
RES-adfe8c0b0b6eac9dc9e6b747507c9f5e,2026-11-27 18:00:00,True,0.004520110416969211,17,False,LOW,TOP_15_PERCENT_DAILY_COHORT,SUCCESS,reservation-no-show-v1.0,reservation-no-show-feature-v1.0,29,5
RES-0255f85c6aba79d22de9d19e3f7c435b,2026-12-14 18:00:00,True,0.021209102476793106,1,True,HIGH,TOP_15_PERCENT_DAILY_COHORT,SUCCESS,reservation-no-show-v1.0,reservation-no-show-feature-v1.0,29,5
RES-3f9180aafe04a4696a65f90da904955b,2026-07-30 18:00:00,True,0.014249633510947022,5,True,HIGH,TOP_15_PERCENT_DAILY_COHORT,SUCCESS,reservation-no-show-v1.0,reservation-no-show-feature-v1.0,29,5
RES-bd039600f15c03b76ab0704c2013d353,2026-08-16 18:00:00,True,0.005407305172717916,16,False,LOW,TOP_15_PERCENT_DAILY_COHORT,SUCCESS,reservation-no-show-v1.0,reservation-no-show-feature-v1.0,29,5
RES-1e951e5a858314e327e66aabfbf5ed17,2026-09-02 18:00:00,True,0.007264143939904476,16,False,LOW,TOP_15_PERCENT_DAILY_COHORT,SUCCESS,reservation-no-show-v1.0,reservation-no-show-feature-v1.0,29,5
RES-a520d0427b6e7032fcc60524ae9bb8eb,2026-09-19 18:00:00,True,0.023306625267654812,5,True,HIGH,TOP_15_PERCENT_DAILY_COHORT,SUCCESS,reservation-no-show-v1.0,reservation-no-show-feature-v1.0,29,5
RES-3d6fe47f28ea8f8b8f5408e49830600b,2026-10-06 18:00:00,True,0.006465607275440069,12,False,LOW,TOP_15_PERCENT_DAILY_COHORT,SUCCESS,reservation-no-show-v1.0,reservation-no-show-feature-v1.0,29,5
RES-0605925901e62cfb6a22113f0f9772df,2026-10-23 18:00:00,True,0.00452688909498692,25,False,LOW,TOP_15_PERCENT_DAILY_COHORT,SUCCESS,reservation-no-show-v1.0,reservation-no-show-feature-v1.0,29,5
RES-6f21f4c216068a22d3d3c986bc184749,2026-11-09 18:00:00,True,0.025947919532173718,1,True,HIGH,TOP_15_PERCENT_DAILY_COHORT,SUCCESS,reservation-no-show-v1.0,reservation-no-show-feature-v1.0,29,5
RES-19844714883b62a551b92123912e5b0a,2026-11-26 18:00:00,True,0.006847305341697887,24,False,LOW,TOP_15_PERCENT_DAILY_COHORT,SUCCESS,reservation-no-show-v1.0,reservation-no-show-feature-v1.0,29,5
RES-c2e1bbeacae853032b122f0855b74a48,2026-12-13 18:00:00,True,0.004582393492072169,19,False,LOW,TOP_15_PERCENT_DAILY_COHORT,SUCCESS,reservation-no-show-v1.0,reservation-no-show-feature-v1.0,29,5
RES-595966da3e388b447db4a10572810b3e,2026-07-29 18:00:00,True,0.007288008760661159,15,False,LOW,TOP_15_PERCENT_DAILY_COHORT,SUCCESS,reservation-no-show-v1.0,reservation-no-show-feature-v1.0,29,5
RES-dfbda4ee59c721755d145dc3dd4962fa,2026-08-15 18:00:00,True,0.013173972847617602,8,False,LOW,TOP_15_PERCENT_DAILY_COHORT,SUCCESS,reservation-no-show-v1.0,reservation-no-show-feature-v1.0,29,5
RES-f39b8e04068bd7f5fb11019f1f5e4762,2026-09-01 18:00:00,True,0.005259353822884355,18,False,LOW,TOP_15_PERCENT_DAILY_COHORT,SUCCESS,reservation-no-show-v1.0,reservation-no-show-feature-v1.0,29,5
RES-f71e6bc3242df942288c505dd12dcab9,2026-09-18 18:00:00,True,0.006733708285560988,18,False,LOW,TOP_15_PERCENT_DAILY_COHORT,SUCCESS,reservation-no-show-v1.0,reservation-no-show-feature-v1.0,29,5
RES-56af6f8861654da1b5e921655f57be39,2026-10-05 18:00:00,True,0.025950040211764846,6,False,LOW,TOP_15_PERCENT_DAILY_COHORT,SUCCESS,reservation-no-show-v1.0,reservation-no-show-feature-v1.0,29,5
RES-4bc4f8c48a0a62496c4fdf397025e4bc,2026-10-22 18:00:00,True,0.004229442351526366,22,False,LOW,TOP_15_PERCENT_DAILY_COHORT,SUCCESS,reservation-no-show-v1.0,reservation-no-show-feature-v1.0,29,5
RES-48f031cbf85af12b13179962a7376f41,2026-11-08 18:00:00,True,0.00505134048481035,20,False,LOW,TOP_15_PERCENT_DAILY_COHORT,SUCCESS,reservation-no-show-v1.0,reservation-no-show-feature-v1.0,29,5
RES-6ded328148438eae6da4db6965dbec8b,2026-11-25 18:00:00,True,0.01909144566978123,8,False,LOW,TOP_15_PERCENT_DAILY_COHORT,SUCCESS,reservation-no-show-v1.0,reservation-no-show-feature-v1.0,29,5
RES-727b3af2d2ff037337b8609835609530,2026-12-12 18:00:00,True,0.007661839802992357,15,False,LOW,TOP_15_PERCENT_DAILY_COHORT,SUCCESS,reservation-no-show-v1.0,reservation-no-show-feature-v1.0,29,5
RES-273e416997dc80a248aa2ce28188318e,2026-07-28 18:00:00,True,0.007845462924802886,15,False,LOW,TOP_15_PERCENT_DAILY_COHORT,SUCCESS,reservation-no-show-v1.0,reservation-no-show-feature-v1.0,29,5
RES-3c2cd0cbf9de3832b3b37d00ccef82de,2026-08-14 18:00:00,True,0.008154537503417244,15,False,LOW,TOP_15_PERCENT_DAILY_COHORT,SUCCESS,reservation-no-show-v1.0,reservation-no-show-feature-v1.0,29,5
RES-0fe16fe5f5f75fe3b7dd047bc145eb7e,2026-08-31 18:00:00,True,0.019514103183756036,1,True,HIGH,TOP_15_PERCENT_DAILY_COHORT,SUCCESS,reservation-no-show-v1.0,reservation-no-show-feature-v1.0,29,5
RES-c952b61a0896acd3329941fc990eda8f,2026-09-17 18:00:00,True,0.005131843591074755,18,False,LOW,TOP_15_PERCENT_DAILY_COHORT,SUCCESS,reservation-no-show-v1.0,reservation-no-show-feature-v1.0,29,5
RES-08500dbfab2b8d9c2d9513829de6d523,2026-10-04 18:00:00,True,0.006826283601063676,22,False,LOW,TOP_15_PERCENT_DAILY_COHORT,SUCCESS,reservation-no-show-v1.0,reservation-no-show-feature-v1.0,29,5
RES-446fc681b9f693b0b314841e3f929873,2026-10-21 18:00:00,True,0.02533367074836862,4,True,HIGH,TOP_15_PERCENT_DAILY_COHORT,SUCCESS,reservation-no-show-v1.0,reservation-no-show-feature-v1.0,29,5
RES-e728c2eaea47184bdf9de4d196fd9866,2026-11-07 18:00:00,True,0.006311595856344097,10,False,LOW,TOP_15_PERCENT_DAILY_COHORT,SUCCESS,reservation-no-show-v1.0,reservation-no-show-feature-v1.0,29,5
RES-4b31d80414de34cac653e9c230c22cdb,2026-11-24 18:00:00,True,0.005424928764864658,13,False,LOW,TOP_15_PERCENT_DAILY_COHORT,SUCCESS,reservation-no-show-v1.0,reservation-no-show-feature-v1.0,29,5
RES-320e1537a0db523a8d7b6f7ef79a5be1,2026-12-11 18:00:00,True,0.021331221869224707,5,True,HIGH,TOP_15_PERCENT_DAILY_COHORT,SUCCESS,reservation-no-show-v1.0,reservation-no-show-feature-v1.0,29,5
RES-32208d17e28c967f4ca1418873218967,2026-08-13 18:00:00,True,0.008397095518324833,11,False,LOW,TOP_15_PERCENT_DAILY_COHORT,SUCCESS,reservation-no-show-v1.0,reservation-no-show-feature-v1.0,29,5
RES-64f3a420053dceb172503a7f79455afd,2026-08-30 18:00:00,True,0.008292924107324443,13,False,LOW,TOP_15_PERCENT_DAILY_COHORT,SUCCESS,reservation-no-show-v1.0,reservation-no-show-feature-v1.0,29,5
RES-e39bb578fe489584fbaa65fe26972b97,2026-09-16 18:00:00,True,0.014332684184577713,9,False,LOW,TOP_15_PERCENT_DAILY_COHORT,SUCCESS,reservation-no-show-v1.0,reservation-no-show-feature-v1.0,29,5
RES-cfefdd939ac0b43bbb47ec319a2d0913,2026-10-03 18:00:00,True,0.005218433739676801,16,False,LOW,TOP_15_PERCENT_DAILY_COHORT,SUCCESS,reservation-no-show-v1.0,reservation-no-show-feature-v1.0,29,5
RES-5ce422df293d5dbf94162e343802e08b,2026-10-20 18:00:00,True,0.006661038378088759,20,False,LOW,TOP_15_PERCENT_DAILY_COHORT,SUCCESS,reservation-no-show-v1.0,reservation-no-show-feature-v1.0,29,5
RES-6ba84d5bdb601a8aa37e6d3e1cfd0dfc,2026-11-06 18:00:00,True,0.021332973497595442,9,False,LOW,TOP_15_PERCENT_DAILY_COHORT,SUCCESS,reservation-no-show-v1.0,reservation-no-show-feature-v1.0,29,5
RES-f53472562b8afc188c0d08a467a886a8,2026-11-23 18:00:00,True,0.003973772314583244,29,False,LOW,TOP_15_PERCENT_DAILY_COHORT,SUCCESS,reservation-no-show-v1.0,reservation-no-show-feature-v1.0,29,5
RES-5f5b635e8cbd7da45ba994c716f6b829,2026-12-10 18:00:00,True,0.0047939252258382406,22,False,LOW,TOP_15_PERCENT_DAILY_COHORT,SUCCESS,reservation-no-show-v1.0,reservation-no-show-feature-v1.0,29,5
RES-564c0363782f1cea0a88f8f5160bc701,2026-08-12 18:00:00,True,0.015783622079469175,6,False,LOW,TOP_15_PERCENT_DAILY_COHORT,SUCCESS,reservation-no-show-v1.0,reservation-no-show-feature-v1.0,29,5
RES-b0efa66df27e7ac9042507b94cfed9ca,2026-08-29 18:00:00,True,0.007074256456303361,17,False,LOW,TOP_15_PERCENT_DAILY_COHORT,SUCCESS,reservation-no-show-v1.0,reservation-no-show-feature-v1.0,29,5
RES-422a5ecda897042bf34c136afe77349d,2026-09-15 18:00:00,True,0.008875737271790606,12,False,LOW,TOP_15_PERCENT_DAILY_COHORT,SUCCESS,reservation-no-show-v1.0,reservation-no-show-feature-v1.0,29,5
RES-c930d82dea993a1a0947c15e8b190abe,2026-10-02 18:00:00,True,0.013250838556859238,5,True,HIGH,TOP_15_PERCENT_DAILY_COHORT,SUCCESS,reservation-no-show-v1.0,reservation-no-show-feature-v1.0,29,5
RES-40634e197f38b97116d72ff059a16622,2026-10-19 18:00:00,True,0.0043807091345260335,27,False,LOW,TOP_15_PERCENT_DAILY_COHORT,SUCCESS,reservation-no-show-v1.0,reservation-no-show-feature-v1.0,29,5
RES-bd9b222ef802fc18eeedff1e8bb77d0b,2026-11-05 18:00:00,True,0.007129989828092646,16,False,LOW,TOP_15_PERCENT_DAILY_COHORT,SUCCESS,reservation-no-show-v1.0,reservation-no-show-feature-v1.0,29,5
RES-392d5c8f51d6f78d3e764c6b9ef64618,2026-11-22 18:00:00,True,0.021690114029582954,6,False,LOW,TOP_15_PERCENT_DAILY_COHORT,SUCCESS,reservation-no-show-v1.0,reservation-no-show-feature-v1.0,29,5
RES-aaf7e3af2f348b9e587bfeb12d7b8680,2026-12-09 18:00:00,True,0.004682856861890625,16,False,LOW,TOP_15_PERCENT_DAILY_COHORT,SUCCESS,reservation-no-show-v1.0,reservation-no-show-feature-v1.0,29,5
RES-e7d598aef8c86a7573f26538621ce5cc,2026-08-11 18:00:00,True,0.00411443778244516,26,False,LOW,TOP_15_PERCENT_DAILY_COHORT,SUCCESS,reservation-no-show-v1.0,reservation-no-show-feature-v1.0,29,5
RES-654821ffb81ad6c5b4440a845c635ab4,2026-08-28 18:00:00,True,0.01769820318835518,4,True,HIGH,TOP_15_PERCENT_DAILY_COHORT,SUCCESS,reservation-no-show-v1.0,reservation-no-show-feature-v1.0,29,5
RES-fd1105ba835162251a5412a488bde710,2026-09-14 18:00:00,True,0.008683150131600165,10,False,LOW,TOP_15_PERCENT_DAILY_COHORT,SUCCESS,reservation-no-show-v1.0,reservation-no-show-feature-v1.0,29,5
RES-30231fc67586684e81c88056a5a0d2c3,2026-10-01 18:00:00,True,0.00863370862460166,12,False,LOW,TOP_15_PERCENT_DAILY_COHORT,SUCCESS,reservation-no-show-v1.0,reservation-no-show-feature-v1.0,29,5
RES-8335c40700a891f6fe9c3013f0bb7af6,2026-10-18 18:00:00,True,0.019689281667412902,1,True,HIGH,TOP_15_PERCENT_DAILY_COHORT,SUCCESS,reservation-no-show-v1.0,reservation-no-show-feature-v1.0,29,5
RES-1d109eae33b3985bc3924bfd1518a19e,2026-11-04 18:00:00,True,0.004689878456176675,21,False,LOW,TOP_15_PERCENT_DAILY_COHORT,SUCCESS,reservation-no-show-v1.0,reservation-no-show-feature-v1.0,29,5
RES-3aae0105327e403fbd31d98ea7083f09,2026-11-21 18:00:00,True,0.006609285033389329,24,False,LOW,TOP_15_PERCENT_DAILY_COHORT,SUCCESS,reservation-no-show-v1.0,reservation-no-show-feature-v1.0,29,5
RES-8df63effd777f731165fa5bf691125d4,2026-12-08 18:00:00,True,0.023192440783025823,5,True,HIGH,TOP_15_PERCENT_DAILY_COHORT,SUCCESS,reservation-no-show-v1.0,reservation-no-show-feature-v1.0,29,5
RES-197dca345abb2058ecd200081c9d96e9,2026-08-10 18:00:00,True,0.007172077251501871,24,False,LOW,TOP_15_PERCENT_DAILY_COHORT,SUCCESS,reservation-no-show-v1.0,reservation-no-show-feature-v1.0,30,5
RES-aed86ce03f4eb6a4c8071f4a0b54d0ea,2026-08-27 18:00:00,True,0.005353656913027101,12,False,LOW,TOP_15_PERCENT_DAILY_COHORT,SUCCESS,reservation-no-show-v1.0,reservation-no-show-feature-v1.0,30,5
RES-af33bf54804eaae9ad8b29cc1e91915d,2026-09-13 18:00:00,True,0.014839910175626417,9,False,LOW,TOP_15_PERCENT_DAILY_COHORT,SUCCESS,reservation-no-show-v1.0,reservation-no-show-feature-v1.0,30,5
RES-2d5827ecf21f334a0598bd2128be8b84,2026-09-30 18:00:00,True,0.006338619983432935,26,False,LOW,TOP_15_PERCENT_DAILY_COHORT,SUCCESS,reservation-no-show-v1.0,reservation-no-show-feature-v1.0,30,5
RES-7a5268e59cbe8c307c32e402b7ca3f20,2026-10-17 18:00:00,True,0.008806929247841233,12,False,LOW,TOP_15_PERCENT_DAILY_COHORT,SUCCESS,reservation-no-show-v1.0,reservation-no-show-feature-v1.0,30,5
RES-b3585f7dfd4ae59124419728b70c1b83,2026-11-03 18:00:00,True,0.014416211820820079,6,False,LOW,TOP_15_PERCENT_DAILY_COHORT,SUCCESS,reservation-no-show-v1.0,reservation-no-show-feature-v1.0,30,5
RES-96eb2be6c506cc7fa87eb6ef99cadb38,2026-11-20 18:00:00,True,0.005795782280724666,12,False,LOW,TOP_15_PERCENT_DAILY_COHORT,SUCCESS,reservation-no-show-v1.0,reservation-no-show-feature-v1.0,30,5
RES-f60da8d654a09c74f818f81ea37bfa48,2026-12-07 18:00:00,True,0.0060881817144227525,27,False,LOW,TOP_15_PERCENT_DAILY_COHORT,SUCCESS,reservation-no-show-v1.0,reservation-no-show-feature-v1.0,30,5
RES-69ecd7c37e7ebd3bf2817903ea3029e7,2026-12-24 18:00:00,True,0.02060234793038615,9,False,LOW,TOP_15_PERCENT_DAILY_COHORT,SUCCESS,reservation-no-show-v1.0,reservation-no-show-feature-v1.0,30,5
RES-703124fa3ca3f7968030fb01ce227bc8,2026-08-09 18:00:00,True,0.02650969062492615,1,True,HIGH,TOP_15_PERCENT_DAILY_COHORT,SUCCESS,reservation-no-show-v1.0,reservation-no-show-feature-v1.0,29,5
RES-656050ccf7f2192d190abdc0eb784bf0,2026-08-26 18:00:00,True,0.00770129745209144,21,False,LOW,TOP_15_PERCENT_DAILY_COHORT,SUCCESS,reservation-no-show-v1.0,reservation-no-show-feature-v1.0,29,5
RES-06803aea8c6686fd7271c8925e9eec94,2026-09-12 18:00:00,True,0.004946156442546486,16,False,LOW,TOP_15_PERCENT_DAILY_COHORT,SUCCESS,reservation-no-show-v1.0,reservation-no-show-feature-v1.0,29,5
RES-8b9a5d8d4895dc732e6af38970b2d23a,2026-09-29 18:00:00,True,0.015925855911051834,4,True,HIGH,TOP_15_PERCENT_DAILY_COHORT,SUCCESS,reservation-no-show-v1.0,reservation-no-show-feature-v1.0,29,5
RES-83d79caf8178657cd3e78d654993e0d8,2026-10-16 18:00:00,True,0.009634798383272752,12,False,LOW,TOP_15_PERCENT_DAILY_COHORT,SUCCESS,reservation-no-show-v1.0,reservation-no-show-feature-v1.0,29,5
RES-6119a99f4352e62c1774c112068e69b9,2026-11-02 18:00:00,True,0.007373814397542317,17,False,LOW,TOP_15_PERCENT_DAILY_COHORT,SUCCESS,reservation-no-show-v1.0,reservation-no-show-feature-v1.0,29,5
RES-72c894125a7d79445876b597c2ae71d4,2026-11-19 18:00:00,True,0.014069838507746003,3,True,HIGH,TOP_15_PERCENT_DAILY_COHORT,SUCCESS,reservation-no-show-v1.0,reservation-no-show-feature-v1.0,29,5
RES-a9278ea7d8a2125b3a2ac90c0d06a4fe,2026-12-06 18:00:00,True,0.006466283215160357,15,False,LOW,TOP_15_PERCENT_DAILY_COHORT,SUCCESS,reservation-no-show-v1.0,reservation-no-show-feature-v1.0,29,5
RES-c264b5133545f553196c773f9b3cbee8,2026-12-23 18:00:00,True,0.006537949058139997,17,False,LOW,TOP_15_PERCENT_DAILY_COHORT,SUCCESS,reservation-no-show-v1.0,reservation-no-show-feature-v1.0,29,5
RES-36cff4d8aa4f4bc1547f7e316782e071,2026-08-08 18:00:00,True,0.005452125835621262,16,False,LOW,TOP_15_PERCENT_DAILY_COHORT,SUCCESS,reservation-no-show-v1.0,reservation-no-show-feature-v1.0,29,5
RES-ca6b7083dd436b2869a27b591d4bddd7,2026-08-25 18:00:00,True,0.028424960770076665,1,True,HIGH,TOP_15_PERCENT_DAILY_COHORT,SUCCESS,reservation-no-show-v1.0,reservation-no-show-feature-v1.0,29,5
RES-df5d7f91a187966310246e5cd3e25ed5,2026-09-11 18:00:00,True,0.006466632942454984,25,False,LOW,TOP_15_PERCENT_DAILY_COHORT,SUCCESS,reservation-no-show-v1.0,reservation-no-show-feature-v1.0,29,5
RES-361d9e079ed46c9a8609a97161d7cd5f,2026-09-28 18:00:00,True,0.0050303713504333955,12,False,LOW,TOP_15_PERCENT_DAILY_COHORT,SUCCESS,reservation-no-show-v1.0,reservation-no-show-feature-v1.0,29,5
RES-0808e5da03220215b31b8a1114a2a078,2026-10-15 18:00:00,True,0.02058375481263479,1,True,HIGH,TOP_15_PERCENT_DAILY_COHORT,SUCCESS,reservation-no-show-v1.0,reservation-no-show-feature-v1.0,29,5
RES-c96ca90b0cdc369fbec6894c0feeedec,2026-11-01 18:00:00,True,0.005956212677704646,28,False,LOW,TOP_15_PERCENT_DAILY_COHORT,SUCCESS,reservation-no-show-v1.0,reservation-no-show-feature-v1.0,29,5
RES-96f1e4d846aae3589d4cccc3ec90e7d9,2026-11-18 18:00:00,True,0.007195411011047145,17,False,LOW,TOP_15_PERCENT_DAILY_COHORT,SUCCESS,reservation-no-show-v1.0,reservation-no-show-feature-v1.0,29,5
RES-c19056c868ac034578e0e39c1c6ae974,2026-12-05 18:00:00,True,0.017294233252978117,2,True,HIGH,TOP_15_PERCENT_DAILY_COHORT,SUCCESS,reservation-no-show-v1.0,reservation-no-show-feature-v1.0,29,5
RES-aeabe60997de0ef00de290a5fdd73252,2026-12-22 18:00:00,True,0.005209055772005182,17,False,LOW,TOP_15_PERCENT_DAILY_COHORT,SUCCESS,reservation-no-show-v1.0,reservation-no-show-feature-v1.0,29,5
RES-96645d8885edef9c6f5681d4c5d44bed,2026-08-07 18:00:00,True,0.004396100813071177,25,False,LOW,TOP_15_PERCENT_DAILY_COHORT,SUCCESS,reservation-no-show-v1.0,reservation-no-show-feature-v1.0,29,5
RES-c3cf883c25b005ec7bd4b159a62b0b9f,2026-08-24 18:00:00,True,0.005037911379287234,18,False,LOW,TOP_15_PERCENT_DAILY_COHORT,SUCCESS,reservation-no-show-v1.0,reservation-no-show-feature-v1.0,29,5
RES-1b56e7cea5deeaca3a5fddb2bbbd3f1e,2026-09-10 18:00:00,True,0.0208621398197145,7,False,LOW,TOP_15_PERCENT_DAILY_COHORT,SUCCESS,reservation-no-show-v1.0,reservation-no-show-feature-v1.0,29,5
RES-8eb6a0a60d9e7019d66bc6ccfaa46bd9,2026-09-27 18:00:00,True,0.007237278938730523,19,False,LOW,TOP_15_PERCENT_DAILY_COHORT,SUCCESS,reservation-no-show-v1.0,reservation-no-show-feature-v1.0,29,5
RES-48b4f62143470811272e6a592480e5a2,2026-10-14 18:00:00,True,0.004445055861232639,21,False,LOW,TOP_15_PERCENT_DAILY_COHORT,SUCCESS,reservation-no-show-v1.0,reservation-no-show-feature-v1.0,29,5
RES-de51eb4aa694f762219e700656cbcc64,2026-10-31 18:00:00,True,0.015753259205170216,5,True,HIGH,TOP_15_PERCENT_DAILY_COHORT,SUCCESS,reservation-no-show-v1.0,reservation-no-show-feature-v1.0,29,5
RES-b27a7789ee636037eed433aec5e6b2b5,2026-11-17 18:00:00,True,0.007039024912735068,20,False,LOW,TOP_15_PERCENT_DAILY_COHORT,SUCCESS,reservation-no-show-v1.0,reservation-no-show-feature-v1.0,29,5
RES-58254645846ff4a2a932e8687b3d503d,2026-12-04 18:00:00,True,0.007316563886527999,21,False,LOW,TOP_15_PERCENT_DAILY_COHORT,SUCCESS,reservation-no-show-v1.0,reservation-no-show-feature-v1.0,29,5
RES-ff85712b3c41a2dab4f143caf4a1df0b,2026-12-21 18:00:00,True,0.01599480725802493,2,True,HIGH,TOP_15_PERCENT_DAILY_COHORT,SUCCESS,reservation-no-show-v1.0,reservation-no-show-feature-v1.0,29,5
RES-07767a2c3961e907fbda8eac8f0a6f06,2026-08-06 18:00:00,True,0.027666989359099194,3,True,HIGH,TOP_15_PERCENT_DAILY_COHORT,SUCCESS,reservation-no-show-v1.0,reservation-no-show-feature-v1.0,29,5
RES-74267da681f5a37042bf01031c8f02db,2026-08-23 18:00:00,True,0.005416534692648628,15,False,LOW,TOP_15_PERCENT_DAILY_COHORT,SUCCESS,reservation-no-show-v1.0,reservation-no-show-feature-v1.0,29,5
RES-15e9d6d6de9dfd564d6b6abbcdba7ed9,2026-09-09 18:00:00,True,0.005393211616071198,14,False,LOW,TOP_15_PERCENT_DAILY_COHORT,SUCCESS,reservation-no-show-v1.0,reservation-no-show-feature-v1.0,29,5
RES-83481f1c43b7c2cd47ac2cc0c44809d4,2026-09-26 18:00:00,True,0.02127543780774278,8,False,LOW,TOP_15_PERCENT_DAILY_COHORT,SUCCESS,reservation-no-show-v1.0,reservation-no-show-feature-v1.0,29,5
RES-4df4c5c3c8278bdc9cc7b91b0bb107ec,2026-10-13 18:00:00,True,0.008523723856416218,17,False,LOW,TOP_15_PERCENT_DAILY_COHORT,SUCCESS,reservation-no-show-v1.0,reservation-no-show-feature-v1.0,29,5
RES-a879f71882c23ccfaf31a633642d188a,2026-10-30 18:00:00,True,0.00499122391215413,13,False,LOW,TOP_15_PERCENT_DAILY_COHORT,SUCCESS,reservation-no-show-v1.0,reservation-no-show-feature-v1.0,29,5
RES-9be38a94025ddf0d709dd1665e340018,2026-11-16 18:00:00,True,0.01761100020192565,2,True,HIGH,TOP_15_PERCENT_DAILY_COHORT,SUCCESS,reservation-no-show-v1.0,reservation-no-show-feature-v1.0,29,5
RES-18ece5a5caa8c2a10b06f8eaed70fc05,2026-12-03 18:00:00,True,0.006221451316823547,24,False,LOW,TOP_15_PERCENT_DAILY_COHORT,SUCCESS,reservation-no-show-v1.0,reservation-no-show-feature-v1.0,29,5
RES-7057cf59b56e9a2841eb12d0c2a746d2,2026-12-20 18:00:00,True,0.009911396207531923,13,False,LOW,TOP_15_PERCENT_DAILY_COHORT,SUCCESS,reservation-no-show-v1.0,reservation-no-show-feature-v1.0,29,5
RES-1ecdfdcf5647fa91354b27a1bbf74234,2026-08-05 18:00:00,True,0.007287401762657338,17,False,LOW,TOP_15_PERCENT_DAILY_COHORT,SUCCESS,reservation-no-show-v1.0,reservation-no-show-feature-v1.0,29,5
RES-6083031615407d431df816ca14384fc6,2026-08-22 18:00:00,True,0.021277184954955647,8,False,LOW,TOP_15_PERCENT_DAILY_COHORT,SUCCESS,reservation-no-show-v1.0,reservation-no-show-feature-v1.0,29,5
RES-2cd732b483176dd2ab7014146738895d,2026-09-08 18:00:00,True,0.004348547824780853,20,False,LOW,TOP_15_PERCENT_DAILY_COHORT,SUCCESS,reservation-no-show-v1.0,reservation-no-show-feature-v1.0,29,5
RES-a0c15a2872930faab981936d5732247d,2026-09-25 18:00:00,True,0.0049987055576696466,16,False,LOW,TOP_15_PERCENT_DAILY_COHORT,SUCCESS,reservation-no-show-v1.0,reservation-no-show-feature-v1.0,29,5
RES-e43aff8577d9cebc47e468f70c2b080f,2026-10-12 18:00:00,True,0.023694066214302558,3,True,HIGH,TOP_15_PERCENT_DAILY_COHORT,SUCCESS,reservation-no-show-v1.0,reservation-no-show-feature-v1.0,29,5
RES-edece9593edb9e47ebcc49bd7d017b71,2026-10-29 18:00:00,True,0.00831773248211133,14,False,LOW,TOP_15_PERCENT_DAILY_COHORT,SUCCESS,reservation-no-show-v1.0,reservation-no-show-feature-v1.0,29,5
RES-fd7a7e893684c669ba7b1bd428bbf854,2026-11-15 18:00:00,True,0.004597104836412969,18,False,LOW,TOP_15_PERCENT_DAILY_COHORT,SUCCESS,reservation-no-show-v1.0,reservation-no-show-feature-v1.0,29,5
RES-56b5c0501ec6109a11a2175fcf42c3c9,2026-12-02 18:00:00,True,0.017134891491260535,2,True,HIGH,TOP_15_PERCENT_DAILY_COHORT,SUCCESS,reservation-no-show-v1.0,reservation-no-show-feature-v1.0,29,5
RES-b29c065f24f963a4064c2b4d1a1b8d49,2026-12-19 18:00:00,True,0.006984355427684086,20,False,LOW,TOP_15_PERCENT_DAILY_COHORT,SUCCESS,reservation-no-show-v1.0,reservation-no-show-feature-v1.0,29,5
RES-5aef0030d7655c49b17cbb1896705435,2026-08-04 18:00:00,True,0.005807066320537534,13,False,LOW,TOP_15_PERCENT_DAILY_COHORT,SUCCESS,reservation-no-show-v1.0,reservation-no-show-feature-v1.0,29,5
RES-cca4446b2c072276f90984b8cafb361b,2026-08-21 18:00:00,True,0.00817994190465659,13,False,LOW,TOP_15_PERCENT_DAILY_COHORT,SUCCESS,reservation-no-show-v1.0,reservation-no-show-feature-v1.0,29,5
RES-d088259b8680cd64045f0a1cfad92334,2026-09-07 18:00:00,True,0.02156536351830595,7,False,LOW,TOP_15_PERCENT_DAILY_COHORT,SUCCESS,reservation-no-show-v1.0,reservation-no-show-feature-v1.0,29,5
RES-163612af09e9e27876d388a2179b7f92,2026-09-24 18:00:00,True,0.0042430254093228405,23,False,LOW,TOP_15_PERCENT_DAILY_COHORT,SUCCESS,reservation-no-show-v1.0,reservation-no-show-feature-v1.0,29,5
RES-a6bd619a7be6c8688223816a715d6e4e,2026-10-11 18:00:00,True,0.005067549675100604,22,False,LOW,TOP_15_PERCENT_DAILY_COHORT,SUCCESS,reservation-no-show-v1.0,reservation-no-show-feature-v1.0,29,5
RES-ccbc04cbf09e79ff75130670aa5c1425,2026-10-28 18:00:00,True,0.0210491598615607,6,False,LOW,TOP_15_PERCENT_DAILY_COHORT,SUCCESS,reservation-no-show-v1.0,reservation-no-show-feature-v1.0,29,5
RES-ac15a9eaa984f3dc5a15c651af718c7a,2026-11-14 18:00:00,True,0.006347113085928728,26,False,LOW,TOP_15_PERCENT_DAILY_COHORT,SUCCESS,reservation-no-show-v1.0,reservation-no-show-feature-v1.0,29,5
RES-6d261259fadc90d0c840c599253a3080,2026-12-01 18:00:00,True,0.004061996829585274,24,False,LOW,TOP_15_PERCENT_DAILY_COHORT,SUCCESS,reservation-no-show-v1.0,reservation-no-show-feature-v1.0,29,5
RES-5fd2b98eebfe8495243c66c464e99b1c,2026-12-18 18:00:00,True,0.015895223841157647,4,True,HIGH,TOP_15_PERCENT_DAILY_COHORT,SUCCESS,reservation-no-show-v1.0,reservation-no-show-feature-v1.0,29,5
RES-b2d701766ae6b99ea6fd9b50fd0d1647,2026-08-03 18:00:00,True,0.014732098056201424,5,True,HIGH,TOP_15_PERCENT_DAILY_COHORT,SUCCESS,reservation-no-show-v1.0,reservation-no-show-feature-v1.0,29,5
RES-952861f99451ec9ab0f1556a92ef4d2c,2026-08-20 18:00:00,True,0.004249390324813937,28,False,LOW,TOP_15_PERCENT_DAILY_COHORT,SUCCESS,reservation-no-show-v1.0,reservation-no-show-feature-v1.0,29,5
RES-b761b361c0d8c834432a80ab452660df,2026-09-06 18:00:00,True,0.007535940951260562,14,False,LOW,TOP_15_PERCENT_DAILY_COHORT,SUCCESS,reservation-no-show-v1.0,reservation-no-show-feature-v1.0,29,5
RES-77b3cb4adfccd1fd095c87886ea4ceb8,2026-09-23 18:00:00,True,0.025413301292526697,4,True,HIGH,TOP_15_PERCENT_DAILY_COHORT,SUCCESS,reservation-no-show-v1.0,reservation-no-show-feature-v1.0,29,5
RES-385672865e7ea5374352cee05f3f9f6c,2026-10-10 18:00:00,True,0.004314683474823069,24,False,LOW,TOP_15_PERCENT_DAILY_COHORT,SUCCESS,reservation-no-show-v1.0,reservation-no-show-feature-v1.0,29,5
RES-1eef690b5385286f56cab97ec231d67a,2026-10-27 18:00:00,True,0.006591934497081173,11,False,LOW,TOP_15_PERCENT_DAILY_COHORT,SUCCESS,reservation-no-show-v1.0,reservation-no-show-feature-v1.0,29,5
RES-f24d73d74499754d0adf81fb466fc77a,2026-11-13 18:00:00,True,0.021398547847187702,3,True,HIGH,TOP_15_PERCENT_DAILY_COHORT,SUCCESS,reservation-no-show-v1.0,reservation-no-show-feature-v1.0,29,5
RES-dd4a5c07be8f09ca556517469fca09d4,2026-11-30 18:00:00,True,0.009433142775653252,12,False,LOW,TOP_15_PERCENT_DAILY_COHORT,SUCCESS,reservation-no-show-v1.0,reservation-no-show-feature-v1.0,29,5
RES-b0a77a0aee025d7c18878fd69036531c,2026-12-17 18:00:00,True,0.004802112846203245,16,False,LOW,TOP_15_PERCENT_DAILY_COHORT,SUCCESS,reservation-no-show-v1.0,reservation-no-show-feature-v1.0,29,5
RES-d8c31d8437703777ac8a0f14dd99b3b5,2026-08-02 18:00:00,True,0.007536568493960822,21,False,LOW,TOP_15_PERCENT_DAILY_COHORT,SUCCESS,reservation-no-show-v1.0,reservation-no-show-feature-v1.0,29,5
RES-deaf008177df403f515a12c451e21f71,2026-08-19 18:00:00,True,0.013074195796220536,8,False,LOW,TOP_15_PERCENT_DAILY_COHORT,SUCCESS,reservation-no-show-v1.0,reservation-no-show-feature-v1.0,29,5
RES-56ed3881554fc3681217482d6a8d0d58,2026-09-05 18:00:00,True,0.0047563648177982205,25,False,LOW,TOP_15_PERCENT_DAILY_COHORT,SUCCESS,reservation-no-show-v1.0,reservation-no-show-feature-v1.0,29,5
RES-b1fecf28a913d4cb81cac359214917e8,2026-09-22 18:00:00,True,0.00809179145286466,13,False,LOW,TOP_15_PERCENT_DAILY_COHORT,SUCCESS,reservation-no-show-v1.0,reservation-no-show-feature-v1.0,29,5
RES-d508f958f30cebb573b8a3cdaa53ec4e,2026-10-09 18:00:00,True,0.025833216639110302,2,True,HIGH,TOP_15_PERCENT_DAILY_COHORT,SUCCESS,reservation-no-show-v1.0,reservation-no-show-feature-v1.0,29,5
RES-8d0273d740448244a51650b2e2fe58ea,2026-10-26 18:00:00,True,0.00594741106827926,12,False,LOW,TOP_15_PERCENT_DAILY_COHORT,SUCCESS,reservation-no-show-v1.0,reservation-no-show-feature-v1.0,29,5
RES-dd0da0e89747574a3585e6e307bc2b49,2026-11-12 18:00:00,True,0.004809312391909788,23,False,LOW,TOP_15_PERCENT_DAILY_COHORT,SUCCESS,reservation-no-show-v1.0,reservation-no-show-feature-v1.0,29,5
RES-ae3548c0610142a13c47dab35166de5e,2026-11-29 18:00:00,True,0.028842473901461767,2,True,HIGH,TOP_15_PERCENT_DAILY_COHORT,SUCCESS,reservation-no-show-v1.0,reservation-no-show-feature-v1.0,29,5
RES-448aed2bbc0c38a809e3a6cb80866705,2026-12-16 18:00:00,True,0.009205377683088751,11,False,LOW,TOP_15_PERCENT_DAILY_COHORT,SUCCESS,reservation-no-show-v1.0,reservation-no-show-feature-v1.0,29,5
RES-e3fd321df11168e101f81225d5fd0af6,2026-08-01 18:00:00,True,0.007074256456303361,19,False,LOW,TOP_15_PERCENT_DAILY_COHORT,SUCCESS,reservation-no-show-v1.0,reservation-no-show-feature-v1.0,29,5
RES-91a64d9431a7f705b12ca344a37d45bd,2026-08-18 18:00:00,True,0.00809246490564833,18,False,LOW,TOP_15_PERCENT_DAILY_COHORT,SUCCESS,reservation-no-show-v1.0,reservation-no-show-feature-v1.0,29,5
RES-0ea6ec6b2da1aba36b9947729222168d,2026-09-04 18:00:00,True,0.014618558976576086,5,True,HIGH,TOP_15_PERCENT_DAILY_COHORT,SUCCESS,reservation-no-show-v1.0,reservation-no-show-feature-v1.0,29,5
RES-da8bec5c7e771b8c7b68697a96881313,2026-09-21 18:00:00,True,0.005859931873443148,17,False,LOW,TOP_15_PERCENT_DAILY_COHORT,SUCCESS,reservation-no-show-v1.0,reservation-no-show-feature-v1.0,29,5
RES-6b37d1747c13ec9a35ed922a21892702,2026-10-08 18:00:00,True,0.007152821220487891,14,False,LOW,TOP_15_PERCENT_DAILY_COHORT,SUCCESS,reservation-no-show-v1.0,reservation-no-show-feature-v1.0,29,5
RES-6e1ff79677c129e13a08711773fc6201,2026-10-25 18:00:00,True,0.02390781130159843,5,True,HIGH,TOP_15_PERCENT_DAILY_COHORT,SUCCESS,reservation-no-show-v1.0,reservation-no-show-feature-v1.0,29,5
RES-442584731106fbef400b61632e2d990b,2026-11-11 18:00:00,True,0.004268007409231984,25,False,LOW,TOP_15_PERCENT_DAILY_COHORT,SUCCESS,reservation-no-show-v1.0,reservation-no-show-feature-v1.0,29,5
RES-1ba78f62b60d373d8308bbe5a3121244,2026-11-28 18:00:00,True,0.006540714523904734,12,False,LOW,TOP_15_PERCENT_DAILY_COHORT,SUCCESS,reservation-no-show-v1.0,reservation-no-show-feature-v1.0,29,5
RES-8017e7293c819a58842b28c4ebdf0298,2026-12-15 18:00:00,True,0.025557640106795093,3,True,HIGH,TOP_15_PERCENT_DAILY_COHORT,SUCCESS,reservation-no-show-v1.0,reservation-no-show-feature-v1.0,29,5
RES-a7807d75a24b86fd6234998552d5a2fe,2026-07-31 18:00:00,True,0.014640259280007813,7,False,LOW,TOP_15_PERCENT_DAILY_COHORT,SUCCESS,reservation-no-show-v1.0,reservation-no-show-feature-v1.0,29,5
RES-d1a96207d78e4c812fc9618a512b7b42,2026-08-17 18:00:00,True,0.005940392311425981,28,False,LOW,TOP_15_PERCENT_DAILY_COHORT,SUCCESS,reservation-no-show-v1.0,reservation-no-show-feature-v1.0,29,5
RES-39fd087007da3d58426cddeb270fcfae,2026-09-03 18:00:00,True,0.007871625340969274,14,False,LOW,TOP_15_PERCENT_DAILY_COHORT,SUCCESS,reservation-no-show-v1.0,reservation-no-show-feature-v1.0,29,5
RES-492fcc41f416e6673ae97138a3d13cf9,2026-09-20 18:00:00,True,0.017969029024806082,1,True,HIGH,TOP_15_PERCENT_DAILY_COHORT,SUCCESS,reservation-no-show-v1.0,reservation-no-show-feature-v1.0,29,5
RES-aa63d3527872608b09f81ff594bd8be2,2026-10-07 18:00:00,True,0.00427440963907784,26,False,LOW,TOP_15_PERCENT_DAILY_COHORT,SUCCESS,reservation-no-show-v1.0,reservation-no-show-feature-v1.0,29,5
RES-228caed7bdabf05758eeb842f8bde948,2026-10-24 18:00:00,True,0.008834347987810688,11,False,LOW,TOP_15_PERCENT_DAILY_COHORT,SUCCESS,reservation-no-show-v1.0,reservation-no-show-feature-v1.0,29,5
RES-ff06b4609c80a2d1946ab21012495bd7,2026-11-10 18:00:00,True,0.025559729726502466,3,True,HIGH,TOP_15_PERCENT_DAILY_COHORT,SUCCESS,reservation-no-show-v1.0,reservation-no-show-feature-v1.0,29,5
RES-f2a51c042e3785494bfe39add8f53e6c,2026-11-27 18:00:00,True,0.004792526078659786,15,False,LOW,TOP_15_PERCENT_DAILY_COHORT,SUCCESS,reservation-no-show-v1.0,reservation-no-show-feature-v1.0,29,5
RES-0bd299032e9d450db2090c3e2b2f8828,2026-12-14 18:00:00,True,0.004973758991136963,19,False,LOW,TOP_15_PERCENT_DAILY_COHORT,SUCCESS,reservation-no-show-v1.0,reservation-no-show-feature-v1.0,29,5
RES-7f8fb0eb3dcf0e27a54071dc891afc0f,2026-07-30 18:00:00,True,0.00487967331793748,16,False,LOW,TOP_15_PERCENT_DAILY_COHORT,SUCCESS,reservation-no-show-v1.0,reservation-no-show-feature-v1.0,29,5
RES-8b9ebbbde8e53c7f43c917089ee0b57d,2026-08-16 18:00:00,True,0.016368929944048705,8,False,LOW,TOP_15_PERCENT_DAILY_COHORT,SUCCESS,reservation-no-show-v1.0,reservation-no-show-feature-v1.0,29,5
RES-da3d17d20c3f184fdfdc0e169596a576,2026-09-02 18:00:00,True,0.006997937259795882,23,False,LOW,TOP_15_PERCENT_DAILY_COHORT,SUCCESS,reservation-no-show-v1.0,reservation-no-show-feature-v1.0,29,5
RES-28705c1bdb616d92f4a0b8281fb927ab,2026-09-19 18:00:00,True,0.009720478350467696,11,False,LOW,TOP_15_PERCENT_DAILY_COHORT,SUCCESS,reservation-no-show-v1.0,reservation-no-show-feature-v1.0,29,5
RES-ff59f000b90d351580b2d5c3b951c73b,2026-10-06 18:00:00,True,0.01590228080433096,5,True,HIGH,TOP_15_PERCENT_DAILY_COHORT,SUCCESS,reservation-no-show-v1.0,reservation-no-show-feature-v1.0,29,5
RES-9d36a799ce897b0e081aa7275330b698,2026-10-23 18:00:00,True,0.00581436634195706,15,False,LOW,TOP_15_PERCENT_DAILY_COHORT,SUCCESS,reservation-no-show-v1.0,reservation-no-show-feature-v1.0,29,5
RES-cd307bc5c8f5a3cf4a42ead6998ce46e,2026-11-09 18:00:00,True,0.006107697588860264,24,False,LOW,TOP_15_PERCENT_DAILY_COHORT,SUCCESS,reservation-no-show-v1.0,reservation-no-show-feature-v1.0,29,5
RES-93145f7f6bd81460d00f879a5bae7486,2026-11-26 18:00:00,True,0.027408299498934814,2,True,HIGH,TOP_15_PERCENT_DAILY_COHORT,SUCCESS,reservation-no-show-v1.0,reservation-no-show-feature-v1.0,29,5
RES-d53e7f1226f9b737de250991a0d5d83e,2026-12-13 18:00:00,True,0.004414027061000147,23,False,LOW,TOP_15_PERCENT_DAILY_COHORT,SUCCESS,reservation-no-show-v1.0,reservation-no-show-feature-v1.0,29,5
RES-36bd7408176c99d55fbd212755b78d81,2026-11-02 18:00:00,True,0.00710361741920073,20,False,LOW,TOP_15_PERCENT_DAILY_COHORT,SUCCESS,reservation-no-show-v1.0,reservation-no-show-feature-v1.0,29,5
RES-ebf4a9422ab93e9187e6253801d1fa79,2026-07-29 18:00:00,True,0.006379843563680856,28,False,LOW,TOP_15_PERCENT_DAILY_COHORT,SUCCESS,reservation-no-show-v1.0,reservation-no-show-feature-v1.0,29,5
RES-8dc5cd95c74af87daf44ab62c3da3c2b,2026-08-15 18:00:00,True,0.005461431438121345,12,False,LOW,TOP_15_PERCENT_DAILY_COHORT,SUCCESS,reservation-no-show-v1.0,reservation-no-show-feature-v1.0,29,5
RES-e7134f46f6c2c28b700149d9b4758284,2026-09-01 18:00:00,True,0.017509290787250373,3,True,HIGH,TOP_15_PERCENT_DAILY_COHORT,SUCCESS,reservation-no-show-v1.0,reservation-no-show-feature-v1.0,29,5
RES-26d46530dd452c7f4a37e0b0ba90e242,2026-09-18 18:00:00,True,0.005894204846809035,28,False,LOW,TOP_15_PERCENT_DAILY_COHORT,SUCCESS,reservation-no-show-v1.0,reservation-no-show-feature-v1.0,29,5
RES-e0b313ada46abd4d508790ee7e708b6d,2026-10-05 18:00:00,True,0.009853708552794604,14,False,LOW,TOP_15_PERCENT_DAILY_COHORT,SUCCESS,reservation-no-show-v1.0,reservation-no-show-feature-v1.0,29,5
RES-de2b49d8167dc7f9eaa2d4b26d440162,2026-10-22 18:00:00,True,0.012834128903651454,9,False,LOW,TOP_15_PERCENT_DAILY_COHORT,SUCCESS,reservation-no-show-v1.0,reservation-no-show-feature-v1.0,29,5
RES-f44ad655bef311f5239eebcab17760ce,2026-11-08 18:00:00,True,0.004865828214569725,21,False,LOW,TOP_15_PERCENT_DAILY_COHORT,SUCCESS,reservation-no-show-v1.0,reservation-no-show-feature-v1.0,29,5
RES-df0b793a5d9c5dfe78887ef4d2742bdf,2026-11-25 18:00:00,True,0.005959742940304472,28,False,LOW,TOP_15_PERCENT_DAILY_COHORT,SUCCESS,reservation-no-show-v1.0,reservation-no-show-feature-v1.0,29,5
RES-fdb84a21b7ed1cf30b65b3d87ee523b6,2026-12-12 18:00:00,True,0.02101060964410953,6,False,LOW,TOP_15_PERCENT_DAILY_COHORT,SUCCESS,reservation-no-show-v1.0,reservation-no-show-feature-v1.0,29,5
RES-403235294e9b0fff8d230ebca7c6ea25,2026-07-28 18:00:00,True,0.021507214839137687,7,False,LOW,TOP_15_PERCENT_DAILY_COHORT,SUCCESS,reservation-no-show-v1.0,reservation-no-show-feature-v1.0,29,5
RES-6e7a84b2e5a7d8ef57586723210debc7,2026-08-14 18:00:00,True,0.007139169935062622,22,False,LOW,TOP_15_PERCENT_DAILY_COHORT,SUCCESS,reservation-no-show-v1.0,reservation-no-show-feature-v1.0,29,5
RES-00131c613a09c50e136ea635edb31507,2026-08-31 18:00:00,True,0.0050303713504333955,14,False,LOW,TOP_15_PERCENT_DAILY_COHORT,SUCCESS,reservation-no-show-v1.0,reservation-no-show-feature-v1.0,29,5
RES-f5d700d74c4f7393a164251eb550b636,2026-09-17 18:00:00,True,0.015543782949965695,4,True,HIGH,TOP_15_PERCENT_DAILY_COHORT,SUCCESS,reservation-no-show-v1.0,reservation-no-show-feature-v1.0,29,5
RES-15e8744dc2566e410285606c82736ed1,2026-10-04 18:00:00,True,0.007236676135072156,19,False,LOW,TOP_15_PERCENT_DAILY_COHORT,SUCCESS,reservation-no-show-v1.0,reservation-no-show-feature-v1.0,29,5
RES-1b47503d238c91232379ac0516d10904,2026-10-21 18:00:00,True,0.006559443881757536,26,False,LOW,TOP_15_PERCENT_DAILY_COHORT,SUCCESS,reservation-no-show-v1.0,reservation-no-show-feature-v1.0,29,5
RES-afc808763cfc51868074d503d9c85afe,2026-11-07 18:00:00,True,0.017349043489377436,2,True,HIGH,TOP_15_PERCENT_DAILY_COHORT,SUCCESS,reservation-no-show-v1.0,reservation-no-show-feature-v1.0,29,5
RES-fefea6de0c91bdfc7d9c133e3397a3d7,2026-11-24 18:00:00,True,0.0057515604845857285,12,False,LOW,TOP_15_PERCENT_DAILY_COHORT,SUCCESS,reservation-no-show-v1.0,reservation-no-show-feature-v1.0,29,5
RES-99003f20048283e77e02d3d4c233a152,2026-12-11 18:00:00,True,0.007339377007616063,19,False,LOW,TOP_15_PERCENT_DAILY_COHORT,SUCCESS,reservation-no-show-v1.0,reservation-no-show-feature-v1.0,29,5
RES-4e2ee44cdacbc25f687fd1207af89146,2026-08-13 18:00:00,True,0.022997171200492533,4,True,HIGH,TOP_15_PERCENT_DAILY_COHORT,SUCCESS,reservation-no-show-v1.0,reservation-no-show-feature-v1.0,29,5
RES-ae2fae45f5de1b6ef87a8111dc5f1997,2026-08-30 18:00:00,True,0.007989319473015687,21,False,LOW,TOP_15_PERCENT_DAILY_COHORT,SUCCESS,reservation-no-show-v1.0,reservation-no-show-feature-v1.0,29,5
RES-bc5551d47ffee66afe93c2d6c63d7fce,2026-09-16 18:00:00,True,0.004051187207552868,27,False,LOW,TOP_15_PERCENT_DAILY_COHORT,SUCCESS,reservation-no-show-v1.0,reservation-no-show-feature-v1.0,29,5
RES-f7ae820897efa0d2abb03d147325942e,2026-10-03 18:00:00,True,0.019099419013540436,4,True,HIGH,TOP_15_PERCENT_DAILY_COHORT,SUCCESS,reservation-no-show-v1.0,reservation-no-show-feature-v1.0,29,5
RES-bedbcd743f7598eb3cca2193f6010bd1,2026-10-20 18:00:00,True,0.006416790647560095,22,False,LOW,TOP_15_PERCENT_DAILY_COHORT,SUCCESS,reservation-no-show-v1.0,reservation-no-show-feature-v1.0,29,5
RES-68b71b08c2c9664e96c9af03f10a2a36,2026-11-06 18:00:00,True,0.0073399883028444236,21,False,LOW,TOP_15_PERCENT_DAILY_COHORT,SUCCESS,reservation-no-show-v1.0,reservation-no-show-feature-v1.0,29,5
RES-446a9515f2508b47cf1d6b8159bdc9c1,2026-11-23 18:00:00,True,0.016045566494388503,2,True,HIGH,TOP_15_PERCENT_DAILY_COHORT,SUCCESS,reservation-no-show-v1.0,reservation-no-show-feature-v1.0,29,5
RES-8809f6930b0e2d0fc2a3961f6dc77fa8,2026-12-10 18:00:00,True,0.004617822745254558,27,False,LOW,TOP_15_PERCENT_DAILY_COHORT,SUCCESS,reservation-no-show-v1.0,reservation-no-show-feature-v1.0,29,5
RES-817d69858ad401313375a2516a770c93,2026-08-12 18:00:00,True,0.004466016204950935,24,False,LOW,TOP_15_PERCENT_DAILY_COHORT,SUCCESS,reservation-no-show-v1.0,reservation-no-show-feature-v1.0,29,5
RES-232dcae4f0d7c1d21d77b7114c32725d,2026-08-29 18:00:00,True,0.02345175303278055,3,True,HIGH,TOP_15_PERCENT_DAILY_COHORT,SUCCESS,reservation-no-show-v1.0,reservation-no-show-feature-v1.0,29,5
RES-74d259154938853368764bdb58f4cd0e,2026-09-15 18:00:00,True,0.0077712726457594096,19,False,LOW,TOP_15_PERCENT_DAILY_COHORT,SUCCESS,reservation-no-show-v1.0,reservation-no-show-feature-v1.0,29,5
RES-af9c6b36297f30629d0693bc7fbbaf23,2026-10-02 18:00:00,True,0.005493547567586478,11,False,LOW,TOP_15_PERCENT_DAILY_COHORT,SUCCESS,reservation-no-show-v1.0,reservation-no-show-feature-v1.0,29,5
RES-cbb7ca76130d611abf1f516ed1704659,2026-10-19 18:00:00,True,0.017666796312684068,5,True,HIGH,TOP_15_PERCENT_DAILY_COHORT,SUCCESS,reservation-no-show-v1.0,reservation-no-show-feature-v1.0,29,5
RES-c6fc4fcd8af9ecc0ff8118d6bb7ea05e,2026-11-05 18:00:00,True,0.009301011886236969,11,False,LOW,TOP_15_PERCENT_DAILY_COHORT,SUCCESS,reservation-no-show-v1.0,reservation-no-show-feature-v1.0,29,5
RES-ec50e77cb592091dea915d0595922e69,2026-11-22 18:00:00,True,0.008213853937385092,17,False,LOW,TOP_15_PERCENT_DAILY_COHORT,SUCCESS,reservation-no-show-v1.0,reservation-no-show-feature-v1.0,29,5
RES-60aaef832c2f1b130e0bb6ad11f2a993,2026-12-09 18:00:00,True,0.01419685137738051,4,True,HIGH,TOP_15_PERCENT_DAILY_COHORT,SUCCESS,reservation-no-show-v1.0,reservation-no-show-feature-v1.0,29,5
RES-cd04544f731b39e2043fbaed00cc45d0,2026-08-11 18:00:00,True,0.004801866273001128,17,False,LOW,TOP_15_PERCENT_DAILY_COHORT,SUCCESS,reservation-no-show-v1.0,reservation-no-show-feature-v1.0,29,5
RES-749eede7498dadde464d05c637761020,2026-08-28 18:00:00,True,0.006685204364321288,13,False,LOW,TOP_15_PERCENT_DAILY_COHORT,SUCCESS,reservation-no-show-v1.0,reservation-no-show-feature-v1.0,29,5
RES-e6a1530916aaf5200095efae40cfc9df,2026-09-14 18:00:00,True,0.02611118817508528,1,True,HIGH,TOP_15_PERCENT_DAILY_COHORT,SUCCESS,reservation-no-show-v1.0,reservation-no-show-feature-v1.0,29,5
RES-c97721a4668def4af6486fa385a8dec0,2026-10-01 18:00:00,True,0.006869237794880193,22,False,LOW,TOP_15_PERCENT_DAILY_COHORT,SUCCESS,reservation-no-show-v1.0,reservation-no-show-feature-v1.0,29,5
RES-27ab5a229b156ec5dda9ddfbe74b3017,2026-10-18 18:00:00,True,0.006148946074032065,11,False,LOW,TOP_15_PERCENT_DAILY_COHORT,SUCCESS,reservation-no-show-v1.0,reservation-no-show-feature-v1.0,29,5
RES-f959c32572bf226829176128eb829bf9,2026-11-04 18:00:00,True,0.014217934715644585,8,False,LOW,TOP_15_PERCENT_DAILY_COHORT,SUCCESS,reservation-no-show-v1.0,reservation-no-show-feature-v1.0,29,5
RES-792ea4bc13fc9fa53cfe5a809aa546a5,2026-11-21 18:00:00,True,0.007710318278248482,15,False,LOW,TOP_15_PERCENT_DAILY_COHORT,SUCCESS,reservation-no-show-v1.0,reservation-no-show-feature-v1.0,29,5
RES-deca529cfc6bb0cc7128d19ef6fe2267,2026-12-08 18:00:00,True,0.007260823275214551,19,False,LOW,TOP_15_PERCENT_DAILY_COHORT,SUCCESS,reservation-no-show-v1.0,reservation-no-show-feature-v1.0,29,5
RES-2cb4dd8cb4115b3fdb6786da2260f63e,2026-08-10 18:00:00,True,0.028680129736096918,2,True,HIGH,TOP_15_PERCENT_DAILY_COHORT,SUCCESS,reservation-no-show-v1.0,reservation-no-show-feature-v1.0,30,5
RES-af117a50167bd3b19052ebf7a2c49239,2026-08-27 18:00:00,True,0.004685395340114084,21,False,LOW,TOP_15_PERCENT_DAILY_COHORT,SUCCESS,reservation-no-show-v1.0,reservation-no-show-feature-v1.0,30,5
RES-03897530001cab86c9e942c0cd259ccf,2026-09-13 18:00:00,True,0.004618778829883877,26,False,LOW,TOP_15_PERCENT_DAILY_COHORT,SUCCESS,reservation-no-show-v1.0,reservation-no-show-feature-v1.0,30,5
RES-ca70cc8541f81e15626baf063027edc2,2026-09-30 18:00:00,True,0.0210491598615607,7,False,LOW,TOP_15_PERCENT_DAILY_COHORT,SUCCESS,reservation-no-show-v1.0,reservation-no-show-feature-v1.0,30,5
RES-c13d8bd3a06b5054f85624880cd78f99,2026-10-17 18:00:00,True,0.007007307550141952,23,False,LOW,TOP_15_PERCENT_DAILY_COHORT,SUCCESS,reservation-no-show-v1.0,reservation-no-show-feature-v1.0,30,5
RES-1aa28fb7b7ca1d07a1df30984186b092,2026-11-03 18:00:00,True,0.004937265351748748,16,False,LOW,TOP_15_PERCENT_DAILY_COHORT,SUCCESS,reservation-no-show-v1.0,reservation-no-show-feature-v1.0,30,5
RES-9284560a53e0ff66b5222816f97f4cfb,2026-11-20 18:00:00,True,0.019270948035682932,2,True,HIGH,TOP_15_PERCENT_DAILY_COHORT,SUCCESS,reservation-no-show-v1.0,reservation-no-show-feature-v1.0,30,5
RES-73cba0f61e9cbb73b57c9b3ac8d67ea0,2026-12-07 18:00:00,True,0.006454488338092435,25,False,LOW,TOP_15_PERCENT_DAILY_COHORT,SUCCESS,reservation-no-show-v1.0,reservation-no-show-feature-v1.0,30,5
RES-54cb751c41d33614dcf7e06a9536fdca,2026-12-24 18:00:00,True,0.009438714255965926,12,False,LOW,TOP_15_PERCENT_DAILY_COHORT,SUCCESS,reservation-no-show-v1.0,reservation-no-show-feature-v1.0,30,5
RES-f3927d9735c9bd6901158ee643bcfd0f,2026-08-09 18:00:00,True,0.009152886529722305,11,False,LOW,TOP_15_PERCENT_DAILY_COHORT,SUCCESS,reservation-no-show-v1.0,reservation-no-show-feature-v1.0,29,5
RES-a9efc040d5e931a5b5a13c29746deb59,2026-08-26 18:00:00,True,0.02549317559011051,2,True,HIGH,TOP_15_PERCENT_DAILY_COHORT,SUCCESS,reservation-no-show-v1.0,reservation-no-show-feature-v1.0,29,5
RES-47caa4e00c2800f68d756ab4d9907ebf,2026-09-12 18:00:00,True,0.0052441135612906475,15,False,LOW,TOP_15_PERCENT_DAILY_COHORT,SUCCESS,reservation-no-show-v1.0,reservation-no-show-feature-v1.0,29,5
RES-13efa3533d2a4749bb916dc139812f75,2026-09-29 18:00:00,True,0.004960535109493708,24,False,LOW,TOP_15_PERCENT_DAILY_COHORT,SUCCESS,reservation-no-show-v1.0,reservation-no-show-feature-v1.0,29,5
RES-2364521ac17e9e7262b5dce3e97089cd,2026-10-16 18:00:00,True,0.023587152796307295,3,True,HIGH,TOP_15_PERCENT_DAILY_COHORT,SUCCESS,reservation-no-show-v1.0,reservation-no-show-feature-v1.0,29,5
RES-b044f6fc358a5f1d8988ead0c9ea04eb,2026-11-19 18:00:00,True,0.003976132279611605,28,False,LOW,TOP_15_PERCENT_DAILY_COHORT,SUCCESS,reservation-no-show-v1.0,reservation-no-show-feature-v1.0,29,5
RES-d84ffe86936422a95d09d88c629ecacd,2026-12-06 18:00:00,True,0.014699342006331278,7,False,LOW,TOP_15_PERCENT_DAILY_COHORT,SUCCESS,reservation-no-show-v1.0,reservation-no-show-feature-v1.0,29,5
RES-2f636cf23e81acab716bdef494d82a60,2026-12-23 18:00:00,True,0.005722710658570878,26,False,LOW,TOP_15_PERCENT_DAILY_COHORT,SUCCESS,reservation-no-show-v1.0,reservation-no-show-feature-v1.0,29,5
RES-3832e7ce82d76f88912cf3da1c1904ee,2026-08-08 18:00:00,True,0.004335031733766941,28,False,LOW,TOP_15_PERCENT_DAILY_COHORT,SUCCESS,reservation-no-show-v1.0,reservation-no-show-feature-v1.0,29,5
RES-298dfd4a7fee3e1822662692a057ff04,2026-08-25 18:00:00,True,0.008931827263645366,11,False,LOW,TOP_15_PERCENT_DAILY_COHORT,SUCCESS,reservation-no-show-v1.0,reservation-no-show-feature-v1.0,29,5
RES-29c6f8c17c97ee1df28fdc488c3eff56,2026-09-11 18:00:00,True,0.02846219964297187,4,True,HIGH,TOP_15_PERCENT_DAILY_COHORT,SUCCESS,reservation-no-show-v1.0,reservation-no-show-feature-v1.0,29,5
RES-212011fcbc17366917bde1667d8b3b7f,2026-09-28 18:00:00,True,0.0039993436534902895,29,False,LOW,TOP_15_PERCENT_DAILY_COHORT,SUCCESS,reservation-no-show-v1.0,reservation-no-show-feature-v1.0,29,5
RES-0b04de1b55756a3a31815731eadd0a70,2026-10-15 18:00:00,True,0.004383309709799004,26,False,LOW,TOP_15_PERCENT_DAILY_COHORT,SUCCESS,reservation-no-show-v1.0,reservation-no-show-feature-v1.0,29,5
RES-ca51e9eeb4a196ce4af36fd094e17b54,2026-11-01 18:00:00,True,0.019796951021522406,8,False,LOW,TOP_15_PERCENT_DAILY_COHORT,SUCCESS,reservation-no-show-v1.0,reservation-no-show-feature-v1.0,29,5
RES-833495441f5052e6aa328d9437c7fed5,2026-11-18 18:00:00,True,0.0062987112888507595,27,False,LOW,TOP_15_PERCENT_DAILY_COHORT,SUCCESS,reservation-no-show-v1.0,reservation-no-show-feature-v1.0,29,5
RES-0fe7d15cd4b35ced2a42a8859b932970,2026-12-05 18:00:00,True,0.004898838916994144,17,False,LOW,TOP_15_PERCENT_DAILY_COHORT,SUCCESS,reservation-no-show-v1.0,reservation-no-show-feature-v1.0,29,5
RES-ca23846b5f1ce25dd6c22d47cfcd648c,2026-12-22 18:00:00,True,0.01434626504306711,8,False,LOW,TOP_15_PERCENT_DAILY_COHORT,SUCCESS,reservation-no-show-v1.0,reservation-no-show-feature-v1.0,29,5
RES-93c94567e02377b309d819b9188dc801,2026-08-07 18:00:00,True,0.016125145281166185,4,True,HIGH,TOP_15_PERCENT_DAILY_COHORT,SUCCESS,reservation-no-show-v1.0,reservation-no-show-feature-v1.0,29,5
RES-64f44204a87867e682289d8820d1b3dd,2026-08-24 18:00:00,True,0.005341366157320232,16,False,LOW,TOP_15_PERCENT_DAILY_COHORT,SUCCESS,reservation-no-show-v1.0,reservation-no-show-feature-v1.0,29,5
RES-b7e9cba2fa4aacdb11edbef56549fd91,2026-09-10 18:00:00,True,0.0065205936707555985,18,False,LOW,TOP_15_PERCENT_DAILY_COHORT,SUCCESS,reservation-no-show-v1.0,reservation-no-show-feature-v1.0,29,5
RES-9ea0ff32fda84d8299d06e4d9e802cc1,2026-09-27 18:00:00,True,0.023983070268458313,6,False,LOW,TOP_15_PERCENT_DAILY_COHORT,SUCCESS,reservation-no-show-v1.0,reservation-no-show-feature-v1.0,29,5
RES-9bfe64eb0ae1dae44d6efc9ce17078be,2026-10-14 18:00:00,True,0.0038897654154268343,29,False,LOW,TOP_15_PERCENT_DAILY_COHORT,SUCCESS,reservation-no-show-v1.0,reservation-no-show-feature-v1.0,29,5
RES-d205ca5e6f38bb80202cbbc16fbc5b11,2026-10-31 18:00:00,True,0.006540714523904734,10,False,LOW,TOP_15_PERCENT_DAILY_COHORT,SUCCESS,reservation-no-show-v1.0,reservation-no-show-feature-v1.0,29,5
RES-bfacc17e5281b69b8c048b65875cc2c3,2026-11-17 18:00:00,True,0.025637956128763944,2,True,HIGH,TOP_15_PERCENT_DAILY_COHORT,SUCCESS,reservation-no-show-v1.0,reservation-no-show-feature-v1.0,29,5
RES-96cc8905235df6bbc2fb3e966ad0677e,2026-12-04 18:00:00,True,0.007756201621749983,19,False,LOW,TOP_15_PERCENT_DAILY_COHORT,SUCCESS,reservation-no-show-v1.0,reservation-no-show-feature-v1.0,29,5
RES-2ef206dd02285e9c3e67e0fd6fc773b3,2026-12-21 18:00:00,True,0.006641957927804469,10,False,LOW,TOP_15_PERCENT_DAILY_COHORT,SUCCESS,reservation-no-show-v1.0,reservation-no-show-feature-v1.0,29,5
RES-0b61a648402daf7ce892897ae639cbfb,2026-08-06 18:00:00,True,0.010517164886650027,10,False,LOW,TOP_15_PERCENT_DAILY_COHORT,SUCCESS,reservation-no-show-v1.0,reservation-no-show-feature-v1.0,29,5
RES-1d853db4610a7e4154c7206c246364ef,2026-08-23 18:00:00,True,0.014912227360535745,4,True,HIGH,TOP_15_PERCENT_DAILY_COHORT,SUCCESS,reservation-no-show-v1.0,reservation-no-show-feature-v1.0,29,5
RES-1c293e0285c10afb31d254739b58d956,2026-09-09 18:00:00,True,0.004720036121184214,23,False,LOW,TOP_15_PERCENT_DAILY_COHORT,SUCCESS,reservation-no-show-v1.0,reservation-no-show-feature-v1.0,29,5
RES-aefa384c8519503b2ca7010b2e7571ca,2026-09-26 18:00:00,True,0.007319909855660427,15,False,LOW,TOP_15_PERCENT_DAILY_COHORT,SUCCESS,reservation-no-show-v1.0,reservation-no-show-feature-v1.0,29,5
RES-f23184887ac8b64ac769e77314e4f00a,2026-10-13 18:00:00,True,0.02123956421710248,9,False,LOW,TOP_15_PERCENT_DAILY_COHORT,SUCCESS,reservation-no-show-v1.0,reservation-no-show-feature-v1.0,29,5
RES-11adc2546200b5a542a69c0f49fcdbdf,2026-10-30 18:00:00,True,0.0043680037802880595,22,False,LOW,TOP_15_PERCENT_DAILY_COHORT,SUCCESS,reservation-no-show-v1.0,reservation-no-show-feature-v1.0,29,5
RES-4a4e5bd7a9f32fe0012347b42e339f09,2026-11-16 18:00:00,True,0.006044299323429298,12,False,LOW,TOP_15_PERCENT_DAILY_COHORT,SUCCESS,reservation-no-show-v1.0,reservation-no-show-feature-v1.0,29,5
RES-9012edae1fa4ebd397c32f0bc47c8f8e,2026-12-03 18:00:00,True,0.02066572387040343,7,False,LOW,TOP_15_PERCENT_DAILY_COHORT,SUCCESS,reservation-no-show-v1.0,reservation-no-show-feature-v1.0,29,5
RES-ad172b92911a870b73fcc4ed4ba02ee7,2026-12-20 18:00:00,True,0.007168201228428019,23,False,LOW,TOP_15_PERCENT_DAILY_COHORT,SUCCESS,reservation-no-show-v1.0,reservation-no-show-feature-v1.0,29,5
RES-50dbb877320afc781fdf57160beaa94f,2026-08-05 18:00:00,True,0.007725300840774852,15,False,LOW,TOP_15_PERCENT_DAILY_COHORT,SUCCESS,reservation-no-show-v1.0,reservation-no-show-feature-v1.0,29,5
RES-1f401f0458ae44e51298996aeab2fd2a,2026-08-22 18:00:00,True,0.008863325327808322,10,False,LOW,TOP_15_PERCENT_DAILY_COHORT,SUCCESS,reservation-no-show-v1.0,reservation-no-show-feature-v1.0,29,5
RES-df7fe0d9257c38b90fc2a979c0cc6fb2,2026-09-08 18:00:00,True,0.02118916459224166,1,True,HIGH,TOP_15_PERCENT_DAILY_COHORT,SUCCESS,reservation-no-show-v1.0,reservation-no-show-feature-v1.0,29,5
RES-5a2c503a8381266a234bffafea212d9b,2026-09-25 18:00:00,True,0.0064195051960780495,11,False,LOW,TOP_15_PERCENT_DAILY_COHORT,SUCCESS,reservation-no-show-v1.0,reservation-no-show-feature-v1.0,29,5
RES-a62574fdd561e6d43226fd98c80b8a9b,2026-10-12 18:00:00,True,0.007420484087911823,11,False,LOW,TOP_15_PERCENT_DAILY_COHORT,SUCCESS,reservation-no-show-v1.0,reservation-no-show-feature-v1.0,29,5
RES-8976c70d08bc04e6081b3c90e1759419,2026-10-29 18:00:00,True,0.027494267205978692,2,True,HIGH,TOP_15_PERCENT_DAILY_COHORT,SUCCESS,reservation-no-show-v1.0,reservation-no-show-feature-v1.0,29,5
RES-aef23d23294c485245f3ddc28ca5a375,2026-11-15 18:00:00,True,0.004501142996267654,21,False,LOW,TOP_15_PERCENT_DAILY_COHORT,SUCCESS,reservation-no-show-v1.0,reservation-no-show-feature-v1.0,29,5
RES-6a9c146068987913a64ef35523332d52,2026-12-02 18:00:00,True,0.005879021955224495,18,False,LOW,TOP_15_PERCENT_DAILY_COHORT,SUCCESS,reservation-no-show-v1.0,reservation-no-show-feature-v1.0,29,5
RES-a241036a8ae101c9de775c0b2acbb6e6,2026-12-19 18:00:00,True,0.0231585778871505,4,True,HIGH,TOP_15_PERCENT_DAILY_COHORT,SUCCESS,reservation-no-show-v1.0,reservation-no-show-feature-v1.0,29,5
RES-2c0bc89e9d57812383c23838689174b5,2026-08-04 18:00:00,True,0.015976399884256975,4,True,HIGH,TOP_15_PERCENT_DAILY_COHORT,SUCCESS,reservation-no-show-v1.0,reservation-no-show-feature-v1.0,29,5
RES-f2d47514f9489889e992b3516b7f63b8,2026-08-21 18:00:00,True,0.007161433930294381,19,False,LOW,TOP_15_PERCENT_DAILY_COHORT,SUCCESS,reservation-no-show-v1.0,reservation-no-show-feature-v1.0,29,5
RES-1b1bc53ba9f3020f428f7455ccc4d55a,2026-12-16 18:00:00,True,0.022914618873134018,5,True,HIGH,TOP_15_PERCENT_DAILY_COHORT,SUCCESS,reservation-no-show-v1.0,reservation-no-show-feature-v1.0,29,5
RES-053449b8ddca8d58b8af5d0edce9491a,2026-09-07 18:00:00,True,0.008165965059207433,14,False,LOW,TOP_15_PERCENT_DAILY_COHORT,SUCCESS,reservation-no-show-v1.0,reservation-no-show-feature-v1.0,29,5
RES-c525bc9b6d2a70ecd08c9dd7ca994f4a,2026-09-24 18:00:00,True,0.017118716634563304,1,True,HIGH,TOP_15_PERCENT_DAILY_COHORT,SUCCESS,reservation-no-show-v1.0,reservation-no-show-feature-v1.0,29,5
RES-124ba8ac78cd27c475b26445037b746e,2026-10-11 18:00:00,True,0.0053727800531742,19,False,LOW,TOP_15_PERCENT_DAILY_COHORT,SUCCESS,reservation-no-show-v1.0,reservation-no-show-feature-v1.0,29,5
RES-ed8c5cd1fa33acbf4625f5bf05cbd6d0,2026-10-28 18:00:00,True,0.006579911942659048,18,False,LOW,TOP_15_PERCENT_DAILY_COHORT,SUCCESS,reservation-no-show-v1.0,reservation-no-show-feature-v1.0,29,5
RES-a73d9e7f757da82d5d3f3f45d79b99f5,2026-11-14 18:00:00,True,0.023160476019067386,3,True,HIGH,TOP_15_PERCENT_DAILY_COHORT,SUCCESS,reservation-no-show-v1.0,reservation-no-show-feature-v1.0,29,5
RES-797d2eae1d6a0e5ae992d41b514fa0df,2026-12-01 18:00:00,True,0.004740705343975178,15,False,LOW,TOP_15_PERCENT_DAILY_COHORT,SUCCESS,reservation-no-show-v1.0,reservation-no-show-feature-v1.0,29,5
RES-2c240e648b2a02f4ca0319803848d4fa,2026-12-18 18:00:00,True,0.0059973088399379705,12,False,LOW,TOP_15_PERCENT_DAILY_COHORT,SUCCESS,reservation-no-show-v1.0,reservation-no-show-feature-v1.0,29,5
RES-0c3aa93caa04d8c45b4da799b1a200eb,2026-08-03 18:00:00,True,0.0045848777620785975,19,False,LOW,TOP_15_PERCENT_DAILY_COHORT,SUCCESS,reservation-no-show-v1.0,reservation-no-show-feature-v1.0,29,5
RES-c862e1215c83d52f1195f44208e315aa,2026-08-20 18:00:00,True,0.014180483334537598,8,False,LOW,TOP_15_PERCENT_DAILY_COHORT,SUCCESS,reservation-no-show-v1.0,reservation-no-show-feature-v1.0,29,5
RES-e22718e465926029b670a012035ffa77,2026-09-06 18:00:00,True,0.007988654534835625,12,False,LOW,TOP_15_PERCENT_DAILY_COHORT,SUCCESS,reservation-no-show-v1.0,reservation-no-show-feature-v1.0,29,5
RES-73a335cb40a8f4900ce880e5301ce79c,2026-09-23 18:00:00,True,0.009646601694157058,11,False,LOW,TOP_15_PERCENT_DAILY_COHORT,SUCCESS,reservation-no-show-v1.0,reservation-no-show-feature-v1.0,29,5
RES-8bf15e724a1e26b13cbdcadaf7d03682,2026-10-10 18:00:00,True,0.013090510987677299,9,False,LOW,TOP_15_PERCENT_DAILY_COHORT,SUCCESS,reservation-no-show-v1.0,reservation-no-show-feature-v1.0,29,5
RES-245c3f92ce95d2283407a0a653d4b1b7,2026-10-27 18:00:00,True,0.004763053131844792,24,False,LOW,TOP_15_PERCENT_DAILY_COHORT,SUCCESS,reservation-no-show-v1.0,reservation-no-show-feature-v1.0,29,5
RES-deb68a45439cc1f80473179fd6f59ead,2026-11-13 18:00:00,True,0.008914525767950078,11,False,LOW,TOP_15_PERCENT_DAILY_COHORT,SUCCESS,reservation-no-show-v1.0,reservation-no-show-feature-v1.0,29,5
RES-7dac6aea382cf8305db1ea04df5449ae,2026-11-30 18:00:00,True,0.025787752517391894,4,True,HIGH,TOP_15_PERCENT_DAILY_COHORT,SUCCESS,reservation-no-show-v1.0,reservation-no-show-feature-v1.0,29,5
RES-87e09af1a21ad14eb6a6280b4fa75be3,2026-12-17 18:00:00,True,0.004202405995771702,24,False,LOW,TOP_15_PERCENT_DAILY_COHORT,SUCCESS,reservation-no-show-v1.0,reservation-no-show-feature-v1.0,29,5
RES-07b1490ab7fdc7aca329ad855d124b42,2026-08-02 18:00:00,True,0.007260451376094524,23,False,LOW,TOP_15_PERCENT_DAILY_COHORT,SUCCESS,reservation-no-show-v1.0,reservation-no-show-feature-v1.0,29,5
RES-8874fc78a30752b0360ca65d6a027a1d,2026-08-19 18:00:00,True,0.004064200126905056,24,False,LOW,TOP_15_PERCENT_DAILY_COHORT,SUCCESS,reservation-no-show-v1.0,reservation-no-show-feature-v1.0,29,5
RES-0b923d4258c02edb46f80bd0c18bfef3,2026-09-05 18:00:00,True,0.014417539548764199,8,False,LOW,TOP_15_PERCENT_DAILY_COHORT,SUCCESS,reservation-no-show-v1.0,reservation-no-show-feature-v1.0,29,5
RES-8ee25527ff50a8573af83f997dfd01ab,2026-09-22 18:00:00,True,0.006437353066724438,25,False,LOW,TOP_15_PERCENT_DAILY_COHORT,SUCCESS,reservation-no-show-v1.0,reservation-no-show-feature-v1.0,29,5
RES-7032a1d43c70fab2a2fe6f1b3020f807,2026-10-09 18:00:00,True,0.006691328819714546,23,False,LOW,TOP_15_PERCENT_DAILY_COHORT,SUCCESS,reservation-no-show-v1.0,reservation-no-show-feature-v1.0,29,5
RES-749d66614557dcd75cbd80dba9992d00,2026-10-26 18:00:00,True,0.014638911346189127,7,False,LOW,TOP_15_PERCENT_DAILY_COHORT,SUCCESS,reservation-no-show-v1.0,reservation-no-show-feature-v1.0,29,5
RES-50442359017e86dd465ff755fa75e62c,2026-11-12 18:00:00,True,0.0056121842903626975,16,False,LOW,TOP_15_PERCENT_DAILY_COHORT,SUCCESS,reservation-no-show-v1.0,reservation-no-show-feature-v1.0,29,5
RES-dc418fe675beae03d7e21c420e39822d,2026-11-29 18:00:00,True,0.006183038136529334,21,False,LOW,TOP_15_PERCENT_DAILY_COHORT,SUCCESS,reservation-no-show-v1.0,reservation-no-show-feature-v1.0,29,5
RES-537520a5b0276c395a620bf373da8179,2026-08-01 18:00:00,True,0.02345175303278055,4,True,HIGH,TOP_15_PERCENT_DAILY_COHORT,SUCCESS,reservation-no-show-v1.0,reservation-no-show-feature-v1.0,29,5
RES-5d045b183a345c3e81a107b3172f1940,2026-08-18 18:00:00,True,0.009438231865893697,15,False,LOW,TOP_15_PERCENT_DAILY_COHORT,SUCCESS,reservation-no-show-v1.0,reservation-no-show-feature-v1.0,29,5
RES-0522b4ad608a714f04d173bb9aa4a685,2026-09-04 18:00:00,True,0.004549181399875516,20,False,LOW,TOP_15_PERCENT_DAILY_COHORT,SUCCESS,reservation-no-show-v1.0,reservation-no-show-feature-v1.0,29,5
RES-035afe27ac57a73157b5d01901de614a,2026-09-21 18:00:00,True,0.014660641411899641,9,False,LOW,TOP_15_PERCENT_DAILY_COHORT,SUCCESS,reservation-no-show-v1.0,reservation-no-show-feature-v1.0,29,5
RES-5aa990a0a0a24428649da99b669e0f28,2026-10-08 18:00:00,True,0.0068906658303482925,16,False,LOW,TOP_15_PERCENT_DAILY_COHORT,SUCCESS,reservation-no-show-v1.0,reservation-no-show-feature-v1.0,29,5
RES-d940ddcccbd8f2438ec244dfd37c47ba,2026-10-25 18:00:00,True,0.006805054404349046,26,False,LOW,TOP_15_PERCENT_DAILY_COHORT,SUCCESS,reservation-no-show-v1.0,reservation-no-show-feature-v1.0,29,5
RES-b4ee06531ddd82a9de78c85c604ca28a,2026-11-11 18:00:00,True,0.01424198741528711,8,False,LOW,TOP_15_PERCENT_DAILY_COHORT,SUCCESS,reservation-no-show-v1.0,reservation-no-show-feature-v1.0,29,5
RES-771b00f325f78044ab791ddaf9b8c876,2026-11-28 18:00:00,True,0.004725976140494624,24,False,LOW,TOP_15_PERCENT_DAILY_COHORT,SUCCESS,reservation-no-show-v1.0,reservation-no-show-feature-v1.0,29,5
RES-d1ce87da712bb71cf1cb16aff3e47019,2026-12-15 18:00:00,True,0.006618561562916979,21,False,LOW,TOP_15_PERCENT_DAILY_COHORT,SUCCESS,reservation-no-show-v1.0,reservation-no-show-feature-v1.0,29,5
RES-935c337301778c0c8ecd2c175c131622,2026-07-31 18:00:00,True,0.005014746699616734,22,False,LOW,TOP_15_PERCENT_DAILY_COHORT,SUCCESS,reservation-no-show-v1.0,reservation-no-show-feature-v1.0,29,5
RES-8846ed437a80b73f184dec4e598d43e8,2026-08-17 18:00:00,True,0.023843500382997717,4,True,HIGH,TOP_15_PERCENT_DAILY_COHORT,SUCCESS,reservation-no-show-v1.0,reservation-no-show-feature-v1.0,29,5
RES-872cae25eb8832799cd9dfa9fe51d32c,2026-09-03 18:00:00,True,0.00834433525624984,13,False,LOW,TOP_15_PERCENT_DAILY_COHORT,SUCCESS,reservation-no-show-v1.0,reservation-no-show-feature-v1.0,29,5
RES-4c87b46b93e491549039fcb02a03776e,2026-09-20 18:00:00,True,0.00509249079985734,18,False,LOW,TOP_15_PERCENT_DAILY_COHORT,SUCCESS,reservation-no-show-v1.0,reservation-no-show-feature-v1.0,29,5
RES-f2c74002c72948e67b1d94740c361ea2,2026-10-07 18:00:00,True,0.017243688777784108,4,True,HIGH,TOP_15_PERCENT_DAILY_COHORT,SUCCESS,reservation-no-show-v1.0,reservation-no-show-feature-v1.0,29,5
RES-f4b8eef0093d13b2d4a905fbded0ffcb,2026-10-24 18:00:00,True,0.0063873264835123044,23,False,LOW,TOP_15_PERCENT_DAILY_COHORT,SUCCESS,reservation-no-show-v1.0,reservation-no-show-feature-v1.0,29,5
RES-40a69aed121aa2ffa9b03ffbe469ce6a,2026-11-10 18:00:00,True,0.007284070544107822,20,False,LOW,TOP_15_PERCENT_DAILY_COHORT,SUCCESS,reservation-no-show-v1.0,reservation-no-show-feature-v1.0,29,5
RES-ff9b1a182cf609767e6667f207056009,2026-11-27 18:00:00,True,0.01930338160568173,3,True,HIGH,TOP_15_PERCENT_DAILY_COHORT,SUCCESS,reservation-no-show-v1.0,reservation-no-show-feature-v1.0,29,5
RES-821d1d121f3f465542cab40323d3cd97,2026-12-14 18:00:00,True,0.00479108220866379,23,False,LOW,TOP_15_PERCENT_DAILY_COHORT,SUCCESS,reservation-no-show-v1.0,reservation-no-show-feature-v1.0,29,5
RES-f9e9b42e2c3613e43d332a0e8409dbcb,2026-07-30 18:00:00,True,0.003879412343359472,27,False,LOW,TOP_15_PERCENT_DAILY_COHORT,SUCCESS,reservation-no-show-v1.0,reservation-no-show-feature-v1.0,29,5
RES-cec2a4ac63f7268c30941e625f384536,2026-08-16 18:00:00,True,0.0051001234623405745,20,False,LOW,TOP_15_PERCENT_DAILY_COHORT,SUCCESS,reservation-no-show-v1.0,reservation-no-show-feature-v1.0,29,5
RES-60976f27ba2e7f95172ab60d3dc078d2,2026-09-02 18:00:00,True,0.021115614798334036,8,False,LOW,TOP_15_PERCENT_DAILY_COHORT,SUCCESS,reservation-no-show-v1.0,reservation-no-show-feature-v1.0,29,5
RES-62eeab2153c93e134cbc45a0131c0fff,2026-09-19 18:00:00,True,0.006387858992922231,29,False,LOW,TOP_15_PERCENT_DAILY_COHORT,SUCCESS,reservation-no-show-v1.0,reservation-no-show-feature-v1.0,29,5
RES-13f98e2341093538d8d006022ad1df21,2026-10-06 18:00:00,True,0.004953110309926573,20,False,LOW,TOP_15_PERCENT_DAILY_COHORT,SUCCESS,reservation-no-show-v1.0,reservation-no-show-feature-v1.0,29,5
RES-d98c112db2ae1a34862757004abc807b,2026-10-23 18:00:00,True,0.019331899790092727,3,True,HIGH,TOP_15_PERCENT_DAILY_COHORT,SUCCESS,reservation-no-show-v1.0,reservation-no-show-feature-v1.0,29,5
RES-484600dd1e2e487938639ad970415bc3,2026-11-09 18:00:00,True,0.005883619643844494,28,False,LOW,TOP_15_PERCENT_DAILY_COHORT,SUCCESS,reservation-no-show-v1.0,reservation-no-show-feature-v1.0,29,5
RES-fc27c7be28c901cb1caf001cc4c0abb3,2026-11-26 18:00:00,True,0.0071078228887679834,20,False,LOW,TOP_15_PERCENT_DAILY_COHORT,SUCCESS,reservation-no-show-v1.0,reservation-no-show-feature-v1.0,29,5
RES-b4bcb31a46050f330865dce282af5ca3,2026-12-13 18:00:00,True,0.01619012200366102,3,True,HIGH,TOP_15_PERCENT_DAILY_COHORT,SUCCESS,reservation-no-show-v1.0,reservation-no-show-feature-v1.0,29,5
RES-29645a4bb5140deb1ecdc41e3ceb4258,2026-07-29 18:00:00,True,0.02327787767458437,5,True,HIGH,TOP_15_PERCENT_DAILY_COHORT,SUCCESS,reservation-no-show-v1.0,reservation-no-show-feature-v1.0,29,5
RES-4a9be66c9377ed506ef6a64bd359be35,2026-08-15 18:00:00,True,0.004779781731728824,15,False,LOW,TOP_15_PERCENT_DAILY_COHORT,SUCCESS,reservation-no-show-v1.0,reservation-no-show-feature-v1.0,29,5
RES-8c0067790d106379c74ca561a907d949,2026-09-01 18:00:00,True,0.004960535109493708,21,False,LOW,TOP_15_PERCENT_DAILY_COHORT,SUCCESS,reservation-no-show-v1.0,reservation-no-show-feature-v1.0,29,5
RES-e0304b00713c89175cf4e6e027dcfa21,2026-09-18 18:00:00,True,0.03776147364856691,1,True,HIGH,TOP_15_PERCENT_DAILY_COHORT,SUCCESS,reservation-no-show-v1.0,reservation-no-show-feature-v1.0,29,5
RES-301108c0a4193644b8709c63ea9528fe,2026-10-05 18:00:00,True,0.0071263649689681605,23,False,LOW,TOP_15_PERCENT_DAILY_COHORT,SUCCESS,reservation-no-show-v1.0,reservation-no-show-feature-v1.0,29,5
RES-b490f8833b1b06ae82ba739e5260d98d,2026-10-22 18:00:00,True,0.004832988715688793,14,False,LOW,TOP_15_PERCENT_DAILY_COHORT,SUCCESS,reservation-no-show-v1.0,reservation-no-show-feature-v1.0,29,5
RES-ee710bdaa3ee0a8d847b7022126478ad,2026-11-08 18:00:00,True,0.017825692978985428,2,True,HIGH,TOP_15_PERCENT_DAILY_COHORT,SUCCESS,reservation-no-show-v1.0,reservation-no-show-feature-v1.0,29,5
RES-46c20af8be9ab95fa8d5560a006ee312,2026-11-25 18:00:00,True,0.006422248283911173,23,False,LOW,TOP_15_PERCENT_DAILY_COHORT,SUCCESS,reservation-no-show-v1.0,reservation-no-show-feature-v1.0,29,5
RES-023afbfc35187acc2b90eb9d85fff9a3,2026-12-12 18:00:00,True,0.010591929685322974,11,False,LOW,TOP_15_PERCENT_DAILY_COHORT,SUCCESS,reservation-no-show-v1.0,reservation-no-show-feature-v1.0,29,5
RES-7495e8eac0097f309d9c7ee3d32e584f,2026-07-28 18:00:00,True,0.007974244994598515,14,False,LOW,TOP_15_PERCENT_DAILY_COHORT,SUCCESS,reservation-no-show-v1.0,reservation-no-show-feature-v1.0,29,5
RES-73e33e15fa10fa8ec980cabfa4ef2f0d,2026-08-14 18:00:00,True,0.021535591818033894,7,False,LOW,TOP_15_PERCENT_DAILY_COHORT,SUCCESS,reservation-no-show-v1.0,reservation-no-show-feature-v1.0,29,5
RES-a2a35f11af7b4cfb36d2138f1fb3eb1f,2026-08-31 18:00:00,True,0.004402284771241655,22,False,LOW,TOP_15_PERCENT_DAILY_COHORT,SUCCESS,reservation-no-show-v1.0,reservation-no-show-feature-v1.0,29,5
RES-a1cda071395622572370522858fac165,2026-09-17 18:00:00,True,0.005327443543024324,13,False,LOW,TOP_15_PERCENT_DAILY_COHORT,SUCCESS,reservation-no-show-v1.0,reservation-no-show-feature-v1.0,29,5
RES-386cc8b27f2dbb7ee03089203914d8c3,2026-10-04 18:00:00,True,0.028932806160757676,1,True,HIGH,TOP_15_PERCENT_DAILY_COHORT,SUCCESS,reservation-no-show-v1.0,reservation-no-show-feature-v1.0,29,5
RES-fd614d6f879bc2f50aa543c5c5fde399,2026-10-21 18:00:00,True,0.008420103613710974,13,False,LOW,TOP_15_PERCENT_DAILY_COHORT,SUCCESS,reservation-no-show-v1.0,reservation-no-show-feature-v1.0,29,5
RES-f23a1aa31206bc5ed5fa6e93c5c26b9a,2026-11-07 18:00:00,True,0.004056288931689668,24,False,LOW,TOP_15_PERCENT_DAILY_COHORT,SUCCESS,reservation-no-show-v1.0,reservation-no-show-feature-v1.0,29,5
RES-c6c749506c295fc06fec9d234b105d9e,2026-11-24 18:00:00,True,0.017398847380460845,4,True,HIGH,TOP_15_PERCENT_DAILY_COHORT,SUCCESS,reservation-no-show-v1.0,reservation-no-show-feature-v1.0,29,5
RES-93355e6023e32fdb0dbf4b850430151a,2026-12-11 18:00:00,True,0.006424852195772518,26,False,LOW,TOP_15_PERCENT_DAILY_COHORT,SUCCESS,reservation-no-show-v1.0,reservation-no-show-feature-v1.0,29,5
RES-e76c456420f0f8290e55e252a2540ff6,2026-08-13 18:00:00,True,0.006541486533719427,20,False,LOW,TOP_15_PERCENT_DAILY_COHORT,SUCCESS,reservation-no-show-v1.0,reservation-no-show-feature-v1.0,29,5
RES-00476d1f4d99907bc50e939ef38dbe5a,2026-08-30 18:00:00,True,0.024058560302430355,7,False,LOW,TOP_15_PERCENT_DAILY_COHORT,SUCCESS,reservation-no-show-v1.0,reservation-no-show-feature-v1.0,29,5
RES-3841f2e6e9b1e07c450bcd2c8b40153f,2026-09-16 18:00:00,True,0.005204078962459957,16,False,LOW,TOP_15_PERCENT_DAILY_COHORT,SUCCESS,reservation-no-show-v1.0,reservation-no-show-feature-v1.0,29,5
RES-9e5ebac766f05fc98a59c38e541cf7d5,2026-10-03 18:00:00,True,0.004471637984317481,24,False,LOW,TOP_15_PERCENT_DAILY_COHORT,SUCCESS,reservation-no-show-v1.0,reservation-no-show-feature-v1.0,29,5
RES-758736ff393a641d9d04bf54cfe46b6a,2026-10-20 18:00:00,True,0.02341037935279812,3,True,HIGH,TOP_15_PERCENT_DAILY_COHORT,SUCCESS,reservation-no-show-v1.0,reservation-no-show-feature-v1.0,29,5
RES-6322360cd16a6ab0e438479b377dc3cf,2026-11-06 18:00:00,True,0.0070710219767702795,24,False,LOW,TOP_15_PERCENT_DAILY_COHORT,SUCCESS,reservation-no-show-v1.0,reservation-no-show-feature-v1.0,29,5
RES-5daaf7a5d7dab316bb39b61c81616b3e,2026-11-23 18:00:00,True,0.004998240822223924,15,False,LOW,TOP_15_PERCENT_DAILY_COHORT,SUCCESS,reservation-no-show-v1.0,reservation-no-show-feature-v1.0,29,5
RES-5b8cc0ca6d2e2b3a52de95596408b89e,2026-12-10 18:00:00,True,0.02247771761952222,1,True,HIGH,TOP_15_PERCENT_DAILY_COHORT,SUCCESS,reservation-no-show-v1.0,reservation-no-show-feature-v1.0,29,5
RES-4600e3d45fbe68c53d8780c53c55195d,2026-08-12 18:00:00,True,0.00473518725221237,20,False,LOW,TOP_15_PERCENT_DAILY_COHORT,SUCCESS,reservation-no-show-v1.0,reservation-no-show-feature-v1.0,29,5
RES-52f168e8e1373479000dfabf873a4cf9,2026-08-29 18:00:00,True,0.008080466850912505,11,False,LOW,TOP_15_PERCENT_DAILY_COHORT,SUCCESS,reservation-no-show-v1.0,reservation-no-show-feature-v1.0,29,5
RES-4eba63d09b0c831063df8a39892f4e68,2026-09-15 18:00:00,True,0.028249947330371974,1,True,HIGH,TOP_15_PERCENT_DAILY_COHORT,SUCCESS,reservation-no-show-v1.0,reservation-no-show-feature-v1.0,29,5
RES-33f17a3cc4fa21ead3eba8dd2d0f5f03,2026-10-02 18:00:00,True,0.0043680037802880595,23,False,LOW,TOP_15_PERCENT_DAILY_COHORT,SUCCESS,reservation-no-show-v1.0,reservation-no-show-feature-v1.0,29,5
RES-f252b15757192f89cd11aea4c84b9835,2026-10-19 18:00:00,True,0.0045478105086113494,25,False,LOW,TOP_15_PERCENT_DAILY_COHORT,SUCCESS,reservation-no-show-v1.0,reservation-no-show-feature-v1.0,29,5
RES-dc5006109fbe99ef30b7c02e249d0e0c,2026-11-05 18:00:00,True,0.025028808862815954,3,True,HIGH,TOP_15_PERCENT_DAILY_COHORT,SUCCESS,reservation-no-show-v1.0,reservation-no-show-feature-v1.0,29,5
RES-f8c0e20be1fc01960eaa8e8bc1dac29d,2026-11-22 18:00:00,True,0.008706935136242783,15,False,LOW,TOP_15_PERCENT_DAILY_COHORT,SUCCESS,reservation-no-show-v1.0,reservation-no-show-feature-v1.0,29,5
RES-7ffe1af7cd812dc3147005fbe43508fb,2026-12-09 18:00:00,True,0.005350758326905192,12,False,LOW,TOP_15_PERCENT_DAILY_COHORT,SUCCESS,reservation-no-show-v1.0,reservation-no-show-feature-v1.0,29,5
RES-9522b4d7a7c51e10df8ebf4d83845f3e,2026-08-11 18:00:00,True,0.014554112441465957,4,True,HIGH,TOP_15_PERCENT_DAILY_COHORT,SUCCESS,reservation-no-show-v1.0,reservation-no-show-feature-v1.0,29,5
RES-07595815f1d02b201a49ef855ffddd99,2026-08-28 18:00:00,True,0.005316813626856756,19,False,LOW,TOP_15_PERCENT_DAILY_COHORT,SUCCESS,reservation-no-show-v1.0,reservation-no-show-feature-v1.0,29,5
RES-e2abf936e48b49fc4b29b3465e58ec2b,2026-09-14 18:00:00,True,0.008191404767490576,11,False,LOW,TOP_15_PERCENT_DAILY_COHORT,SUCCESS,reservation-no-show-v1.0,reservation-no-show-feature-v1.0,29,5
RES-a6f69cc89eba59eaa26ee999eea6bed3,2026-10-01 18:00:00,True,0.025030856355386284,4,True,HIGH,TOP_15_PERCENT_DAILY_COHORT,SUCCESS,reservation-no-show-v1.0,reservation-no-show-feature-v1.0,29,5
RES-b9bc6dbedebbeade71aec52080acd4d5,2026-10-18 18:00:00,True,0.004889781399620306,18,False,LOW,TOP_15_PERCENT_DAILY_COHORT,SUCCESS,reservation-no-show-v1.0,reservation-no-show-feature-v1.0,29,5
RES-f1f5e7cc5efc32350d816135dae78740,2026-11-04 18:00:00,True,0.005897871339470336,14,False,LOW,TOP_15_PERCENT_DAILY_COHORT,SUCCESS,reservation-no-show-v1.0,reservation-no-show-feature-v1.0,29,5
RES-8275c6b0a72886a6fc992216538a03f6,2026-11-21 18:00:00,True,0.023231534489259468,3,True,HIGH,TOP_15_PERCENT_DAILY_COHORT,SUCCESS,reservation-no-show-v1.0,reservation-no-show-feature-v1.0,29,5
RES-a30327b6b908ba00e88286608cd192b9,2026-12-08 18:00:00,True,0.006994737428979259,22,False,LOW,TOP_15_PERCENT_DAILY_COHORT,SUCCESS,reservation-no-show-v1.0,reservation-no-show-feature-v1.0,29,5
RES-6cc2f996234117e3071e7444a56cd0f5,2026-08-10 18:00:00,True,0.006765323161004564,28,False,LOW,TOP_15_PERCENT_DAILY_COHORT,SUCCESS,reservation-no-show-v1.0,reservation-no-show-feature-v1.0,30,5
RES-dfe6aaec8e46907e096f74c9a6889fa0,2026-08-27 18:00:00,True,0.015619475833008673,4,True,HIGH,TOP_15_PERCENT_DAILY_COHORT,SUCCESS,reservation-no-show-v1.0,reservation-no-show-feature-v1.0,30,5
RES-b38e5a7688c7d498dad826eec45b1183,2026-09-13 18:00:00,True,0.006528641241035045,11,False,LOW,TOP_15_PERCENT_DAILY_COHORT,SUCCESS,reservation-no-show-v1.0,reservation-no-show-feature-v1.0,30,5
RES-d662c8d5c1a78184c3a24817797dddf6,2026-09-30 18:00:00,True,0.0072409598033237104,13,False,LOW,TOP_15_PERCENT_DAILY_COHORT,SUCCESS,reservation-no-show-v1.0,reservation-no-show-feature-v1.0,30,5
RES-e3e2333f26fbcc817817193e6d33acbe,2026-10-17 18:00:00,True,0.023233438458649756,7,False,LOW,TOP_15_PERCENT_DAILY_COHORT,SUCCESS,reservation-no-show-v1.0,reservation-no-show-feature-v1.0,30,5
RES-af37c86241b1b7a0bbcd9c375d6bc4d7,2026-11-03 18:00:00,True,0.0052346896876453,14,False,LOW,TOP_15_PERCENT_DAILY_COHORT,SUCCESS,reservation-no-show-v1.0,reservation-no-show-feature-v1.0,30,5
RES-d5197bc9b8bfca6fd9ffff984dc1d14c,2026-11-20 18:00:00,True,0.005466653008743596,14,False,LOW,TOP_15_PERCENT_DAILY_COHORT,SUCCESS,reservation-no-show-v1.0,reservation-no-show-feature-v1.0,30,5
RES-74b6a80e04d549d9b9ff937bc4df16d0,2026-12-07 18:00:00,True,0.021428134241184373,5,True,HIGH,TOP_15_PERCENT_DAILY_COHORT,SUCCESS,reservation-no-show-v1.0,reservation-no-show-feature-v1.0,30,5
RES-c3ca3d35e7b893457fa4544c489004c3,2026-12-24 18:00:00,True,0.0068254424343003935,21,False,LOW,TOP_15_PERCENT_DAILY_COHORT,SUCCESS,reservation-no-show-v1.0,reservation-no-show-feature-v1.0,30,5
RES-6845867e4f081151e08383cc27005b1c,2026-08-09 18:00:00,True,0.0066182223411103734,25,False,LOW,TOP_15_PERCENT_DAILY_COHORT,SUCCESS,reservation-no-show-v1.0,reservation-no-show-feature-v1.0,29,5
RES-a3c946526c1789fabb0d3c0e531d82b5,2026-08-26 18:00:00,True,0.00879590526152127,14,False,LOW,TOP_15_PERCENT_DAILY_COHORT,SUCCESS,reservation-no-show-v1.0,reservation-no-show-feature-v1.0,29,5
RES-4d0135535efb0140531721b57bec3a95,2026-09-12 18:00:00,True,0.01745917637119875,1,True,HIGH,TOP_15_PERCENT_DAILY_COHORT,SUCCESS,reservation-no-show-v1.0,reservation-no-show-feature-v1.0,29,5
RES-ba16a4891626f6e23f9da4bf1b50199e,2026-09-29 18:00:00,True,0.005788505456013496,12,False,LOW,TOP_15_PERCENT_DAILY_COHORT,SUCCESS,reservation-no-show-v1.0,reservation-no-show-feature-v1.0,29,5
RES-790e11ef2277f8342c326ed028a8d9cb,2026-10-16 18:00:00,True,0.007386445497208154,15,False,LOW,TOP_15_PERCENT_DAILY_COHORT,SUCCESS,reservation-no-show-v1.0,reservation-no-show-feature-v1.0,29,5
RES-173d99e508f7821b208a6a05cb62088c,2026-11-02 18:00:00,True,0.03758223093827101,1,True,HIGH,TOP_15_PERCENT_DAILY_COHORT,SUCCESS,reservation-no-show-v1.0,reservation-no-show-feature-v1.0,29,5
RES-341f84c9d11eeb141b03e0353d4091c0,2026-11-19 18:00:00,True,0.004215902592625188,27,False,LOW,TOP_15_PERCENT_DAILY_COHORT,SUCCESS,reservation-no-show-v1.0,reservation-no-show-feature-v1.0,29,5
RES-dc30a29d9d701786bccd061f209b149c,2026-12-06 18:00:00,True,0.005035182879249471,21,False,LOW,TOP_15_PERCENT_DAILY_COHORT,SUCCESS,reservation-no-show-v1.0,reservation-no-show-feature-v1.0,29,5
RES-62e09d4774442ff9ab2706defe259a3c,2026-12-23 18:00:00,True,0.02773679433676105,1,True,HIGH,TOP_15_PERCENT_DAILY_COHORT,SUCCESS,reservation-no-show-v1.0,reservation-no-show-feature-v1.0,29,5
RES-d74878ee241c590b7494163357c4793e,2026-08-08 18:00:00,True,0.023212527123193338,1,True,HIGH,TOP_15_PERCENT_DAILY_COHORT,SUCCESS,reservation-no-show-v1.0,reservation-no-show-feature-v1.0,29,5
RES-f94d68a096797d913182016e3de4edf0,2026-08-25 18:00:00,True,0.0071068667020654855,20,False,LOW,TOP_15_PERCENT_DAILY_COHORT,SUCCESS,reservation-no-show-v1.0,reservation-no-show-feature-v1.0,29,5
RES-cccbab90e3d866020a6065a72e722438,2026-09-11 18:00:00,True,0.00738706068358771,16,False,LOW,TOP_15_PERCENT_DAILY_COHORT,SUCCESS,reservation-no-show-v1.0,reservation-no-show-feature-v1.0,29,5
RES-4bdea32830a5425485cc4244f6452c5e,2026-09-28 18:00:00,True,0.013353898817735773,9,False,LOW,TOP_15_PERCENT_DAILY_COHORT,SUCCESS,reservation-no-show-v1.0,reservation-no-show-feature-v1.0,29,5
RES-84890cc90808c883f9207a6bf99ff9c3,2026-10-15 18:00:00,True,0.004647519228758806,22,False,LOW,TOP_15_PERCENT_DAILY_COHORT,SUCCESS,reservation-no-show-v1.0,reservation-no-show-feature-v1.0,29,5
RES-81ebf27844417b7dff16a8794945bae2,2026-11-01 18:00:00,True,0.00680448735455934,17,False,LOW,TOP_15_PERCENT_DAILY_COHORT,SUCCESS,reservation-no-show-v1.0,reservation-no-show-feature-v1.0,29,5
RES-537ad6d9611043e6559fea3f194c315f,2026-11-18 18:00:00,True,0.020918581706424553,9,False,LOW,TOP_15_PERCENT_DAILY_COHORT,SUCCESS,reservation-no-show-v1.0,reservation-no-show-feature-v1.0,29,5
RES-80f926bdcf4788bc3691ab3ffbc9c9ab,2026-12-05 18:00:00,True,0.006394869909786783,11,False,LOW,TOP_15_PERCENT_DAILY_COHORT,SUCCESS,reservation-no-show-v1.0,reservation-no-show-feature-v1.0,29,5
RES-e6999b4c97f0d19fe737601177307784,2026-12-22 18:00:00,True,0.004913080709247872,20,False,LOW,TOP_15_PERCENT_DAILY_COHORT,SUCCESS,reservation-no-show-v1.0,reservation-no-show-feature-v1.0,29,5
RES-9cbe74393893dedc67cf2a4775c1f6ea,2026-08-07 18:00:00,True,0.004918494910345524,20,False,LOW,TOP_15_PERCENT_DAILY_COHORT,SUCCESS,reservation-no-show-v1.0,reservation-no-show-feature-v1.0,29,5
RES-b0ba1dab4fb94f75e13565e6b6e8fcbd,2026-08-24 18:00:00,True,0.01777890981527635,4,True,HIGH,TOP_15_PERCENT_DAILY_COHORT,SUCCESS,reservation-no-show-v1.0,reservation-no-show-feature-v1.0,29,5
RES-82e1f2146e01e575ee043f47d61c091b,2026-09-10 18:00:00,True,0.006281463217633407,23,False,LOW,TOP_15_PERCENT_DAILY_COHORT,SUCCESS,reservation-no-show-v1.0,reservation-no-show-feature-v1.0,29,5
RES-7c2f0aff1f6dbed17080e2fe8565bcd0,2026-09-27 18:00:00,True,0.007512521470798975,18,False,LOW,TOP_15_PERCENT_DAILY_COHORT,SUCCESS,reservation-no-show-v1.0,reservation-no-show-feature-v1.0,29,5
RES-99635a8616010d77512ac8dce9e37f6a,2026-10-14 18:00:00,True,0.012991357738041621,9,False,LOW,TOP_15_PERCENT_DAILY_COHORT,SUCCESS,reservation-no-show-v1.0,reservation-no-show-feature-v1.0,29,5
RES-383a8ac87d261c798e58dc94ed0cda79,2026-10-31 18:00:00,True,0.0042935353213235635,24,False,LOW,TOP_15_PERCENT_DAILY_COHORT,SUCCESS,reservation-no-show-v1.0,reservation-no-show-feature-v1.0,29,5
RES-45718feb0941c1507dfe5c61c0a6fb80,2026-11-17 18:00:00,True,0.007306783096361508,15,False,LOW,TOP_15_PERCENT_DAILY_COHORT,SUCCESS,reservation-no-show-v1.0,reservation-no-show-feature-v1.0,29,5
RES-563b9121b8e8660b9b446b34f1da70ac,2026-12-04 18:00:00,True,0.025671640286690518,4,True,HIGH,TOP_15_PERCENT_DAILY_COHORT,SUCCESS,reservation-no-show-v1.0,reservation-no-show-feature-v1.0,29,5
RES-60f4d658893274df98fb8b975c3f4458,2026-12-21 18:00:00,True,0.005282372204479151,13,False,LOW,TOP_15_PERCENT_DAILY_COHORT,SUCCESS,reservation-no-show-v1.0,reservation-no-show-feature-v1.0,29,5
RES-a6d80f9f0b1465bc83d6c2fcdc087a40,2026-08-06 18:00:00,True,0.006913312211731343,24,False,LOW,TOP_15_PERCENT_DAILY_COHORT,SUCCESS,reservation-no-show-v1.0,reservation-no-show-feature-v1.0,29,5
RES-c5576a3635420bfc1ba1846e5cba37a0,2026-08-23 18:00:00,True,0.0068104149607562895,11,False,LOW,TOP_15_PERCENT_DAILY_COHORT,SUCCESS,reservation-no-show-v1.0,reservation-no-show-feature-v1.0,29,5
RES-5b66235ec0452b9f03c25db68db5ab8a,2026-09-09 18:00:00,True,0.015733678239092115,4,True,HIGH,TOP_15_PERCENT_DAILY_COHORT,SUCCESS,reservation-no-show-v1.0,reservation-no-show-feature-v1.0,29,5
RES-da8b36b333221f64b4622a63229a7e2d,2026-09-26 18:00:00,True,0.006407795094531577,25,False,LOW,TOP_15_PERCENT_DAILY_COHORT,SUCCESS,reservation-no-show-v1.0,reservation-no-show-feature-v1.0,29,5
RES-d2c5f3bac18c1578a5657baa544f71fc,2026-10-13 18:00:00,True,0.008847455437487571,14,False,LOW,TOP_15_PERCENT_DAILY_COHORT,SUCCESS,reservation-no-show-v1.0,reservation-no-show-feature-v1.0,29,5
RES-33cf6dd8157b7728475177e44112541d,2026-10-30 18:00:00,True,0.013250838556859238,9,False,LOW,TOP_15_PERCENT_DAILY_COHORT,SUCCESS,reservation-no-show-v1.0,reservation-no-show-feature-v1.0,29,5
RES-68d52da74d28527b08d49ea32004ff4e,2026-11-16 18:00:00,True,0.004806460293512916,25,False,LOW,TOP_15_PERCENT_DAILY_COHORT,SUCCESS,reservation-no-show-v1.0,reservation-no-show-feature-v1.0,29,5
RES-b17f01a3b10fce29627c5e8232171126,2026-12-03 18:00:00,True,0.0058682919498673596,27,False,LOW,TOP_15_PERCENT_DAILY_COHORT,SUCCESS,reservation-no-show-v1.0,reservation-no-show-feature-v1.0,29,5
RES-e20b21f9d57f72d79becccb0ad246ee3,2026-12-20 18:00:00,True,0.02609947845118605,4,True,HIGH,TOP_15_PERCENT_DAILY_COHORT,SUCCESS,reservation-no-show-v1.0,reservation-no-show-feature-v1.0,29,5
RES-7961b255686dbc595ce26cd865182538,2026-08-05 18:00:00,True,0.025571203646476696,2,True,HIGH,TOP_15_PERCENT_DAILY_COHORT,SUCCESS,reservation-no-show-v1.0,reservation-no-show-feature-v1.0,29,5
RES-8d8b40b97747707a8af7a8e1b19e1832,2026-08-22 18:00:00,True,0.006408329299397326,25,False,LOW,TOP_15_PERCENT_DAILY_COHORT,SUCCESS,reservation-no-show-v1.0,reservation-no-show-feature-v1.0,29,5
RES-a455c0e553ccbe5b54833dc9a6cc6aad,2026-09-08 18:00:00,True,0.004969005864732259,11,False,LOW,TOP_15_PERCENT_DAILY_COHORT,SUCCESS,reservation-no-show-v1.0,reservation-no-show-feature-v1.0,29,5
RES-debeb579c7816ba6e921d00d918d0543,2026-09-25 18:00:00,True,0.01764230966834298,4,True,HIGH,TOP_15_PERCENT_DAILY_COHORT,SUCCESS,reservation-no-show-v1.0,reservation-no-show-feature-v1.0,29,5
RES-a23b603ed8581d4ff5e66d5f12530bed,2026-10-12 18:00:00,True,0.006495919044636758,22,False,LOW,TOP_15_PERCENT_DAILY_COHORT,SUCCESS,reservation-no-show-v1.0,reservation-no-show-feature-v1.0,29,5
RES-b268cd176a2ca5aece43710ce49a8658,2026-10-29 18:00:00,True,0.00784651769992123,17,False,LOW,TOP_15_PERCENT_DAILY_COHORT,SUCCESS,reservation-no-show-v1.0,reservation-no-show-feature-v1.0,29,5
RES-669aec94edc5468ca0d4198a1ff57fc6,2026-11-15 18:00:00,True,0.014770984451436122,8,False,LOW,TOP_15_PERCENT_DAILY_COHORT,SUCCESS,reservation-no-show-v1.0,reservation-no-show-feature-v1.0,29,5
RES-2f6ae922e2f3b3943f32522208d3ff81,2026-12-02 18:00:00,True,0.005145521788320952,23,False,LOW,TOP_15_PERCENT_DAILY_COHORT,SUCCESS,reservation-no-show-v1.0,reservation-no-show-feature-v1.0,29,5
RES-f086fb44aca154ede22d42f592740c4d,2026-12-19 18:00:00,True,0.007250049217139316,17,False,LOW,TOP_15_PERCENT_DAILY_COHORT,SUCCESS,reservation-no-show-v1.0,reservation-no-show-feature-v1.0,29,5
RES-7a94ab80eae72427a388a2e1528b4d29,2026-08-04 18:00:00,True,0.0045211981689408254,28,False,LOW,TOP_15_PERCENT_DAILY_COHORT,SUCCESS,reservation-no-show-v1.0,reservation-no-show-feature-v1.0,29,5
RES-e9499e93d1a177cdb15cd44129c9b467,2026-08-21 18:00:00,True,0.02373592907467498,3,True,HIGH,TOP_15_PERCENT_DAILY_COHORT,SUCCESS,reservation-no-show-v1.0,reservation-no-show-feature-v1.0,29,5
RES-9fe1db496e0c532cf8bf14f31d40da80,2026-09-07 18:00:00,True,0.00952383764513281,11,False,LOW,TOP_15_PERCENT_DAILY_COHORT,SUCCESS,reservation-no-show-v1.0,reservation-no-show-feature-v1.0,29,5
RES-34a4e4ccf87526c8245bbdf79ad971b9,2026-09-24 18:00:00,True,0.005336537481622875,13,False,LOW,TOP_15_PERCENT_DAILY_COHORT,SUCCESS,reservation-no-show-v1.0,reservation-no-show-feature-v1.0,29,5
RES-2f7f9f90bd432047e03d7d9cf187216f,2026-10-11 18:00:00,True,0.019656212703316828,3,True,HIGH,TOP_15_PERCENT_DAILY_COHORT,SUCCESS,reservation-no-show-v1.0,reservation-no-show-feature-v1.0,29,5
RES-5c999a7dc0b78c5365a6e116038f853f,2026-10-28 18:00:00,True,0.006338619983432935,23,False,LOW,TOP_15_PERCENT_DAILY_COHORT,SUCCESS,reservation-no-show-v1.0,reservation-no-show-feature-v1.0,29,5
RES-6ca7dce6d930b9d061638c4b110e00fc,2026-11-14 18:00:00,True,0.006588726207935242,22,False,LOW,TOP_15_PERCENT_DAILY_COHORT,SUCCESS,reservation-no-show-v1.0,reservation-no-show-feature-v1.0,29,5
RES-b8db3c2e4e7c7008f3d3cc9e22809378,2026-12-01 18:00:00,True,0.01909766848048251,1,True,HIGH,TOP_15_PERCENT_DAILY_COHORT,SUCCESS,reservation-no-show-v1.0,reservation-no-show-feature-v1.0,29,5
RES-cc77eda2f6cb1bd6717ec767e5494098,2026-12-18 18:00:00,True,0.007699748547595501,10,False,LOW,TOP_15_PERCENT_DAILY_COHORT,SUCCESS,reservation-no-show-v1.0,reservation-no-show-feature-v1.0,29,5
RES-d593ea4a5256d8da06dabe13fa0b99d5,2026-08-03 18:00:00,True,0.004416420458861739,24,False,LOW,TOP_15_PERCENT_DAILY_COHORT,SUCCESS,reservation-no-show-v1.0,reservation-no-show-feature-v1.0,29,5
RES-a002e2fb5993a854e4beceb1cfa101b9,2026-08-20 18:00:00,True,0.006473614841386174,14,False,LOW,TOP_15_PERCENT_DAILY_COHORT,SUCCESS,reservation-no-show-v1.0,reservation-no-show-feature-v1.0,29,5
RES-85009321cdd4cf14ebce8da6af53bb28,2026-09-06 18:00:00,True,0.034978951894586746,2,True,HIGH,TOP_15_PERCENT_DAILY_COHORT,SUCCESS,reservation-no-show-v1.0,reservation-no-show-feature-v1.0,29,5
RES-c9c1ef2bcbf89378e2c6e10a2fbc5c92,2026-09-23 18:00:00,True,0.007676728891736869,16,False,LOW,TOP_15_PERCENT_DAILY_COHORT,SUCCESS,reservation-no-show-v1.0,reservation-no-show-feature-v1.0,29,5
RES-06396fa1e5ce684f705f03a7e311bece,2026-10-10 18:00:00,True,0.005972436372163871,11,False,LOW,TOP_15_PERCENT_DAILY_COHORT,SUCCESS,reservation-no-show-v1.0,reservation-no-show-feature-v1.0,29,5
RES-896338fad7eebef889cb7bb85d773b48,2026-10-27 18:00:00,True,0.02317156547229615,1,True,HIGH,TOP_15_PERCENT_DAILY_COHORT,SUCCESS,reservation-no-show-v1.0,reservation-no-show-feature-v1.0,29,5
RES-e5272211385f7e56b3a5a43a9a2a0559,2026-11-13 18:00:00,True,0.00709307496616941,20,False,LOW,TOP_15_PERCENT_DAILY_COHORT,SUCCESS,reservation-no-show-v1.0,reservation-no-show-feature-v1.0,29,5
RES-0345e6ff43dd6deac00c7af0a913279e,2026-11-30 18:00:00,True,0.007350282829908609,21,False,LOW,TOP_15_PERCENT_DAILY_COHORT,SUCCESS,reservation-no-show-v1.0,reservation-no-show-feature-v1.0,29,5
RES-96908a6fca903910010b516ec189c83c,2026-12-17 18:00:00,True,0.016956934451698567,2,True,HIGH,TOP_15_PERCENT_DAILY_COHORT,SUCCESS,reservation-no-show-v1.0,reservation-no-show-feature-v1.0,29,5
RES-632eacc9600deb1216f3ce9ff8a8d839,2026-08-02 18:00:00,True,0.024058560302430355,3,True,HIGH,TOP_15_PERCENT_DAILY_COHORT,SUCCESS,reservation-no-show-v1.0,reservation-no-show-feature-v1.0,29,5
RES-2851af4cac491bcc6a6bf0f643063209,2026-08-19 18:00:00,True,0.005220775701750244,13,False,LOW,TOP_15_PERCENT_DAILY_COHORT,SUCCESS,reservation-no-show-v1.0,reservation-no-show-feature-v1.0,29,5
RES-7d05dde297e48dca477fbe0e780ec476,2026-09-05 18:00:00,True,0.00658269504055747,11,False,LOW,TOP_15_PERCENT_DAILY_COHORT,SUCCESS,reservation-no-show-v1.0,reservation-no-show-feature-v1.0,29,5
RES-5dbe3eca5f07ada2cb5daeddef9e381a,2026-09-22 18:00:00,True,0.019446252187964117,9,False,LOW,TOP_15_PERCENT_DAILY_COHORT,SUCCESS,reservation-no-show-v1.0,reservation-no-show-feature-v1.0,29,5
RES-a45fb9c1114aa56197ea0d6487a941e8,2026-10-09 18:00:00,True,0.008589075747178319,12,False,LOW,TOP_15_PERCENT_DAILY_COHORT,SUCCESS,reservation-no-show-v1.0,reservation-no-show-feature-v1.0,29,5
RES-74f0b6b667a2a0e37cf342d7e7542d74,2026-10-26 18:00:00,True,0.004138665833421162,26,False,LOW,TOP_15_PERCENT_DAILY_COHORT,SUCCESS,reservation-no-show-v1.0,reservation-no-show-feature-v1.0,29,5
RES-77578625e906af8d208c9c6328eabb59,2026-11-12 18:00:00,True,0.01544554247895215,8,False,LOW,TOP_15_PERCENT_DAILY_COHORT,SUCCESS,reservation-no-show-v1.0,reservation-no-show-feature-v1.0,29,5
RES-c408f485566296ddd889ad4e30743cb8,2026-11-29 18:00:00,True,0.005956212677704646,25,False,LOW,TOP_15_PERCENT_DAILY_COHORT,SUCCESS,reservation-no-show-v1.0,reservation-no-show-feature-v1.0,29,5
RES-ed9153eedc01d17fdd3c139f5ee83fdc,2026-12-16 18:00:00,True,0.008684316542926526,13,False,LOW,TOP_15_PERCENT_DAILY_COHORT,SUCCESS,reservation-no-show-v1.0,reservation-no-show-feature-v1.0,29,5
RES-9ba971bb7f17e4b484bb85723cfdcd15,2026-07-28 18:00:00,True,0.009497842463730937,11,False,LOW,TOP_15_PERCENT_DAILY_COHORT,SUCCESS,reservation-no-show-v1.0,reservation-no-show-feature-v1.0,29,5
RES-0f8661ae9d76cf075cf98fa466bfa9ce,2026-08-01 18:00:00,True,0.007343344905052837,15,False,LOW,TOP_15_PERCENT_DAILY_COHORT,SUCCESS,reservation-no-show-v1.0,reservation-no-show-feature-v1.0,29,5
RES-1840b2aa7f265a4b3e6b0cd8b99e3a4e,2026-08-18 18:00:00,True,0.023486034307885536,4,True,HIGH,TOP_15_PERCENT_DAILY_COHORT,SUCCESS,reservation-no-show-v1.0,reservation-no-show-feature-v1.0,29,5
RES-48ddf0549fc3405b6fcfa5e3195fe42a,2026-09-04 18:00:00,True,0.00438202987651471,22,False,LOW,TOP_15_PERCENT_DAILY_COHORT,SUCCESS,reservation-no-show-v1.0,reservation-no-show-feature-v1.0,29,5
RES-70ca43560da974ee706e82cc0de2c5ce,2026-09-21 18:00:00,True,0.004562411336404186,24,False,LOW,TOP_15_PERCENT_DAILY_COHORT,SUCCESS,reservation-no-show-v1.0,reservation-no-show-feature-v1.0,29,5
RES-3bd04c2cce2a8b9b98a6323e759e485e,2026-10-08 18:00:00,True,0.018921483556938783,9,False,LOW,TOP_15_PERCENT_DAILY_COHORT,SUCCESS,reservation-no-show-v1.0,reservation-no-show-feature-v1.0,29,5
RES-18eead6adf5b25ac1093a2b4d0831b76,2026-10-25 18:00:00,True,0.008734771741004734,13,False,LOW,TOP_15_PERCENT_DAILY_COHORT,SUCCESS,reservation-no-show-v1.0,reservation-no-show-feature-v1.0,29,5
RES-078325f568c738606f6ea89bd208ebfa,2026-11-11 18:00:00,True,0.004877030098523355,16,False,LOW,TOP_15_PERCENT_DAILY_COHORT,SUCCESS,reservation-no-show-v1.0,reservation-no-show-feature-v1.0,29,5
RES-e79e0c61d4015154245a3b22e1b97f8a,2026-11-28 18:00:00,True,0.02299450208280919,2,True,HIGH,TOP_15_PERCENT_DAILY_COHORT,SUCCESS,reservation-no-show-v1.0,reservation-no-show-feature-v1.0,29,5
RES-ad930d0291c32e040ae9fc97b83c774b,2026-12-15 18:00:00,True,0.01045217345318999,11,False,LOW,TOP_15_PERCENT_DAILY_COHORT,SUCCESS,reservation-no-show-v1.0,reservation-no-show-feature-v1.0,29,5
RES-962e06dbbe8ba6001f034232bac4491d,2026-07-31 18:00:00,True,0.005316813626856756,19,False,LOW,TOP_15_PERCENT_DAILY_COHORT,SUCCESS,reservation-no-show-v1.0,reservation-no-show-feature-v1.0,29,5
RES-b40b22bfbda3cd95d741900354a544a5,2026-08-17 18:00:00,True,0.0066450716556276145,23,False,LOW,TOP_15_PERCENT_DAILY_COHORT,SUCCESS,reservation-no-show-v1.0,reservation-no-show-feature-v1.0,29,5
RES-4a8b4e5d74301a06a06d01eb082056a2,2026-09-03 18:00:00,True,0.022854790711847813,7,False,LOW,TOP_15_PERCENT_DAILY_COHORT,SUCCESS,reservation-no-show-v1.0,reservation-no-show-feature-v1.0,29,5
RES-ffc2466cc53f7ec9488104de18a990a6,2026-09-20 18:00:00,True,0.004905474720792155,21,False,LOW,TOP_15_PERCENT_DAILY_COHORT,SUCCESS,reservation-no-show-v1.0,reservation-no-show-feature-v1.0,29,5
RES-af8a7c422de0dc490b5901f657961ef3,2026-10-07 18:00:00,True,0.0053759663839133935,13,False,LOW,TOP_15_PERCENT_DAILY_COHORT,SUCCESS,reservation-no-show-v1.0,reservation-no-show-feature-v1.0,29,5
RES-c9ab42118d29fd8f26f99f3f08f8612c,2026-10-24 18:00:00,True,0.02330471544373741,3,True,HIGH,TOP_15_PERCENT_DAILY_COHORT,SUCCESS,reservation-no-show-v1.0,reservation-no-show-feature-v1.0,29,5
RES-ec09a3595ea5be0f2f8f5d64bc4e2338,2026-11-10 18:00:00,True,0.007721771006744313,17,False,LOW,TOP_15_PERCENT_DAILY_COHORT,SUCCESS,reservation-no-show-v1.0,reservation-no-show-feature-v1.0,29,5
RES-b659b481a8f234a06937d39f90b96aed,2026-11-27 18:00:00,True,0.004520110416969211,18,False,LOW,TOP_15_PERCENT_DAILY_COHORT,SUCCESS,reservation-no-show-v1.0,reservation-no-show-feature-v1.0,29,5
RES-5900de5608a5364a2b3b50323317fa69,2026-12-14 18:00:00,True,0.01755537715987191,5,True,HIGH,TOP_15_PERCENT_DAILY_COHORT,SUCCESS,reservation-no-show-v1.0,reservation-no-show-feature-v1.0,29,5
RES-55c43c9cc55695e6f0143f16c0d8d3b1,2026-07-30 18:00:00,True,0.01295709480926253,8,False,LOW,TOP_15_PERCENT_DAILY_COHORT,SUCCESS,reservation-no-show-v1.0,reservation-no-show-feature-v1.0,29,5
RES-99433584f27277bebd6b5140508bc847,2026-08-16 18:00:00,True,0.004912828466326982,22,False,LOW,TOP_15_PERCENT_DAILY_COHORT,SUCCESS,reservation-no-show-v1.0,reservation-no-show-feature-v1.0,29,5
RES-63a96e726c87605d7604f1e2f40be081,2026-09-02 18:00:00,True,0.007993379744170815,12,False,LOW,TOP_15_PERCENT_DAILY_COHORT,SUCCESS,reservation-no-show-v1.0,reservation-no-show-feature-v1.0,29,5
RES-dc0172c2876af1bd14da03cd8fd473e3,2026-09-19 18:00:00,True,0.02560480240704013,2,True,HIGH,TOP_15_PERCENT_DAILY_COHORT,SUCCESS,reservation-no-show-v1.0,reservation-no-show-feature-v1.0,29,5
RES-9b0c08f1aa759c8fe1cdbf79071c06c8,2026-10-06 18:00:00,True,0.00525148411977053,18,False,LOW,TOP_15_PERCENT_DAILY_COHORT,SUCCESS,reservation-no-show-v1.0,reservation-no-show-feature-v1.0,29,5
RES-52106c4fbb6cd57d16c3060b90769cb6,2026-10-23 18:00:00,True,0.00452688909498692,26,False,LOW,TOP_15_PERCENT_DAILY_COHORT,SUCCESS,reservation-no-show-v1.0,reservation-no-show-feature-v1.0,29,5
RES-ac4b284d490556fd34a026a9b991525e,2026-11-09 18:00:00,True,0.021495759377322534,8,False,LOW,TOP_15_PERCENT_DAILY_COHORT,SUCCESS,reservation-no-show-v1.0,reservation-no-show-feature-v1.0,29,5
RES-0d8f76de7c3114d40c7fad348158434c,2026-11-26 18:00:00,True,0.00753501300062722,15,False,LOW,TOP_15_PERCENT_DAILY_COHORT,SUCCESS,reservation-no-show-v1.0,reservation-no-show-feature-v1.0,29,5
RES-c24c62c1c0d03abacba9d9bb652f6fe7,2026-12-13 18:00:00,True,0.006109714737856422,11,False,LOW,TOP_15_PERCENT_DAILY_COHORT,SUCCESS,reservation-no-show-v1.0,reservation-no-show-feature-v1.0,29,5
RES-bde47527be56f5ca7593a14152fe02b3,2026-07-29 18:00:00,True,0.006622694320065838,24,False,LOW,TOP_15_PERCENT_DAILY_COHORT,SUCCESS,reservation-no-show-v1.0,reservation-no-show-feature-v1.0,29,5
RES-679190cc7550426d8597e6d49a9ba607,2026-08-15 18:00:00,True,0.014487828725237068,6,False,LOW,TOP_15_PERCENT_DAILY_COHORT,SUCCESS,reservation-no-show-v1.0,reservation-no-show-feature-v1.0,29,5
RES-c02ccb47bd9216d65c395da10813b51a,2026-09-01 18:00:00,True,0.0043411301611483944,27,False,LOW,TOP_15_PERCENT_DAILY_COHORT,SUCCESS,reservation-no-show-v1.0,reservation-no-show-feature-v1.0,29,5
RES-6acb25058345dca6342e70b406dfa91f,2026-09-18 18:00:00,True,0.006733708285560988,19,False,LOW,TOP_15_PERCENT_DAILY_COHORT,SUCCESS,reservation-no-show-v1.0,reservation-no-show-feature-v1.0,29,5
RES-893a2347336c017e95962721be19e3d0,2026-10-05 18:00:00,True,0.02850126805033162,4,True,HIGH,TOP_15_PERCENT_DAILY_COHORT,SUCCESS,reservation-no-show-v1.0,reservation-no-show-feature-v1.0,29,5
RES-55a2e6e6b1e1eb6f59eedbd2556fc1b9,2026-10-22 18:00:00,True,0.004229442351526366,23,False,LOW,TOP_15_PERCENT_DAILY_COHORT,SUCCESS,reservation-no-show-v1.0,reservation-no-show-feature-v1.0,29,5
RES-4673898ba7b714f570ada55ef072f2a8,2026-11-08 18:00:00,True,0.004589265143602006,25,False,LOW,TOP_15_PERCENT_DAILY_COHORT,SUCCESS,reservation-no-show-v1.0,reservation-no-show-feature-v1.0,29,5
RES-0968d94dab2ca1fa15473815940ebdf1,2026-11-25 18:00:00,True,0.020982909588198796,4,True,HIGH,TOP_15_PERCENT_DAILY_COHORT,SUCCESS,reservation-no-show-v1.0,reservation-no-show-feature-v1.0,29,5
RES-82fd77f3c80d413ad4bb5a7e046812ee,2026-12-12 18:00:00,True,0.006326837078966969,24,False,LOW,TOP_15_PERCENT_DAILY_COHORT,SUCCESS,reservation-no-show-v1.0,reservation-no-show-feature-v1.0,29,5
RES-894197a5d14f1252a0066fb7ab1add5c,2026-08-14 18:00:00,True,0.008154537503417244,16,False,LOW,TOP_15_PERCENT_DAILY_COHORT,SUCCESS,reservation-no-show-v1.0,reservation-no-show-feature-v1.0,29,5
RES-1365eb8105a9453f1eb49e8f97a2384a,2026-08-31 18:00:00,True,0.01775264111068071,2,True,HIGH,TOP_15_PERCENT_DAILY_COHORT,SUCCESS,reservation-no-show-v1.0,reservation-no-show-feature-v1.0,29,5
RES-b7555c6a04f800e411388bde6b9dd6ba,2026-09-17 18:00:00,True,0.004662438673855922,27,False,LOW,TOP_15_PERCENT_DAILY_COHORT,SUCCESS,reservation-no-show-v1.0,reservation-no-show-feature-v1.0,29,5
RES-6f04a32420cb50f6b3adc3ee9ade8ca7,2026-10-04 18:00:00,True,0.006826283601063676,23,False,LOW,TOP_15_PERCENT_DAILY_COHORT,SUCCESS,reservation-no-show-v1.0,reservation-no-show-feature-v1.0,29,5
RES-997a6dcd62145dcdb888e3f6e95c78d3,2026-10-21 18:00:00,True,0.02782603252030735,2,True,HIGH,TOP_15_PERCENT_DAILY_COHORT,SUCCESS,reservation-no-show-v1.0,reservation-no-show-feature-v1.0,29,5
RES-6fb3991252a68643d6346f10384cb7e6,2026-11-07 18:00:00,True,0.003907176775237852,29,False,LOW,TOP_15_PERCENT_DAILY_COHORT,SUCCESS,reservation-no-show-v1.0,reservation-no-show-feature-v1.0,29,5
RES-834d558e874ca8c86889fac4707b8d8f,2026-11-24 18:00:00,True,0.004928848437118508,18,False,LOW,TOP_15_PERCENT_DAILY_COHORT,SUCCESS,reservation-no-show-v1.0,reservation-no-show-feature-v1.0,29,5
RES-679d3c2fa709840e16cf3da42f1f0c89,2026-12-11 18:00:00,True,0.019408982475101023,10,False,LOW,TOP_15_PERCENT_DAILY_COHORT,SUCCESS,reservation-no-show-v1.0,reservation-no-show-feature-v1.0,29,5
RES-f80b8b41f1a76f4ba907458d727734d6,2026-08-13 18:00:00,True,0.006934876773754703,16,False,LOW,TOP_15_PERCENT_DAILY_COHORT,SUCCESS,reservation-no-show-v1.0,reservation-no-show-feature-v1.0,29,5
RES-ba3909781874abc170b9fcd94f8dbb01,2026-08-30 18:00:00,True,0.008292924107324443,14,False,LOW,TOP_15_PERCENT_DAILY_COHORT,SUCCESS,reservation-no-show-v1.0,reservation-no-show-feature-v1.0,29,5
RES-3d6cb53f8d92124407f83885060e4d9c,2026-09-16 18:00:00,True,0.014332684184577713,10,False,LOW,TOP_15_PERCENT_DAILY_COHORT,SUCCESS,reservation-no-show-v1.0,reservation-no-show-feature-v1.0,29,5
RES-c662593fa7dbf7b04faba67da9c57b1a,2026-10-03 18:00:00,True,0.00474114624792281,22,False,LOW,TOP_15_PERCENT_DAILY_COHORT,SUCCESS,reservation-no-show-v1.0,reservation-no-show-feature-v1.0,29,5
RES-2b161130c0262d2e5cbdbe539eb89d4c,2026-10-20 18:00:00,True,0.006052610418745341,24,False,LOW,TOP_15_PERCENT_DAILY_COHORT,SUCCESS,reservation-no-show-v1.0,reservation-no-show-feature-v1.0,29,5
RES-bcee7fe9859976dc758aeb0ac43107df,2026-11-06 18:00:00,True,0.025752305091547238,3,True,HIGH,TOP_15_PERCENT_DAILY_COHORT,SUCCESS,reservation-no-show-v1.0,reservation-no-show-feature-v1.0,29,5
RES-c7477a22d5eff830600c553bb7679556,2026-11-23 18:00:00,True,0.004814669219144343,16,False,LOW,TOP_15_PERCENT_DAILY_COHORT,SUCCESS,reservation-no-show-v1.0,reservation-no-show-feature-v1.0,29,5
RES-b653c782c06a943f142ddc223c45beae,2026-12-10 18:00:00,True,0.005276497767361063,14,False,LOW,TOP_15_PERCENT_DAILY_COHORT,SUCCESS,reservation-no-show-v1.0,reservation-no-show-feature-v1.0,29,5
RES-d52dab06b9ed9f8b0f06204a31c45b10,2026-08-12 18:00:00,True,0.015783622079469175,7,False,LOW,TOP_15_PERCENT_DAILY_COHORT,SUCCESS,reservation-no-show-v1.0,reservation-no-show-feature-v1.0,29,5
RES-18e5cbf22fad2c7a69ad4b6fb75b4b9d,2026-08-29 18:00:00,True,0.007784579238862673,13,False,LOW,TOP_15_PERCENT_DAILY_COHORT,SUCCESS,reservation-no-show-v1.0,reservation-no-show-feature-v1.0,29,5
RES-7c901a3f9f318a1acdfbb179c823c513,2026-09-15 18:00:00,True,0.00806665859339608,15,False,LOW,TOP_15_PERCENT_DAILY_COHORT,SUCCESS,reservation-no-show-v1.0,reservation-no-show-feature-v1.0,29,5
RES-91fe37a7e01764eabe73ab17cb9029f0,2026-10-02 18:00:00,True,0.014572247141670604,4,True,HIGH,TOP_15_PERCENT_DAILY_COHORT,SUCCESS,reservation-no-show-v1.0,reservation-no-show-feature-v1.0,29,5
RES-e189659a9d772c1bf58bc5e9561a037f,2026-10-19 18:00:00,True,0.0043807091345260335,28,False,LOW,TOP_15_PERCENT_DAILY_COHORT,SUCCESS,reservation-no-show-v1.0,reservation-no-show-feature-v1.0,29,5
RES-16419bde600bfa250cd855d50639dd88,2026-11-05 18:00:00,True,0.006479006616745291,21,False,LOW,TOP_15_PERCENT_DAILY_COHORT,SUCCESS,reservation-no-show-v1.0,reservation-no-show-feature-v1.0,29,5
RES-10d1f7d1fd7f13c68dba0c898b62e18c,2026-11-22 18:00:00,True,0.026181451474525518,2,True,HIGH,TOP_15_PERCENT_DAILY_COHORT,SUCCESS,reservation-no-show-v1.0,reservation-no-show-feature-v1.0,29,5
RES-0bd69b477fe22ebbd50272f75bdcc922,2026-12-09 18:00:00,True,0.004254344719067215,21,False,LOW,TOP_15_PERCENT_DAILY_COHORT,SUCCESS,reservation-no-show-v1.0,reservation-no-show-feature-v1.0,29,5
RES-a943bd09730177f9d8a333f614de765f,2026-08-11 18:00:00,True,0.0054866481158931365,12,False,LOW,TOP_15_PERCENT_DAILY_COHORT,SUCCESS,reservation-no-show-v1.0,reservation-no-show-feature-v1.0,29,5
RES-9756caff9f43ddde5bb32be1b371ba05,2026-08-28 18:00:00,True,0.014640259280007813,10,False,LOW,TOP_15_PERCENT_DAILY_COHORT,SUCCESS,reservation-no-show-v1.0,reservation-no-show-feature-v1.0,29,5
RES-190204ca115ead0cd36e4833b4257e6f,2026-09-14 18:00:00,True,0.0059214078411529755,27,False,LOW,TOP_15_PERCENT_DAILY_COHORT,SUCCESS,reservation-no-show-v1.0,reservation-no-show-feature-v1.0,29,5
RES-190b0810de5cfedb3097847c04bbe5b0,2026-10-01 18:00:00,True,0.00863370862460166,13,False,LOW,TOP_15_PERCENT_DAILY_COHORT,SUCCESS,reservation-no-show-v1.0,reservation-no-show-feature-v1.0,29,5
RES-ad9374960e22e2a2252638da1e59b50c,2026-10-18 18:00:00,True,0.014817918392878755,6,False,LOW,TOP_15_PERCENT_DAILY_COHORT,SUCCESS,reservation-no-show-v1.0,reservation-no-show-feature-v1.0,29,5
RES-d079145a4e725ff6e9e35b594748734c,2026-11-04 18:00:00,True,0.00426072654187438,26,False,LOW,TOP_15_PERCENT_DAILY_COHORT,SUCCESS,reservation-no-show-v1.0,reservation-no-show-feature-v1.0,29,5
RES-41aab73b5877dd572857147c52459730,2026-11-21 18:00:00,True,0.006005555712309425,27,False,LOW,TOP_15_PERCENT_DAILY_COHORT,SUCCESS,reservation-no-show-v1.0,reservation-no-show-feature-v1.0,29,5
RES-16cf26ec40fff4921820e57476dee6b5,2026-12-08 18:00:00,True,0.025479652356038045,2,True,HIGH,TOP_15_PERCENT_DAILY_COHORT,SUCCESS,reservation-no-show-v1.0,reservation-no-show-feature-v1.0,29,5
RES-a3b07113997aa03f3a9ae0f5dabd43fe,2026-08-10 18:00:00,True,0.007172077251501871,25,False,LOW,TOP_15_PERCENT_DAILY_COHORT,SUCCESS,reservation-no-show-v1.0,reservation-no-show-feature-v1.0,30,5
RES-84e93101876cce10e9223962cc9687ee,2026-08-27 18:00:00,True,0.004762554382344084,19,False,LOW,TOP_15_PERCENT_DAILY_COHORT,SUCCESS,reservation-no-show-v1.0,reservation-no-show-feature-v1.0,30,5
RES-68bdbd1f255786a77eab2fe5c2796989,2026-09-13 18:00:00,True,0.016317164729519745,7,False,LOW,TOP_15_PERCENT_DAILY_COHORT,SUCCESS,reservation-no-show-v1.0,reservation-no-show-feature-v1.0,30,5
RES-403845c276995c1ee6f403a5016c4e18,2026-09-30 18:00:00,True,0.006975596774616463,19,False,LOW,TOP_15_PERCENT_DAILY_COHORT,SUCCESS,reservation-no-show-v1.0,reservation-no-show-feature-v1.0,30,5
RES-da4fd13756211a168d99f4e87603639a,2026-10-17 18:00:00,True,0.006609835924315348,26,False,LOW,TOP_15_PERCENT_DAILY_COHORT,SUCCESS,reservation-no-show-v1.0,reservation-no-show-feature-v1.0,30,5
RES-83defe95d9c140664279f6fecc6c2c5f,2026-11-03 18:00:00,True,0.01742818614196932,2,True,HIGH,TOP_15_PERCENT_DAILY_COHORT,SUCCESS,reservation-no-show-v1.0,reservation-no-show-feature-v1.0,30,5
RES-da66df2d84def47c4f3fe79be1e9b456,2026-11-20 18:00:00,True,0.005795782280724666,13,False,LOW,TOP_15_PERCENT_DAILY_COHORT,SUCCESS,reservation-no-show-v1.0,reservation-no-show-feature-v1.0,30,5
RES-565b3d371526550fc9fa6cc3e8f7d9cb,2026-12-07 18:00:00,True,0.008927008765758358,11,False,LOW,TOP_15_PERCENT_DAILY_COHORT,SUCCESS,reservation-no-show-v1.0,reservation-no-show-feature-v1.0,30,5
RES-214c9bc5a5724f4b7b9e11eacad4530d,2026-12-24 18:00:00,True,0.032940967837362646,1,True,HIGH,TOP_15_PERCENT_DAILY_COHORT,SUCCESS,reservation-no-show-v1.0,reservation-no-show-feature-v1.0,30,5
RES-8ca47ef940d7d234daac88d6f6b5ba56,2026-08-09 18:00:00,True,0.02196331485531846,5,True,HIGH,TOP_15_PERCENT_DAILY_COHORT,SUCCESS,reservation-no-show-v1.0,reservation-no-show-feature-v1.0,29,5
RES-ebaa6492cf9ff9903320c312a60d54e6,2026-08-26 18:00:00,True,0.006998520317075202,27,False,LOW,TOP_15_PERCENT_DAILY_COHORT,SUCCESS,reservation-no-show-v1.0,reservation-no-show-feature-v1.0,29,5
RES-e1356e6ff689c78c8ad9ddc605f67c3a,2026-09-12 18:00:00,True,0.004082389091012343,25,False,LOW,TOP_15_PERCENT_DAILY_COHORT,SUCCESS,reservation-no-show-v1.0,reservation-no-show-feature-v1.0,29,5
RES-3bcf10acffe49e051b78ce7ebee46498,2026-09-29 18:00:00,True,0.015925855911051834,5,True,HIGH,TOP_15_PERCENT_DAILY_COHORT,SUCCESS,reservation-no-show-v1.0,reservation-no-show-feature-v1.0,29,5
RES-f187bf09ee34e6eb50a9bfdf35a9251d,2026-10-16 18:00:00,True,0.006466093908967617,24,False,LOW,TOP_15_PERCENT_DAILY_COHORT,SUCCESS,reservation-no-show-v1.0,reservation-no-show-feature-v1.0,29,5
RES-af37c43c08007cd002cc64e3db75ff80,2026-11-02 18:00:00,True,0.008927751105238564,11,False,LOW,TOP_15_PERCENT_DAILY_COHORT,SUCCESS,reservation-no-show-v1.0,reservation-no-show-feature-v1.0,29,5
RES-113907afde1cf7783bd8c154df603eac,2026-11-19 18:00:00,True,0.014069838507746003,4,True,HIGH,TOP_15_PERCENT_DAILY_COHORT,SUCCESS,reservation-no-show-v1.0,reservation-no-show-feature-v1.0,29,5
RES-5d695308e59cdcb34574b766ae63f4a2,2026-12-06 18:00:00,True,0.004850261110074704,26,False,LOW,TOP_15_PERCENT_DAILY_COHORT,SUCCESS,reservation-no-show-v1.0,reservation-no-show-feature-v1.0,29,5
RES-e3838d5955fa6adc7fcbbc08eb7210db,2026-12-23 18:00:00,True,0.007917142825519585,12,False,LOW,TOP_15_PERCENT_DAILY_COHORT,SUCCESS,reservation-no-show-v1.0,reservation-no-show-feature-v1.0,29,5
RES-1aaa61d7502c3673c740adc2ca95c461,2026-08-08 18:00:00,True,0.005452125835621262,17,False,LOW,TOP_15_PERCENT_DAILY_COHORT,SUCCESS,reservation-no-show-v1.0,reservation-no-show-feature-v1.0,29,5
RES-1583da4c27043510daeed16be3bb7e41,2026-08-25 18:00:00,True,0.025880381447087562,3,True,HIGH,TOP_15_PERCENT_DAILY_COHORT,SUCCESS,reservation-no-show-v1.0,reservation-no-show-feature-v1.0,29,5
RES-8ae1cfa1a28c9e2624edc8d6733b7869,2026-09-11 18:00:00,True,0.007116381804458322,21,False,LOW,TOP_15_PERCENT_DAILY_COHORT,SUCCESS,reservation-no-show-v1.0,reservation-no-show-feature-v1.0,29,5
RES-1b837b5088e7d0eaa16a9f559798d9c7,2026-09-28 18:00:00,True,0.004570205366345042,19,False,LOW,TOP_15_PERCENT_DAILY_COHORT,SUCCESS,reservation-no-show-v1.0,reservation-no-show-feature-v1.0,29,5
RES-122b6f67c1bb02b1d4c7f2eb968e875e,2026-10-15 18:00:00,True,0.017035884080487635,3,True,HIGH,TOP_15_PERCENT_DAILY_COHORT,SUCCESS,reservation-no-show-v1.0,reservation-no-show-feature-v1.0,29,5
RES-65abbeccea3d107cd28c7b90ae705221,2026-11-01 18:00:00,True,0.006555014330874124,22,False,LOW,TOP_15_PERCENT_DAILY_COHORT,SUCCESS,reservation-no-show-v1.0,reservation-no-show-feature-v1.0,29,5
RES-95af310a681f2c455440d52fc882cbc6,2026-11-18 18:00:00,True,0.007195411011047145,18,False,LOW,TOP_15_PERCENT_DAILY_COHORT,SUCCESS,reservation-no-show-v1.0,reservation-no-show-feature-v1.0,29,5
RES-21d9d3dcf86a92fdb24bd3cd8b2f2799,2026-12-05 18:00:00,True,0.017294233252978117,3,True,HIGH,TOP_15_PERCENT_DAILY_COHORT,SUCCESS,reservation-no-show-v1.0,reservation-no-show-feature-v1.0,29,5
RES-c932743ac51957783ae91323c11b7698,2026-12-22 18:00:00,True,0.005209055772005182,18,False,LOW,TOP_15_PERCENT_DAILY_COHORT,SUCCESS,reservation-no-show-v1.0,reservation-no-show-feature-v1.0,29,5
RES-8de4375b6bfedb6a6684cb115540406d,2026-08-07 18:00:00,True,0.005325889517360638,13,False,LOW,TOP_15_PERCENT_DAILY_COHORT,SUCCESS,reservation-no-show-v1.0,reservation-no-show-feature-v1.0,29,5
RES-10b2bae08ce8eb9bf5d1e3bf41eb54c0,2026-08-24 18:00:00,True,0.004577058824882973,26,False,LOW,TOP_15_PERCENT_DAILY_COHORT,SUCCESS,reservation-no-show-v1.0,reservation-no-show-feature-v1.0,29,5
RES-c5f1df7b8b3ffbfef79cbe76569cff92,2026-09-10 18:00:00,True,0.025186443846304994,4,True,HIGH,TOP_15_PERCENT_DAILY_COHORT,SUCCESS,reservation-no-show-v1.0,reservation-no-show-feature-v1.0,29,5
RES-dde79718f2e1b7b6e86f245dc01f351f,2026-09-27 18:00:00,True,0.007237278938730523,20,False,LOW,TOP_15_PERCENT_DAILY_COHORT,SUCCESS,reservation-no-show-v1.0,reservation-no-show-feature-v1.0,29,5
RES-903c906d13752e13378cfdb16c496fe3,2026-10-14 18:00:00,True,0.0048926826967343635,15,False,LOW,TOP_15_PERCENT_DAILY_COHORT,SUCCESS,reservation-no-show-v1.0,reservation-no-show-feature-v1.0,29,5
RES-49422f06f2b86dc50dd7beeac134b5cc,2026-10-31 18:00:00,True,0.01731983560886393,2,True,HIGH,TOP_15_PERCENT_DAILY_COHORT,SUCCESS,reservation-no-show-v1.0,reservation-no-show-feature-v1.0,29,5
RES-57ab8e8a74064b6ffad1c295858dd995,2026-11-17 18:00:00,True,0.0063962934867587435,25,False,LOW,TOP_15_PERCENT_DAILY_COHORT,SUCCESS,reservation-no-show-v1.0,reservation-no-show-feature-v1.0,29,5
RES-0a4c721ae1b3dc94803a26c627e7f8d3,2026-12-04 18:00:00,True,0.007316563886527999,22,False,LOW,TOP_15_PERCENT_DAILY_COHORT,SUCCESS,reservation-no-show-v1.0,reservation-no-show-feature-v1.0,29,5
RES-6c9c3a41ad004095c9b47e28bb36083e,2026-12-21 18:00:00,True,0.014546305378817043,5,True,HIGH,TOP_15_PERCENT_DAILY_COHORT,SUCCESS,reservation-no-show-v1.0,reservation-no-show-feature-v1.0,29,5
RES-b751e8554780b130fc0fbe18368f6370,2026-08-06 18:00:00,True,0.027666989359099194,4,True,HIGH,TOP_15_PERCENT_DAILY_COHORT,SUCCESS,reservation-no-show-v1.0,reservation-no-show-feature-v1.0,29,5
RES-160bc0e81a8809816de9047c884892b3,2026-08-23 18:00:00,True,0.005416534692648628,16,False,LOW,TOP_15_PERCENT_DAILY_COHORT,SUCCESS,reservation-no-show-v1.0,reservation-no-show-feature-v1.0,29,5
RES-ed18abd0d059524398f797e4a6224234,2026-09-09 18:00:00,True,0.005935750523335616,12,False,LOW,TOP_15_PERCENT_DAILY_COHORT,SUCCESS,reservation-no-show-v1.0,reservation-no-show-feature-v1.0,29,5
RES-904d04cb9f9ad093a123a36bfd2419d0,2026-09-26 18:00:00,True,0.02820891330473656,1,True,HIGH,TOP_15_PERCENT_DAILY_COHORT,SUCCESS,reservation-no-show-v1.0,reservation-no-show-feature-v1.0,29,5
RES-02fa07908a771915033e4ad0033c8552,2026-10-13 18:00:00,True,0.007746482594318871,21,False,LOW,TOP_15_PERCENT_DAILY_COHORT,SUCCESS,reservation-no-show-v1.0,reservation-no-show-feature-v1.0,29,5
RES-944a05617a4b78694141388a8ab5ee81,2026-10-30 18:00:00,True,0.0041196188295590025,25,False,LOW,TOP_15_PERCENT_DAILY_COHORT,SUCCESS,reservation-no-show-v1.0,reservation-no-show-feature-v1.0,29,5
RES-e893335ced2a90a4df9381c9b59c3f7e,2026-11-16 18:00:00,True,0.01761100020192565,3,True,HIGH,TOP_15_PERCENT_DAILY_COHORT,SUCCESS,reservation-no-show-v1.0,reservation-no-show-feature-v1.0,29,5
RES-9468a821031c909b8e047c8718eb1704,2026-12-03 18:00:00,True,0.006846734795503438,21,False,LOW,TOP_15_PERCENT_DAILY_COHORT,SUCCESS,reservation-no-show-v1.0,reservation-no-show-feature-v1.0,29,5
RES-59c08f42d1c7b73a91087184e06f7940,2026-12-20 18:00:00,True,0.009008768878090314,14,False,LOW,TOP_15_PERCENT_DAILY_COHORT,SUCCESS,reservation-no-show-v1.0,reservation-no-show-feature-v1.0,29,5
RES-0645fe519d010cc2de4835cd053eaabb,2026-08-05 18:00:00,True,0.006622142364612186,19,False,LOW,TOP_15_PERCENT_DAILY_COHORT,SUCCESS,reservation-no-show-v1.0,reservation-no-show-feature-v1.0,29,5
RES-55aea720b7b4c535d5b350498598556e,2026-08-22 18:00:00,True,0.021277184954955647,9,False,LOW,TOP_15_PERCENT_DAILY_COHORT,SUCCESS,reservation-no-show-v1.0,reservation-no-show-feature-v1.0,29,5
RES-f53e7b4be7d90d2ea2e24ea241c11622,2026-09-08 18:00:00,True,0.004348547824780853,21,False,LOW,TOP_15_PERCENT_DAILY_COHORT,SUCCESS,reservation-no-show-v1.0,reservation-no-show-feature-v1.0,29,5
RES-6fd5b4e444baf95bc732d6c0ccb4bfba,2026-09-25 18:00:00,True,0.00550177801280441,14,False,LOW,TOP_15_PERCENT_DAILY_COHORT,SUCCESS,reservation-no-show-v1.0,reservation-no-show-feature-v1.0,29,5
RES-39b61c2047e27e80d1b7d1578daaa67d,2026-10-12 18:00:00,True,0.021563593229061692,5,True,HIGH,TOP_15_PERCENT_DAILY_COHORT,SUCCESS,reservation-no-show-v1.0,reservation-no-show-feature-v1.0,29,5
RES-bcebea107c422a793cceb21899345a1b,2026-10-29 18:00:00,True,0.00831773248211133,15,False,LOW,TOP_15_PERCENT_DAILY_COHORT,SUCCESS,reservation-no-show-v1.0,reservation-no-show-feature-v1.0,29,5
RES-723868484ef209e4ab7c5b78b5578cc6,2026-11-15 18:00:00,True,0.005059965513451534,13,False,LOW,TOP_15_PERCENT_DAILY_COHORT,SUCCESS,reservation-no-show-v1.0,reservation-no-show-feature-v1.0,29,5
RES-04be098f0f85a031557f9d6b14b9bd93,2026-12-02 18:00:00,True,0.01883623430841494,1,True,HIGH,TOP_15_PERCENT_DAILY_COHORT,SUCCESS,reservation-no-show-v1.0,reservation-no-show-feature-v1.0,29,5
RES-7ca97efbdf1683e65a6123fc908341b1,2026-12-19 18:00:00,True,0.006984355427684086,21,False,LOW,TOP_15_PERCENT_DAILY_COHORT,SUCCESS,reservation-no-show-v1.0,reservation-no-show-feature-v1.0,29,5
RES-05b4829c04077653953db762bf4019e8,2026-08-04 18:00:00,True,0.00527622696514324,17,False,LOW,TOP_15_PERCENT_DAILY_COHORT,SUCCESS,reservation-no-show-v1.0,reservation-no-show-feature-v1.0,29,5
RES-ec4b864bb153231edf58d1923fb652b8,2026-08-21 18:00:00,True,0.009000279703613728,12,False,LOW,TOP_15_PERCENT_DAILY_COHORT,SUCCESS,reservation-no-show-v1.0,reservation-no-show-feature-v1.0,29,5
RES-cbcaa33746ab83f7c2934b947ec2b088,2026-09-07 18:00:00,True,0.023696007171440072,5,True,HIGH,TOP_15_PERCENT_DAILY_COHORT,SUCCESS,reservation-no-show-v1.0,reservation-no-show-feature-v1.0,29,5
RES-df8bd9ca3c6daf9c1195b918958b09dc,2026-09-24 18:00:00,True,0.0042430254093228405,24,False,LOW,TOP_15_PERCENT_DAILY_COHORT,SUCCESS,reservation-no-show-v1.0,reservation-no-show-feature-v1.0,29,5
RES-31d8d65405738ad6a9e29106c39e7330,2026-10-11 18:00:00,True,0.005067549675100604,23,False,LOW,TOP_15_PERCENT_DAILY_COHORT,SUCCESS,reservation-no-show-v1.0,reservation-no-show-feature-v1.0,29,5
RES-120f2ed59d9d6c116e68410cdd5c2e6a,2026-10-28 18:00:00,True,0.027910996346278322,2,True,HIGH,TOP_15_PERCENT_DAILY_COHORT,SUCCESS,reservation-no-show-v1.0,reservation-no-show-feature-v1.0,29,5
RES-33fda00cb0920063ea2b1b17736fc39d,2026-11-14 18:00:00,True,0.006347113085928728,27,False,LOW,TOP_15_PERCENT_DAILY_COHORT,SUCCESS,reservation-no-show-v1.0,reservation-no-show-feature-v1.0,29,5
RES-4f6b588a40b9556b69688f0cbc0ab6b1,2026-12-01 18:00:00,True,0.0049214708307580134,11,False,LOW,TOP_15_PERCENT_DAILY_COHORT,SUCCESS,reservation-no-show-v1.0,reservation-no-show-feature-v1.0,29,5
RES-6c808eca2668e14b9d32544f5e8442ce,2026-12-18 18:00:00,True,0.015895223841157647,5,True,HIGH,TOP_15_PERCENT_DAILY_COHORT,SUCCESS,reservation-no-show-v1.0,reservation-no-show-feature-v1.0,29,5
RES-4df4e5636eac6074efc6a8c71516532d,2026-08-03 18:00:00,True,0.017808877840648663,2,True,HIGH,TOP_15_PERCENT_DAILY_COHORT,SUCCESS,reservation-no-show-v1.0,reservation-no-show-feature-v1.0,29,5
RES-fa719051f9e562fb62f26e780d284c84,2026-08-20 18:00:00,True,0.006862951627606368,12,False,LOW,TOP_15_PERCENT_DAILY_COHORT,SUCCESS,reservation-no-show-v1.0,reservation-no-show-feature-v1.0,29,5
RES-9f7f2fcc22dd3445cc079a3aeb70bd96,2026-09-06 18:00:00,True,0.009829348000997605,11,False,LOW,TOP_15_PERCENT_DAILY_COHORT,SUCCESS,reservation-no-show-v1.0,reservation-no-show-feature-v1.0,29,5
RES-0924aae3f68d090017ed497ff1a070f8,2026-09-23 18:00:00,True,0.027913272867142038,2,True,HIGH,TOP_15_PERCENT_DAILY_COHORT,SUCCESS,reservation-no-show-v1.0,reservation-no-show-feature-v1.0,29,5
RES-49c5298ffa6f1007e89fb9a3aa0229f9,2026-10-10 18:00:00,True,0.005227342576606589,13,False,LOW,TOP_15_PERCENT_DAILY_COHORT,SUCCESS,reservation-no-show-v1.0,reservation-no-show-feature-v1.0,29,5
RES-aa6db3e887e9da2db20d03af5beb8504,2026-10-27 18:00:00,True,0.00449230520242157,26,False,LOW,TOP_15_PERCENT_DAILY_COHORT,SUCCESS,reservation-no-show-v1.0,reservation-no-show-feature-v1.0,29,5
RES-276e9afa49e15de2adfe00bbf50b84d1,2026-11-13 18:00:00,True,0.021398547847187702,4,True,HIGH,TOP_15_PERCENT_DAILY_COHORT,SUCCESS,reservation-no-show-v1.0,reservation-no-show-feature-v1.0,29,5
RES-161a2d52c91df17fa830a972d8ccce26,2026-11-30 18:00:00,True,0.008573692656284944,17,False,LOW,TOP_15_PERCENT_DAILY_COHORT,SUCCESS,reservation-no-show-v1.0,reservation-no-show-feature-v1.0,29,5
RES-a4d6caf33f607a300f7eda8d6a8364d5,2026-12-17 18:00:00,True,0.004802112846203245,17,False,LOW,TOP_15_PERCENT_DAILY_COHORT,SUCCESS,reservation-no-show-v1.0,reservation-no-show-feature-v1.0,29,5
RES-3d801e567c303000e34eb64419ed4a60,2026-08-02 18:00:00,True,0.006848719847509407,25,False,LOW,TOP_15_PERCENT_DAILY_COHORT,SUCCESS,reservation-no-show-v1.0,reservation-no-show-feature-v1.0,29,5
RES-f3b02e2c2a8141d03c540e76ecb838ca,2026-08-19 18:00:00,True,0.015810280995956372,3,True,HIGH,TOP_15_PERCENT_DAILY_COHORT,SUCCESS,reservation-no-show-v1.0,reservation-no-show-feature-v1.0,29,5
RES-9d2d8fbc0708c46faa61582a01fe05d4,2026-09-05 18:00:00,True,0.005235176292386534,19,False,LOW,TOP_15_PERCENT_DAILY_COHORT,SUCCESS,reservation-no-show-v1.0,reservation-no-show-feature-v1.0,29,5
RES-b82e857edb481ffe6fcc19ce36f72e10,2026-09-22 18:00:00,True,0.006072012964781901,27,False,LOW,TOP_15_PERCENT_DAILY_COHORT,SUCCESS,reservation-no-show-v1.0,reservation-no-show-feature-v1.0,29,5
RES-558e4a43abe34547c3d3520057abb604,2026-10-09 18:00:00,True,0.02837329375193976,1,True,HIGH,TOP_15_PERCENT_DAILY_COHORT,SUCCESS,reservation-no-show-v1.0,reservation-no-show-feature-v1.0,29,5
RES-328b7db2c9fb9aa2d8da2e558dfa0c83,2026-10-26 18:00:00,True,0.005316319474554759,16,False,LOW,TOP_15_PERCENT_DAILY_COHORT,SUCCESS,reservation-no-show-v1.0,reservation-no-show-feature-v1.0,29,5
RES-455fefdabe7fb38dca101aa6c66d1fc6,2026-11-12 18:00:00,True,0.005825985189843475,12,False,LOW,TOP_15_PERCENT_DAILY_COHORT,SUCCESS,reservation-no-show-v1.0,reservation-no-show-feature-v1.0,29,5
RES-b9197f9fe8750d2dfc7f423cd66d0d5e,2026-11-29 18:00:00,True,0.021756761770290258,3,True,HIGH,TOP_15_PERCENT_DAILY_COHORT,SUCCESS,reservation-no-show-v1.0,reservation-no-show-feature-v1.0,29,5
RES-c2c2da3b8ccd323793bb49da1dbdcb05,2026-12-16 18:00:00,True,0.006909575060424589,24,False,LOW,TOP_15_PERCENT_DAILY_COHORT,SUCCESS,reservation-no-show-v1.0,reservation-no-show-feature-v1.0,29,5
RES-4d91f18d63ec9c1a2345ef69ef6b84e7,2026-08-01 18:00:00,True,0.006428328874207303,25,False,LOW,TOP_15_PERCENT_DAILY_COHORT,SUCCESS,reservation-no-show-v1.0,reservation-no-show-feature-v1.0,29,5
RES-ce1fc0a13d97fed7dc04ac420832da52,2026-08-18 18:00:00,True,0.010777033981102501,12,False,LOW,TOP_15_PERCENT_DAILY_COHORT,SUCCESS,reservation-no-show-v1.0,reservation-no-show-feature-v1.0,29,5
RES-581f21110a47e6d7d639bda319f65386,2026-09-04 18:00:00,True,0.013293007493577055,7,False,LOW,TOP_15_PERCENT_DAILY_COHORT,SUCCESS,reservation-no-show-v1.0,reservation-no-show-feature-v1.0,29,5
RES-8076ef03ccc1a4d0a590692f18f6537e,2026-09-21 18:00:00,True,0.0048373639796619955,23,False,LOW,TOP_15_PERCENT_DAILY_COHORT,SUCCESS,reservation-no-show-v1.0,reservation-no-show-feature-v1.0,29,5
RES-2cc6374284956f8173c490f7ccb7968d,2026-10-08 18:00:00,True,0.006499767100952229,21,False,LOW,TOP_15_PERCENT_DAILY_COHORT,SUCCESS,reservation-no-show-v1.0,reservation-no-show-feature-v1.0,29,5
RES-623f042fe6947707695e468b22cf67e0,2026-10-25 18:00:00,True,0.028844824142574454,2,True,HIGH,TOP_15_PERCENT_DAILY_COHORT,SUCCESS,reservation-no-show-v1.0,reservation-no-show-feature-v1.0,29,5
RES-1daa5cd4c1116a71e5f52bc98c661b4b,2026-11-11 18:00:00,True,0.0038773088337855236,28,False,LOW,TOP_15_PERCENT_DAILY_COHORT,SUCCESS,reservation-no-show-v1.0,reservation-no-show-feature-v1.0,29,5
RES-16bfd5342b4af79993e1c6b47d3dd847,2026-11-28 18:00:00,True,0.005399994209487048,18,False,LOW,TOP_15_PERCENT_DAILY_COHORT,SUCCESS,reservation-no-show-v1.0,reservation-no-show-feature-v1.0,29,5
RES-11d0f8cb7af851d130500b710709a2a7,2026-12-15 18:00:00,True,0.023263594988479935,4,True,HIGH,TOP_15_PERCENT_DAILY_COHORT,SUCCESS,reservation-no-show-v1.0,reservation-no-show-feature-v1.0,29,5
RES-0a1879804a8ba513d33db86ce237baf8,2026-07-31 18:00:00,True,0.01945437077409562,1,True,HIGH,TOP_15_PERCENT_DAILY_COHORT,SUCCESS,reservation-no-show-v1.0,reservation-no-show-feature-v1.0,29,5
RES-d7ff48857153d43e774e57fd8b5188a1,2026-08-17 18:00:00,True,0.00791673757781542,12,False,LOW,TOP_15_PERCENT_DAILY_COHORT,SUCCESS,reservation-no-show-v1.0,reservation-no-show-feature-v1.0,29,5
RES-17dfbc5b3353e4c5cc56f90d75f8735e,2026-09-03 18:00:00,True,0.007871625340969274,15,False,LOW,TOP_15_PERCENT_DAILY_COHORT,SUCCESS,reservation-no-show-v1.0,reservation-no-show-feature-v1.0,29,5
RES-3d086703605ae55774be8d5a78ca772d,2026-09-20 18:00:00,True,0.016344709846835132,3,True,HIGH,TOP_15_PERCENT_DAILY_COHORT,SUCCESS,reservation-no-show-v1.0,reservation-no-show-feature-v1.0,29,5
RES-818a24a7e90e0667e34eaf601ec1d2a7,2026-10-07 18:00:00,True,0.00427440963907784,27,False,LOW,TOP_15_PERCENT_DAILY_COHORT,SUCCESS,reservation-no-show-v1.0,reservation-no-show-feature-v1.0,29,5
RES-b879d0610c24acdbb2848270bc7c5571,2026-10-24 18:00:00,True,0.007296549045545426,14,False,LOW,TOP_15_PERCENT_DAILY_COHORT,SUCCESS,reservation-no-show-v1.0,reservation-no-show-feature-v1.0,29,5
RES-ea7edbecad20ed1f0c8434ebaffe7aaa,2026-11-10 18:00:00,True,0.025559729726502466,4,True,HIGH,TOP_15_PERCENT_DAILY_COHORT,SUCCESS,reservation-no-show-v1.0,reservation-no-show-feature-v1.0,29,5
RES-1c465213a07ceff568dce43e549918b7,2026-11-27 18:00:00,True,0.004354022382759967,23,False,LOW,TOP_15_PERCENT_DAILY_COHORT,SUCCESS,reservation-no-show-v1.0,reservation-no-show-feature-v1.0,29,5
RES-350ae8c619f0265186a0d5c897ebefc8,2026-12-14 18:00:00,True,0.005474334623312078,15,False,LOW,TOP_15_PERCENT_DAILY_COHORT,SUCCESS,reservation-no-show-v1.0,reservation-no-show-feature-v1.0,29,5
RES-65774b9907cb45cfea9a4c7b4028d91e,2026-07-30 18:00:00,True,0.0044332313955489245,18,False,LOW,TOP_15_PERCENT_DAILY_COHORT,SUCCESS,reservation-no-show-v1.0,reservation-no-show-feature-v1.0,29,5
RES-ffc80b30b7c382d013929fc0596bf4f3,2026-08-16 18:00:00,True,0.01799561205391259,3,True,HIGH,TOP_15_PERCENT_DAILY_COHORT,SUCCESS,reservation-no-show-v1.0,reservation-no-show-feature-v1.0,29,5
RES-e717d866bbd6a015a3dc0785424de2eb,2026-09-02 18:00:00,True,0.006358933510147864,25,False,LOW,TOP_15_PERCENT_DAILY_COHORT,SUCCESS,reservation-no-show-v1.0,reservation-no-show-feature-v1.0,29,5
RES-867cdd8340d5e129f0e8df011fc5a2e3,2026-09-19 18:00:00,True,0.007297156799863852,20,False,LOW,TOP_15_PERCENT_DAILY_COHORT,SUCCESS,reservation-no-show-v1.0,reservation-no-show-feature-v1.0,29,5
RES-c81061b3951f5affd21350aa8c99ccb7,2026-10-06 18:00:00,True,0.014462035039948778,7,False,LOW,TOP_15_PERCENT_DAILY_COHORT,SUCCESS,reservation-no-show-v1.0,reservation-no-show-feature-v1.0,29,5
RES-41a858585da28c471d2928047a62fd67,2026-10-23 18:00:00,True,0.00581436634195706,16,False,LOW,TOP_15_PERCENT_DAILY_COHORT,SUCCESS,reservation-no-show-v1.0,reservation-no-show-feature-v1.0,29,5
RES-291bf858040f61b90128fe9e252299a8,2026-11-09 18:00:00,True,0.006721625640636268,15,False,LOW,TOP_15_PERCENT_DAILY_COHORT,SUCCESS,reservation-no-show-v1.0,reservation-no-show-feature-v1.0,29,5
RES-f781553b2302b3d97f9113ba5c46380b,2026-11-26 18:00:00,True,0.022711408905457448,4,True,HIGH,TOP_15_PERCENT_DAILY_COHORT,SUCCESS,reservation-no-show-v1.0,reservation-no-show-feature-v1.0,29,5
RES-0715bb8cff7dff5bbe81c6a411183dbe,2026-12-13 18:00:00,True,0.005885563226331995,12,False,LOW,TOP_15_PERCENT_DAILY_COHORT,SUCCESS,reservation-no-show-v1.0,reservation-no-show-feature-v1.0,29,5
RES-da6d586ef04977b76652d9c848d0621f,2026-07-29 18:00:00,True,0.006379843563680856,29,False,LOW,TOP_15_PERCENT_DAILY_COHORT,SUCCESS,reservation-no-show-v1.0,reservation-no-show-feature-v1.0,29,5
RES-624086a12268f889dee48a8c369985c5,2026-08-15 18:00:00,True,0.004508087199830929,18,False,LOW,TOP_15_PERCENT_DAILY_COHORT,SUCCESS,reservation-no-show-v1.0,reservation-no-show-feature-v1.0,29,5
RES-e21104327d7fa2180231b4c1d6ac402b,2026-09-01 18:00:00,True,0.017509290787250373,4,True,HIGH,TOP_15_PERCENT_DAILY_COHORT,SUCCESS,reservation-no-show-v1.0,reservation-no-show-feature-v1.0,29,5
RES-b1552f3440130eb343df5033f5f56803,2026-09-18 18:00:00,True,0.006486813287524404,23,False,LOW,TOP_15_PERCENT_DAILY_COHORT,SUCCESS,reservation-no-show-v1.0,reservation-no-show-feature-v1.0,29,5
RES-3baac9e5d908bc5655d92d68938d7e9a,2026-10-05 18:00:00,True,0.007397420738915821,19,False,LOW,TOP_15_PERCENT_DAILY_COHORT,SUCCESS,reservation-no-show-v1.0,reservation-no-show-feature-v1.0,29,5
RES-a47076f9c5eb4b851cfd4d250ef272b5,2026-10-22 18:00:00,True,0.020618351423644474,1,True,HIGH,TOP_15_PERCENT_DAILY_COHORT,SUCCESS,reservation-no-show-v1.0,reservation-no-show-feature-v1.0,29,5
RES-277f02e3c0eeb1d62449626d3950b963,2026-11-08 18:00:00,True,0.004865828214569725,22,False,LOW,TOP_15_PERCENT_DAILY_COHORT,SUCCESS,reservation-no-show-v1.0,reservation-no-show-feature-v1.0,29,5
RES-4d41a09d75b180999020d542faed7698,2026-11-25 18:00:00,True,0.009615088389728759,11,False,LOW,TOP_15_PERCENT_DAILY_COHORT,SUCCESS,reservation-no-show-v1.0,reservation-no-show-feature-v1.0,29,5
RES-8e9b2995ba177050c6fafe86b358c7f9,2026-12-12 18:00:00,True,0.0230877372952353,5,True,HIGH,TOP_15_PERCENT_DAILY_COHORT,SUCCESS,reservation-no-show-v1.0,reservation-no-show-feature-v1.0,29,5
RES-9060b55dfa09afdf2697ac7144909e06,2026-07-28 18:00:00,True,0.025961684676382758,1,True,HIGH,TOP_15_PERCENT_DAILY_COHORT,SUCCESS,reservation-no-show-v1.0,reservation-no-show-feature-v1.0,29,5
RES-f4b681a8235b802f3e46fe85036f0bf8,2026-08-14 18:00:00,True,0.006487354036964838,27,False,LOW,TOP_15_PERCENT_DAILY_COHORT,SUCCESS,reservation-no-show-v1.0,reservation-no-show-feature-v1.0,29,5
RES-d6da12a32d2958941c1fc36255d3ca62,2026-08-31 18:00:00,True,0.004570205366345042,21,False,LOW,TOP_15_PERCENT_DAILY_COHORT,SUCCESS,reservation-no-show-v1.0,reservation-no-show-feature-v1.0,29,5
RES-a461b9c99c1b083bcdb923d95a4887a5,2026-09-17 18:00:00,True,0.015543782949965695,5,True,HIGH,TOP_15_PERCENT_DAILY_COHORT,SUCCESS,reservation-no-show-v1.0,reservation-no-show-feature-v1.0,29,5
RES-4b949da32a8980176f4673b3ee42409c,2026-10-04 18:00:00,True,0.007236676135072156,20,False,LOW,TOP_15_PERCENT_DAILY_COHORT,SUCCESS,reservation-no-show-v1.0,reservation-no-show-feature-v1.0,29,5
RES-abb06ead93770def1858036a003818b5,2026-10-21 18:00:00,True,0.006559443881757536,27,False,LOW,TOP_15_PERCENT_DAILY_COHORT,SUCCESS,reservation-no-show-v1.0,reservation-no-show-feature-v1.0,29,5
RES-a3363656e63e59e0e3edea0a693340ea,2026-11-07 18:00:00,True,0.017349043489377436,3,True,HIGH,TOP_15_PERCENT_DAILY_COHORT,SUCCESS,reservation-no-show-v1.0,reservation-no-show-feature-v1.0,29,5
RES-c01e14878262c366216cadee2338c515,2026-11-24 18:00:00,True,0.004747813263981251,22,False,LOW,TOP_15_PERCENT_DAILY_COHORT,SUCCESS,reservation-no-show-v1.0,reservation-no-show-feature-v1.0,29,5
RES-6f8a93a975fe16e3dbde2cc8a23451a5,2026-12-11 18:00:00,True,0.0066694047200829025,25,False,LOW,TOP_15_PERCENT_DAILY_COHORT,SUCCESS,reservation-no-show-v1.0,reservation-no-show-feature-v1.0,29,5
RES-d2f393cc8e48cf00918bb7700bdac638,2026-08-13 18:00:00,True,0.022997171200492533,5,True,HIGH,TOP_15_PERCENT_DAILY_COHORT,SUCCESS,reservation-no-show-v1.0,reservation-no-show-feature-v1.0,29,5
RES-ccb491d4e374fe97c6465f47c9468801,2026-08-30 18:00:00,True,0.007260451376094524,26,False,LOW,TOP_15_PERCENT_DAILY_COHORT,SUCCESS,reservation-no-show-v1.0,reservation-no-show-feature-v1.0,29,5
RES-7be7e3ef8a9407130afcafe7637065c6,2026-09-16 18:00:00,True,0.004805957020704138,19,False,LOW,TOP_15_PERCENT_DAILY_COHORT,SUCCESS,reservation-no-show-v1.0,reservation-no-show-feature-v1.0,29,5
RES-acd13f6155980f06cb410e8d2621cf73,2026-10-03 18:00:00,True,0.020991655977088356,1,True,HIGH,TOP_15_PERCENT_DAILY_COHORT,SUCCESS,reservation-no-show-v1.0,reservation-no-show-feature-v1.0,29,5
RES-b186db72f0e4ff3fe4592128ed195e66,2026-10-20 18:00:00,True,0.006416790647560095,23,False,LOW,TOP_15_PERCENT_DAILY_COHORT,SUCCESS,reservation-no-show-v1.0,reservation-no-show-feature-v1.0,29,5
RES-081b7050193bc90d71b16138c86506b1,2026-11-06 18:00:00,True,0.009777393723018512,11,False,LOW,TOP_15_PERCENT_DAILY_COHORT,SUCCESS,reservation-no-show-v1.0,reservation-no-show-feature-v1.0,29,5
RES-852c344feab116d8d4bae8af34efaeb2,2026-11-23 18:00:00,True,0.013269312389568784,8,False,LOW,TOP_15_PERCENT_DAILY_COHORT,SUCCESS,reservation-no-show-v1.0,reservation-no-show-feature-v1.0,29,5
RES-5140962902f271913919e81868cd24e4,2026-12-10 18:00:00,True,0.0050827587587075965,18,False,LOW,TOP_15_PERCENT_DAILY_COHORT,SUCCESS,reservation-no-show-v1.0,reservation-no-show-feature-v1.0,29,5
RES-df0b2f5ee3c6349d3f5d23617662dde6,2026-08-12 18:00:00,True,0.004466016204950935,25,False,LOW,TOP_15_PERCENT_DAILY_COHORT,SUCCESS,reservation-no-show-v1.0,reservation-no-show-feature-v1.0,29,5
RES-c484760d4f4d468462290c5c0f147f75,2026-08-29 18:00:00,True,0.021342591558691094,8,False,LOW,TOP_15_PERCENT_DAILY_COHORT,SUCCESS,reservation-no-show-v1.0,reservation-no-show-feature-v1.0,29,5
RES-6669f963bf4cbc3963d90bc1fd606915,2026-09-15 18:00:00,True,0.0077712726457594096,20,False,LOW,TOP_15_PERCENT_DAILY_COHORT,SUCCESS,reservation-no-show-v1.0,reservation-no-show-feature-v1.0,29,5
RES-c9cc2b08f6103d4bd89377c5ef7d7907,2026-10-02 18:00:00,True,0.0041196188295590025,29,False,LOW,TOP_15_PERCENT_DAILY_COHORT,SUCCESS,reservation-no-show-v1.0,reservation-no-show-feature-v1.0,29,5
RES-a358d8cfeb87fe019684654ad887f6cf,2026-10-19 18:00:00,True,0.017666796312684068,6,False,LOW,TOP_15_PERCENT_DAILY_COHORT,SUCCESS,reservation-no-show-v1.0,reservation-no-show-feature-v1.0,29,5
RES-5c064d9ecf7d516fdbf68f8d1cac6774,2026-11-05 18:00:00,True,0.007558502062046939,15,False,LOW,TOP_15_PERCENT_DAILY_COHORT,SUCCESS,reservation-no-show-v1.0,reservation-no-show-feature-v1.0,29,5
RES-a01438953dbf0cc16412c30d10aa4dd0,2026-11-22 18:00:00,True,0.008213853937385092,18,False,LOW,TOP_15_PERCENT_DAILY_COHORT,SUCCESS,reservation-no-show-v1.0,reservation-no-show-feature-v1.0,29,5
RES-694b937380eec4a47bc5268cbe459cd1,2026-12-09 18:00:00,True,0.01419685137738051,5,True,HIGH,TOP_15_PERCENT_DAILY_COHORT,SUCCESS,reservation-no-show-v1.0,reservation-no-show-feature-v1.0,29,5
RES-3ca76bdddd3d01157cc6c92008a57ce1,2026-08-11 18:00:00,True,0.005285233941660742,14,False,LOW,TOP_15_PERCENT_DAILY_COHORT,SUCCESS,reservation-no-show-v1.0,reservation-no-show-feature-v1.0,29,5
RES-3dcf07c54ab91dfe664c77a452782c3b,2026-08-28 18:00:00,True,0.005519424588766148,18,False,LOW,TOP_15_PERCENT_DAILY_COHORT,SUCCESS,reservation-no-show-v1.0,reservation-no-show-feature-v1.0,29,5
RES-5b19e546a1bc7a1931eaef6e5b21e745,2026-09-14 18:00:00,True,0.023768668721193924,2,True,HIGH,TOP_15_PERCENT_DAILY_COHORT,SUCCESS,reservation-no-show-v1.0,reservation-no-show-feature-v1.0,29,5
RES-a53a25270657a85513f96e870d5d0bdf,2026-10-01 18:00:00,True,0.00831773248211133,16,False,LOW,TOP_15_PERCENT_DAILY_COHORT,SUCCESS,reservation-no-show-v1.0,reservation-no-show-feature-v1.0,29,5
RES-675419bd2093d5505d4c0c41da490fea,2026-10-18 18:00:00,True,0.004611863191326212,21,False,LOW,TOP_15_PERCENT_DAILY_COHORT,SUCCESS,reservation-no-show-v1.0,reservation-no-show-feature-v1.0,29,5
RES-d7895c2578ce946c07edd515a8a0ba9e,2026-11-04 18:00:00,True,0.015634256644138516,5,True,HIGH,TOP_15_PERCENT_DAILY_COHORT,SUCCESS,reservation-no-show-v1.0,reservation-no-show-feature-v1.0,29,5
RES-5487c35c77561ab845384a666985d9e3,2026-11-21 18:00:00,True,0.007006723765950607,21,False,LOW,TOP_15_PERCENT_DAILY_COHORT,SUCCESS,reservation-no-show-v1.0,reservation-no-show-feature-v1.0,29,5
RES-f400978545cf7065de77e00a4f8627fa,2026-12-08 18:00:00,True,0.006597974073568277,23,False,LOW,TOP_15_PERCENT_DAILY_COHORT,SUCCESS,reservation-no-show-v1.0,reservation-no-show-feature-v1.0,29,5
RES-0f625695e33af9ffe5f38a7c94873a3c,2026-08-10 18:00:00,True,0.028680129736096918,3,True,HIGH,TOP_15_PERCENT_DAILY_COHORT,SUCCESS,reservation-no-show-v1.0,reservation-no-show-feature-v1.0,30,5
RES-b8a993bbddc9eb03046a21eda43ec143,2026-08-27 18:00:00,True,0.004685395340114084,22,False,LOW,TOP_15_PERCENT_DAILY_COHORT,SUCCESS,reservation-no-show-v1.0,reservation-no-show-feature-v1.0,30,5
RES-5d475df3dd2c4feddd388b85d57e9568,2026-09-13 18:00:00,True,0.005595399921995751,15,False,LOW,TOP_15_PERCENT_DAILY_COHORT,SUCCESS,reservation-no-show-v1.0,reservation-no-show-feature-v1.0,30,5
RES-188bf2d57a49c115248504481890ba7a,2026-09-30 18:00:00,True,0.023130008578806507,4,True,HIGH,TOP_15_PERCENT_DAILY_COHORT,SUCCESS,reservation-no-show-v1.0,reservation-no-show-feature-v1.0,30,5
RES-1ec0def53c84e9f6588f732d606f3e7a,2026-10-17 18:00:00,True,0.007710960229103995,20,False,LOW,TOP_15_PERCENT_DAILY_COHORT,SUCCESS,reservation-no-show-v1.0,reservation-no-show-feature-v1.0,30,5
RES-de5faf4ecbee96d0d2c5d40afe0abfd1,2026-11-03 18:00:00,True,0.0054341882014680735,12,False,LOW,TOP_15_PERCENT_DAILY_COHORT,SUCCESS,reservation-no-show-v1.0,reservation-no-show-feature-v1.0,30,5
RES-015279f2ccf02232d10c7738b5825804,2026-11-20 18:00:00,True,0.01594567217248112,6,False,LOW,TOP_15_PERCENT_DAILY_COHORT,SUCCESS,reservation-no-show-v1.0,reservation-no-show-feature-v1.0,30,5
RES-e54ef9dcd514439b474f05e063af6a88,2026-12-07 18:00:00,True,0.005864815538789341,29,False,LOW,TOP_15_PERCENT_DAILY_COHORT,SUCCESS,reservation-no-show-v1.0,reservation-no-show-feature-v1.0,30,5
RES-45baeae9e0a802b5e0b66276254b17a7,2026-12-24 18:00:00,True,0.007796540529286192,14,False,LOW,TOP_15_PERCENT_DAILY_COHORT,SUCCESS,reservation-no-show-v1.0,reservation-no-show-feature-v1.0,30,5
RES-90f763faec6ebd8c022343aab50b5326,2026-08-09 18:00:00,True,0.007560062367417191,15,False,LOW,TOP_15_PERCENT_DAILY_COHORT,SUCCESS,reservation-no-show-v1.0,reservation-no-show-feature-v1.0,29,5
RES-d232c47895dee244b0e7d004feeec580,2026-08-26 18:00:00,True,0.02549317559011051,3,True,HIGH,TOP_15_PERCENT_DAILY_COHORT,SUCCESS,reservation-no-show-v1.0,reservation-no-show-feature-v1.0,29,5
RES-d41b46821a2dd0d83bf70386f9699857,2026-09-12 18:00:00,True,0.003932321261834368,28,False,LOW,TOP_15_PERCENT_DAILY_COHORT,SUCCESS,reservation-no-show-v1.0,reservation-no-show-feature-v1.0,29,5
RES-5c228cdbd2ceb0334a9e6bf2c9a58668,2026-09-29 18:00:00,True,0.005459787149006156,17,False,LOW,TOP_15_PERCENT_DAILY_COHORT,SUCCESS,reservation-no-show-v1.0,reservation-no-show-feature-v1.0,29,5
RES-2210d5d16e39566dfe271a934e85b06b,2026-10-16 18:00:00,True,0.0284598796640252,2,True,HIGH,TOP_15_PERCENT_DAILY_COHORT,SUCCESS,reservation-no-show-v1.0,reservation-no-show-feature-v1.0,29,5
RES-88ebaabc3894bfeb2572ea740e055403,2026-11-02 18:00:00,True,0.007816865113065263,16,False,LOW,TOP_15_PERCENT_DAILY_COHORT,SUCCESS,reservation-no-show-v1.0,reservation-no-show-feature-v1.0,29,5
RES-3d3964ae3710942746cf6b263cf75c32,2026-11-19 18:00:00,True,0.004817526165043611,14,False,LOW,TOP_15_PERCENT_DAILY_COHORT,SUCCESS,reservation-no-show-v1.0,reservation-no-show-feature-v1.0,29,5
RES-82d667a074cf62464546a5d1a1871223,2026-12-06 18:00:00,True,0.014699342006331278,8,False,LOW,TOP_15_PERCENT_DAILY_COHORT,SUCCESS,reservation-no-show-v1.0,reservation-no-show-feature-v1.0,29,5
RES-1e6a0ee5c7e04ba2eaa12441156d2f3e,2026-12-23 18:00:00,True,0.005722710658570878,27,False,LOW,TOP_15_PERCENT_DAILY_COHORT,SUCCESS,reservation-no-show-v1.0,reservation-no-show-feature-v1.0,29,5
RES-3e2de95152ae820a40ac7bb67edf495a,2026-08-08 18:00:00,True,0.005780385557600167,14,False,LOW,TOP_15_PERCENT_DAILY_COHORT,SUCCESS,reservation-no-show-v1.0,reservation-no-show-feature-v1.0,29,5
RES-4d2135a26d78e9d664840eefab7ddf06,2026-08-25 18:00:00,True,0.007377186353581658,15,False,LOW,TOP_15_PERCENT_DAILY_COHORT,SUCCESS,reservation-no-show-v1.0,reservation-no-show-feature-v1.0,29,5
RES-55e214f0b320312e54f41d27222266c5,2026-09-11 18:00:00,True,0.02846219964297187,5,True,HIGH,TOP_15_PERCENT_DAILY_COHORT,SUCCESS,reservation-no-show-v1.0,reservation-no-show-feature-v1.0,29,5
RES-1a7c29e7c6692d30a3862a7235644c19,2026-09-28 18:00:00,True,0.004402284771241655,23,False,LOW,TOP_15_PERCENT_DAILY_COHORT,SUCCESS,reservation-no-show-v1.0,reservation-no-show-feature-v1.0,29,5
RES-f4272e7a2f0af0a96f3a16c5c4ab829b,2026-10-15 18:00:00,True,0.006432325469124655,11,False,LOW,TOP_15_PERCENT_DAILY_COHORT,SUCCESS,reservation-no-show-v1.0,reservation-no-show-feature-v1.0,29,5
RES-be4b1ca8a0416b8b3defce761a2b8245,2026-11-01 18:00:00,True,0.019796951021522406,9,False,LOW,TOP_15_PERCENT_DAILY_COHORT,SUCCESS,reservation-no-show-v1.0,reservation-no-show-feature-v1.0,29,5
RES-718bda0029deda365bc0dc69ecd56d7a,2026-11-18 18:00:00,True,0.0069317055762799515,25,False,LOW,TOP_15_PERCENT_DAILY_COHORT,SUCCESS,reservation-no-show-v1.0,reservation-no-show-feature-v1.0,29,5
RES-c04f4c7cb8c16c47ec9e84c3b0aa516f,2026-12-05 18:00:00,True,0.004043301239884044,29,False,LOW,TOP_15_PERCENT_DAILY_COHORT,SUCCESS,reservation-no-show-v1.0,reservation-no-show-feature-v1.0,29,5
RES-ddad9a6d6763ef303534e7edb10c8168,2026-12-22 18:00:00,True,0.01434626504306711,9,False,LOW,TOP_15_PERCENT_DAILY_COHORT,SUCCESS,reservation-no-show-v1.0,reservation-no-show-feature-v1.0,29,5
RES-d3e2dcd6d0404e4c25924217958786f1,2026-08-07 18:00:00,True,0.01333530881343996,8,False,LOW,TOP_15_PERCENT_DAILY_COHORT,SUCCESS,reservation-no-show-v1.0,reservation-no-show-feature-v1.0,29,5
RES-3198c71dcbf4fb901eae587064c80c89,2026-08-24 18:00:00,True,0.004852889892166706,21,False,LOW,TOP_15_PERCENT_DAILY_COHORT,SUCCESS,reservation-no-show-v1.0,reservation-no-show-feature-v1.0,29,5
RES-445f87cdde8732a85f7f0437927d3ffb,2026-09-10 18:00:00,True,0.0065205936707555985,19,False,LOW,TOP_15_PERCENT_DAILY_COHORT,SUCCESS,reservation-no-show-v1.0,reservation-no-show-feature-v1.0,29,5
RES-3981a59d17fae684f6a2f2574b6e4ac9,2026-09-27 18:00:00,True,0.023983070268458313,7,False,LOW,TOP_15_PERCENT_DAILY_COHORT,SUCCESS,reservation-no-show-v1.0,reservation-no-show-feature-v1.0,29,5
RES-118da7b23e77ddab81676d0dbb1e1367,2026-10-14 18:00:00,True,0.005187435343121591,13,False,LOW,TOP_15_PERCENT_DAILY_COHORT,SUCCESS,reservation-no-show-v1.0,reservation-no-show-feature-v1.0,29,5
RES-125ed5572de2adc8954dbf98e7765961,2026-10-31 18:00:00,True,0.004457326352592071,23,False,LOW,TOP_15_PERCENT_DAILY_COHORT,SUCCESS,reservation-no-show-v1.0,reservation-no-show-feature-v1.0,29,5
RES-e5b35de1b4ed70c21fd3fcde84f00b9a,2026-11-17 18:00:00,True,0.025637956128763944,3,True,HIGH,TOP_15_PERCENT_DAILY_COHORT,SUCCESS,reservation-no-show-v1.0,reservation-no-show-feature-v1.0,29,5
RES-34e8ec3ff0968bdd748230e5780430d6,2026-12-04 18:00:00,True,0.007048449829240749,24,False,LOW,TOP_15_PERCENT_DAILY_COHORT,SUCCESS,reservation-no-show-v1.0,reservation-no-show-feature-v1.0,29,5
RES-530e5c45b50958f6ebbe4ed207ade80c,2026-12-21 18:00:00,True,0.004526468025311758,19,False,LOW,TOP_15_PERCENT_DAILY_COHORT,SUCCESS,reservation-no-show-v1.0,reservation-no-show-feature-v1.0,29,5
RES-805d17e0a0aef09d951cd1478f9de507,2026-08-06 18:00:00,True,0.007176322957590612,19,False,LOW,TOP_15_PERCENT_DAILY_COHORT,SUCCESS,reservation-no-show-v1.0,reservation-no-show-feature-v1.0,29,5
RES-df0e835cb29a8be04a4d7520fe929c29,2026-08-23 18:00:00,True,0.013560413675238683,6,False,LOW,TOP_15_PERCENT_DAILY_COHORT,SUCCESS,reservation-no-show-v1.0,reservation-no-show-feature-v1.0,29,5
RES-9f962d5facbe4e423dc4dc0de1bf9c2e,2026-09-09 18:00:00,True,0.005195209566100137,19,False,LOW,TOP_15_PERCENT_DAILY_COHORT,SUCCESS,reservation-no-show-v1.0,reservation-no-show-feature-v1.0,29,5
RES-7af5145ba93a2cda647638de6f125f1f,2026-09-26 18:00:00,True,0.007887133314152778,12,False,LOW,TOP_15_PERCENT_DAILY_COHORT,SUCCESS,reservation-no-show-v1.0,reservation-no-show-feature-v1.0,29,5
RES-392a96f706419944dc815bb0aada9776,2026-10-13 18:00:00,True,0.02816168522260437,2,True,HIGH,TOP_15_PERCENT_DAILY_COHORT,SUCCESS,reservation-no-show-v1.0,reservation-no-show-feature-v1.0,29,5
RES-e9689f7a646c1f98462ea41661c51adb,2026-10-30 18:00:00,True,0.003968187895387437,28,False,LOW,TOP_15_PERCENT_DAILY_COHORT,SUCCESS,reservation-no-show-v1.0,reservation-no-show-feature-v1.0,29,5
RES-fe535d1a64223f7950ff038c3b5e220e,2026-11-16 18:00:00,True,0.00549189366256875,14,False,LOW,TOP_15_PERCENT_DAILY_COHORT,SUCCESS,reservation-no-show-v1.0,reservation-no-show-feature-v1.0,29,5
RES-7c9e7e98bd146364055b23fbc3ab5c06,2026-12-03 18:00:00,True,0.02066572387040343,8,False,LOW,TOP_15_PERCENT_DAILY_COHORT,SUCCESS,reservation-no-show-v1.0,reservation-no-show-feature-v1.0,29,5
RES-f5f5f9fb0aa80b9c70afa9d920460d34,2026-12-20 18:00:00,True,0.006513752123344873,27,False,LOW,TOP_15_PERCENT_DAILY_COHORT,SUCCESS,reservation-no-show-v1.0,reservation-no-show-feature-v1.0,29,5
RES-95b98877160ec5f7cba9b05b8cacbdd4,2026-08-05 18:00:00,True,0.0063793117181690714,22,False,LOW,TOP_15_PERCENT_DAILY_COHORT,SUCCESS,reservation-no-show-v1.0,reservation-no-show-feature-v1.0,29,5
RES-eb8d3802a101c1bc0f0d52688d463443,2026-08-22 18:00:00,True,0.0066522571148121155,22,False,LOW,TOP_15_PERCENT_DAILY_COHORT,SUCCESS,reservation-no-show-v1.0,reservation-no-show-feature-v1.0,29,5
RES-dee6a133a4c5a16678afc0834d6ebdad,2026-09-08 18:00:00,True,0.013192340949697087,10,False,LOW,TOP_15_PERCENT_DAILY_COHORT,SUCCESS,reservation-no-show-v1.0,reservation-no-show-feature-v1.0,29,5
RES-587253084baa92eee325190819f4ffe6,2026-09-25 18:00:00,True,0.005833009643002213,13,False,LOW,TOP_15_PERCENT_DAILY_COHORT,SUCCESS,reservation-no-show-v1.0,reservation-no-show-feature-v1.0,29,5
RES-4b4d91d628fda3814809ce57c6e9539b,2026-10-12 18:00:00,True,0.008165285540112246,10,False,LOW,TOP_15_PERCENT_DAILY_COHORT,SUCCESS,reservation-no-show-v1.0,reservation-no-show-feature-v1.0,29,5
RES-51c0fb3daea31bce4fc1ed7cfde96deb,2026-10-29 18:00:00,True,0.025030856355386284,4,True,HIGH,TOP_15_PERCENT_DAILY_COHORT,SUCCESS,reservation-no-show-v1.0,reservation-no-show-feature-v1.0,29,5
RES-857f847f8e4f2f26201d92511dd5f4fb,2026-11-15 18:00:00,True,0.0044282002852817975,24,False,LOW,TOP_15_PERCENT_DAILY_COHORT,SUCCESS,reservation-no-show-v1.0,reservation-no-show-feature-v1.0,29,5
RES-12658e78d699de68cdd38f15c477e95a,2026-12-02 18:00:00,True,0.0048531390726269654,24,False,LOW,TOP_15_PERCENT_DAILY_COHORT,SUCCESS,reservation-no-show-v1.0,reservation-no-show-feature-v1.0,29,5
RES-2c043f79f74ca5f6cd6767acbf31cbfe,2026-12-19 18:00:00,True,0.021075214434339812,7,False,LOW,TOP_15_PERCENT_DAILY_COHORT,SUCCESS,reservation-no-show-v1.0,reservation-no-show-feature-v1.0,29,5
RES-6d225e8841d3115947204bcf79c54921,2026-08-04 18:00:00,True,0.017564770418372306,1,True,HIGH,TOP_15_PERCENT_DAILY_COHORT,SUCCESS,reservation-no-show-v1.0,reservation-no-show-feature-v1.0,29,5
RES-5928a0c74bcb7f0fef42ca63d167f0a0,2026-08-21 18:00:00,True,0.006507598622562472,26,False,LOW,TOP_15_PERCENT_DAILY_COHORT,SUCCESS,reservation-no-show-v1.0,reservation-no-show-feature-v1.0,29,5
RES-305d41e92106bf025bb88cb4ab7f7352,2026-09-07 18:00:00,True,0.009885174901993496,10,False,LOW,TOP_15_PERCENT_DAILY_COHORT,SUCCESS,reservation-no-show-v1.0,reservation-no-show-feature-v1.0,29,5
RES-984274a90cf4aa5406243093c9774cbe,2026-09-24 18:00:00,True,0.015570043180888029,2,True,HIGH,TOP_15_PERCENT_DAILY_COHORT,SUCCESS,reservation-no-show-v1.0,reservation-no-show-feature-v1.0,29,5
RES-8dce60b6fecda1eccd05c88922d31aff,2026-10-11 18:00:00,True,0.0053727800531742,20,False,LOW,TOP_15_PERCENT_DAILY_COHORT,SUCCESS,reservation-no-show-v1.0,reservation-no-show-feature-v1.0,29,5
RES-be94e3ac8f31098c0314bc4858f30915,2026-10-28 18:00:00,True,0.005978849576524183,24,False,LOW,TOP_15_PERCENT_DAILY_COHORT,SUCCESS,reservation-no-show-v1.0,reservation-no-show-feature-v1.0,29,5
RES-875a67d48e33bd24e51d821fcca6ee12,2026-11-14 18:00:00,True,0.023160476019067386,4,True,HIGH,TOP_15_PERCENT_DAILY_COHORT,SUCCESS,reservation-no-show-v1.0,reservation-no-show-feature-v1.0,29,5
RES-5dc1cf3740c768c3359cd450b555298f,2026-12-01 18:00:00,True,0.004306922591331395,21,False,LOW,TOP_15_PERCENT_DAILY_COHORT,SUCCESS,reservation-no-show-v1.0,reservation-no-show-feature-v1.0,29,5
RES-a064358b0b619f636b04f3906eb5da5d,2026-12-18 18:00:00,True,0.00449795992461612,27,False,LOW,TOP_15_PERCENT_DAILY_COHORT,SUCCESS,reservation-no-show-v1.0,reservation-no-show-feature-v1.0,29,5
RES-fe3a5dbae881f3c70fbb88320697f7db,2026-08-03 18:00:00,True,0.0045848777620785975,20,False,LOW,TOP_15_PERCENT_DAILY_COHORT,SUCCESS,reservation-no-show-v1.0,reservation-no-show-feature-v1.0,29,5
RES-d49181465ce53e72e430f39cfae7a243,2026-08-20 18:00:00,True,0.018846299761116934,1,True,HIGH,TOP_15_PERCENT_DAILY_COHORT,SUCCESS,reservation-no-show-v1.0,reservation-no-show-feature-v1.0,29,5
RES-2b1561fb941891e3efd3a55dbb4b0a7d,2026-09-06 18:00:00,True,0.00725984665648374,19,False,LOW,TOP_15_PERCENT_DAILY_COHORT,SUCCESS,reservation-no-show-v1.0,reservation-no-show-feature-v1.0,29,5
RES-8cf3c5fdee272a8ac7d8046ef2d2e1f0,2026-09-23 18:00:00,True,0.006580460401524755,25,False,LOW,TOP_15_PERCENT_DAILY_COHORT,SUCCESS,reservation-no-show-v1.0,reservation-no-show-feature-v1.0,29,5
RES-8148d58d5ba499231fc24747d1ebd98a,2026-10-10 18:00:00,True,0.01913156952675842,3,True,HIGH,TOP_15_PERCENT_DAILY_COHORT,SUCCESS,reservation-no-show-v1.0,reservation-no-show-feature-v1.0,29,5
RES-14b433b4f77b5c0d92df69e43c259d90,2026-10-27 18:00:00,True,0.005242534355808468,21,False,LOW,TOP_15_PERCENT_DAILY_COHORT,SUCCESS,reservation-no-show-v1.0,reservation-no-show-feature-v1.0,29,5
RES-a8c8509b336b47b8a7913d741827da0f,2026-11-13 18:00:00,True,0.008101940180266496,13,False,LOW,TOP_15_PERCENT_DAILY_COHORT,SUCCESS,reservation-no-show-v1.0,reservation-no-show-feature-v1.0,29,5
RES-44be2db7ae2a98ec33995151a1fdb734,2026-11-30 18:00:00,True,0.0283234892967995,3,True,HIGH,TOP_15_PERCENT_DAILY_COHORT,SUCCESS,reservation-no-show-v1.0,reservation-no-show-feature-v1.0,29,5
RES-d03eba124e3a201fc157aeae871fa564,2026-12-17 18:00:00,True,0.004202405995771702,25,False,LOW,TOP_15_PERCENT_DAILY_COHORT,SUCCESS,reservation-no-show-v1.0,reservation-no-show-feature-v1.0,29,5
RES-f0be6c4700f98d201f061fe6e40c58c7,2026-08-02 18:00:00,True,0.007989319473015687,18,False,LOW,TOP_15_PERCENT_DAILY_COHORT,SUCCESS,reservation-no-show-v1.0,reservation-no-show-feature-v1.0,29,5
RES-31419a2f8c384f17e93ab584705b3d8d,2026-08-19 18:00:00,True,0.004924138016673733,18,False,LOW,TOP_15_PERCENT_DAILY_COHORT,SUCCESS,reservation-no-show-v1.0,reservation-no-show-feature-v1.0,29,5
RES-5a84d08ea2d116a92130ea11f12f2763,2026-09-05 18:00:00,True,0.014417539548764199,9,False,LOW,TOP_15_PERCENT_DAILY_COHORT,SUCCESS,reservation-no-show-v1.0,reservation-no-show-feature-v1.0,29,5
RES-17bd622165d41472bae28438f19b00ed,2026-09-22 18:00:00,True,0.006437353066724438,26,False,LOW,TOP_15_PERCENT_DAILY_COHORT,SUCCESS,reservation-no-show-v1.0,reservation-no-show-feature-v1.0,29,5
RES-341b11ce69364689c2799c164d5429d2,2026-10-09 18:00:00,True,0.006691328819714546,24,False,LOW,TOP_15_PERCENT_DAILY_COHORT,SUCCESS,reservation-no-show-v1.0,reservation-no-show-feature-v1.0,29,5
RES-b3206bee7357306138491691f6dcd29a,2026-10-26 18:00:00,True,0.014638911346189127,8,False,LOW,TOP_15_PERCENT_DAILY_COHORT,SUCCESS,reservation-no-show-v1.0,reservation-no-show-feature-v1.0,29,5
RES-fd87393b796cbd786a61c413aeab393c,2026-11-12 18:00:00,True,0.004208710236070726,29,False,LOW,TOP_15_PERCENT_DAILY_COHORT,SUCCESS,reservation-no-show-v1.0,reservation-no-show-feature-v1.0,29,5
RES-7a78543690205c3547746170d90e4237,2026-11-29 18:00:00,True,0.006183038136529334,22,False,LOW,TOP_15_PERCENT_DAILY_COHORT,SUCCESS,reservation-no-show-v1.0,reservation-no-show-feature-v1.0,29,5
RES-20bb49984d3fd6f2ae9d5321df271b85,2026-12-16 18:00:00,True,0.027652345714150057,1,True,HIGH,TOP_15_PERCENT_DAILY_COHORT,SUCCESS,reservation-no-show-v1.0,reservation-no-show-feature-v1.0,29,5
RES-b075e00494c5d1a9dbcccd37e8e8d686,2026-08-01 18:00:00,True,0.019419347927702297,8,False,LOW,TOP_15_PERCENT_DAILY_COHORT,SUCCESS,reservation-no-show-v1.0,reservation-no-show-feature-v1.0,29,5
RES-9460cf49a47bd4f1f65eba7fceb503ce,2026-08-18 18:00:00,True,0.007084771138918395,24,False,LOW,TOP_15_PERCENT_DAILY_COHORT,SUCCESS,reservation-no-show-v1.0,reservation-no-show-feature-v1.0,29,5
RES-e8f837beea78f99d7ccd092a886baab6,2026-09-04 18:00:00,True,0.005007241165881043,16,False,LOW,TOP_15_PERCENT_DAILY_COHORT,SUCCESS,reservation-no-show-v1.0,reservation-no-show-feature-v1.0,29,5
RES-3c7f32a5334db44a133ce0553dc39644,2026-09-21 18:00:00,True,0.016120342476040727,6,False,LOW,TOP_15_PERCENT_DAILY_COHORT,SUCCESS,reservation-no-show-v1.0,reservation-no-show-feature-v1.0,29,5
RES-c5e0674f1c16cb86cabfc0c07cd9b59f,2026-10-08 18:00:00,True,0.00626139560924254,23,False,LOW,TOP_15_PERCENT_DAILY_COHORT,SUCCESS,reservation-no-show-v1.0,reservation-no-show-feature-v1.0,29,5
RES-cc02a130e791195c6d34b7dd1b42bbf8,2026-10-25 18:00:00,True,0.00824012723528303,17,False,LOW,TOP_15_PERCENT_DAILY_COHORT,SUCCESS,reservation-no-show-v1.0,reservation-no-show-feature-v1.0,29,5
RES-77fce5502cd2d1cb14e6642f1255bc63,2026-11-11 18:00:00,True,0.017218197010655995,3,True,HIGH,TOP_15_PERCENT_DAILY_COHORT,SUCCESS,reservation-no-show-v1.0,reservation-no-show-feature-v1.0,29,5
RES-180ac15e100c2566fa08d86357ced88e,2026-11-28 18:00:00,True,0.005725133276520735,14,False,LOW,TOP_15_PERCENT_DAILY_COHORT,SUCCESS,reservation-no-show-v1.0,reservation-no-show-feature-v1.0,29,5
RES-3b1856d75605c4ea95f6707a8af0ee20,2026-12-15 18:00:00,True,0.006618561562916979,22,False,LOW,TOP_15_PERCENT_DAILY_COHORT,SUCCESS,reservation-no-show-v1.0,reservation-no-show-feature-v1.0,29,5
RES-a51e9ca8fbaedf5d28a8bf44c1e38a58,2026-07-31 18:00:00,True,0.005014746699616734,23,False,LOW,TOP_15_PERCENT_DAILY_COHORT,SUCCESS,reservation-no-show-v1.0,reservation-no-show-feature-v1.0,29,5
RES-9f8c78f68814ed702ed4906aae0544d0,2026-08-17 18:00:00,True,0.01974509833747844,10,False,LOW,TOP_15_PERCENT_DAILY_COHORT,SUCCESS,reservation-no-show-v1.0,reservation-no-show-feature-v1.0,29,5
RES-ff33d254da0fb73b2570d476e7059e33,2026-09-03 18:00:00,True,0.007583326547520762,20,False,LOW,TOP_15_PERCENT_DAILY_COHORT,SUCCESS,reservation-no-show-v1.0,reservation-no-show-feature-v1.0,29,5
RES-2d9a46bc85cf52dbd26ebfb7b9f6a833,2026-09-20 18:00:00,True,0.004203276434759004,25,False,LOW,TOP_15_PERCENT_DAILY_COHORT,SUCCESS,reservation-no-show-v1.0,reservation-no-show-feature-v1.0,29,5
RES-824fdc52c8dab85d32fab887a567cd4f,2026-10-07 18:00:00,True,0.017243688777784108,5,True,HIGH,TOP_15_PERCENT_DAILY_COHORT,SUCCESS,reservation-no-show-v1.0,reservation-no-show-feature-v1.0,29,5
RES-5b94dc3494ee132bc3ff8d2fea1dd529,2026-10-24 18:00:00,True,0.0063873264835123044,24,False,LOW,TOP_15_PERCENT_DAILY_COHORT,SUCCESS,reservation-no-show-v1.0,reservation-no-show-feature-v1.0,29,5
RES-f34585dc58250df5bfede8be916b4d17,2026-11-10 18:00:00,True,0.008015290597222589,12,False,LOW,TOP_15_PERCENT_DAILY_COHORT,SUCCESS,reservation-no-show-v1.0,reservation-no-show-feature-v1.0,29,5
RES-c356ef50ab107f605286d177a8f24604,2026-11-27 18:00:00,True,0.015972600353550526,6,False,LOW,TOP_15_PERCENT_DAILY_COHORT,SUCCESS,reservation-no-show-v1.0,reservation-no-show-feature-v1.0,29,5
RES-cefd6c850863f8b04e1ee9d322b9b067,2026-12-14 18:00:00,True,0.00479108220866379,24,False,LOW,TOP_15_PERCENT_DAILY_COHORT,SUCCESS,reservation-no-show-v1.0,reservation-no-show-feature-v1.0,29,5
RES-e91474a1066e47b25fdd852ee3dc03b7,2026-07-30 18:00:00,True,0.003879412343359472,28,False,LOW,TOP_15_PERCENT_DAILY_COHORT,SUCCESS,reservation-no-show-v1.0,reservation-no-show-feature-v1.0,29,5
RES-4a10d04f69b71b90bd6f72bad01519a2,2026-08-16 18:00:00,True,0.0067988265703957385,11,False,LOW,TOP_15_PERCENT_DAILY_COHORT,SUCCESS,reservation-no-show-v1.0,reservation-no-show-feature-v1.0,29,5
RES-9062bbe0090ef2c310329b38f2fdddca,2026-09-02 18:00:00,True,0.023202877316673327,3,True,HIGH,TOP_15_PERCENT_DAILY_COHORT,SUCCESS,reservation-no-show-v1.0,reservation-no-show-feature-v1.0,29,5
RES-c003c743babd8785161cee33d67c313b,2026-09-19 18:00:00,True,0.007029748875297675,23,False,LOW,TOP_15_PERCENT_DAILY_COHORT,SUCCESS,reservation-no-show-v1.0,reservation-no-show-feature-v1.0,29,5
RES-7a3c938b0172768bed07bf6469db47cf,2026-10-06 18:00:00,True,0.004849753273338317,21,False,LOW,TOP_15_PERCENT_DAILY_COHORT,SUCCESS,reservation-no-show-v1.0,reservation-no-show-feature-v1.0,29,5
RES-d56d926649237fa36d45e8b8dc999c09,2026-10-23 18:00:00,True,0.0159962780143575,6,False,LOW,TOP_15_PERCENT_DAILY_COHORT,SUCCESS,reservation-no-show-v1.0,reservation-no-show-feature-v1.0,29,5
RES-bd3038d0199bc5f0efc620fb9355e2a2,2026-11-09 18:00:00,True,0.006475170771150847,18,False,LOW,TOP_15_PERCENT_DAILY_COHORT,SUCCESS,reservation-no-show-v1.0,reservation-no-show-feature-v1.0,29,5
RES-1fe0cb891597edd0a314fdbb62cd5546,2026-11-26 18:00:00,True,0.00645885040018455,27,False,LOW,TOP_15_PERCENT_DAILY_COHORT,SUCCESS,reservation-no-show-v1.0,reservation-no-show-feature-v1.0,29,5
RES-797162be654b880715e0f6ad05357e77,2026-12-13 18:00:00,True,0.019565361358231684,1,True,HIGH,TOP_15_PERCENT_DAILY_COHORT,SUCCESS,reservation-no-show-v1.0,reservation-no-show-feature-v1.0,29,5
RES-9877ca992607e1e0a92fd4485d41408e,2026-07-29 18:00:00,True,0.028088551235940815,1,True,HIGH,TOP_15_PERCENT_DAILY_COHORT,SUCCESS,reservation-no-show-v1.0,reservation-no-show-feature-v1.0,29,5
RES-f1908157d55295575f1bb9557e96fb21,2026-08-15 18:00:00,True,0.004342439022499332,20,False,LOW,TOP_15_PERCENT_DAILY_COHORT,SUCCESS,reservation-no-show-v1.0,reservation-no-show-feature-v1.0,29,5
RES-309f9fd90f45f6b38c104fcd9cab65e3,2026-09-01 18:00:00,True,0.004960535109493708,22,False,LOW,TOP_15_PERCENT_DAILY_COHORT,SUCCESS,reservation-no-show-v1.0,reservation-no-show-feature-v1.0,29,5
RES-cd871d8df1305fcd9c16f1c643cba1f0,2026-09-18 18:00:00,True,0.023661426836779142,4,True,HIGH,TOP_15_PERCENT_DAILY_COHORT,SUCCESS,reservation-no-show-v1.0,reservation-no-show-feature-v1.0,29,5
RES-429f4c3a304926711695f61f31ec8d3b,2026-10-05 18:00:00,True,0.00949351047109998,15,False,LOW,TOP_15_PERCENT_DAILY_COHORT,SUCCESS,reservation-no-show-v1.0,reservation-no-show-feature-v1.0,29,5
RES-530da528770e8ee4c9dea988a228fedd,2026-10-22 18:00:00,True,0.005854637165845801,10,False,LOW,TOP_15_PERCENT_DAILY_COHORT,SUCCESS,reservation-no-show-v1.0,reservation-no-show-feature-v1.0,29,5
RES-55aee63c75d79d05e8f2fece1dd0b324,2026-11-08 18:00:00,True,0.017825692978985428,3,True,HIGH,TOP_15_PERCENT_DAILY_COHORT,SUCCESS,reservation-no-show-v1.0,reservation-no-show-feature-v1.0,29,5
RES-9e397380540bcee44c1fcb467147ff14,2026-11-25 18:00:00,True,0.006953327110654264,17,False,LOW,TOP_15_PERCENT_DAILY_COHORT,SUCCESS,reservation-no-show-v1.0,reservation-no-show-feature-v1.0,29,5
RES-03412cbb04eea32bd3a78ae64b9af7e1,2026-12-12 18:00:00,True,0.007227511733649262,19,False,LOW,TOP_15_PERCENT_DAILY_COHORT,SUCCESS,reservation-no-show-v1.0,reservation-no-show-feature-v1.0,29,5
RES-e97bfa1407348c5b7911e83699de7b73,2026-07-28 18:00:00,True,0.006725261824987165,23,False,LOW,TOP_15_PERCENT_DAILY_COHORT,SUCCESS,reservation-no-show-v1.0,reservation-no-show-feature-v1.0,29,5
RES-aa031cdeda963a4991591abc0361e7b9,2026-08-14 18:00:00,True,0.02366336518498761,3,True,HIGH,TOP_15_PERCENT_DAILY_COHORT,SUCCESS,reservation-no-show-v1.0,reservation-no-show-feature-v1.0,29,5
RES-683a64f4e39bb2a0624dbe62d804e4f5,2026-08-31 18:00:00,True,0.0039993436534902895,27,False,LOW,TOP_15_PERCENT_DAILY_COHORT,SUCCESS,reservation-no-show-v1.0,reservation-no-show-feature-v1.0,29,5
RES-6b8b6e49358070694d6685e6ceb5873d,2026-09-17 18:00:00,True,0.004840234326763316,24,False,LOW,TOP_15_PERCENT_DAILY_COHORT,SUCCESS,reservation-no-show-v1.0,reservation-no-show-feature-v1.0,29,5
RES-b9c0a8172221ff8212ac5780befca0f3,2026-10-04 18:00:00,True,0.019859532772598283,10,False,LOW,TOP_15_PERCENT_DAILY_COHORT,SUCCESS,reservation-no-show-v1.0,reservation-no-show-feature-v1.0,29,5
RES-a59e78297d3bf95a17c389e01e172032,2026-10-21 18:00:00,True,0.006953906477113908,23,False,LOW,TOP_15_PERCENT_DAILY_COHORT,SUCCESS,reservation-no-show-v1.0,reservation-no-show-feature-v1.0,29,5
RES-eadcb19c627147ea7e54f06e7048c945,2026-11-07 18:00:00,True,0.005953350107903858,11,False,LOW,TOP_15_PERCENT_DAILY_COHORT,SUCCESS,reservation-no-show-v1.0,reservation-no-show-feature-v1.0,29,5
RES-ff8ac6ae698a374f44b06f85609734e6,2026-11-24 18:00:00,True,0.021020691872378997,1,True,HIGH,TOP_15_PERCENT_DAILY_COHORT,SUCCESS,reservation-no-show-v1.0,reservation-no-show-feature-v1.0,29,5
RES-6805cd010cd9e4afbacb4deb01c1d63e,2026-12-11 18:00:00,True,0.007780374793889433,15,False,LOW,TOP_15_PERCENT_DAILY_COHORT,SUCCESS,reservation-no-show-v1.0,reservation-no-show-feature-v1.0,29,5
RES-f9c3ed9d78d381eae2ba70584840d55c,2026-08-13 18:00:00,True,0.005943913253322631,27,False,LOW,TOP_15_PERCENT_DAILY_COHORT,SUCCESS,reservation-no-show-v1.0,reservation-no-show-feature-v1.0,29,5
RES-eba01fb579e8ca5652bb982a120c8af8,2026-08-30 18:00:00,True,0.03498178415762719,1,True,HIGH,TOP_15_PERCENT_DAILY_COHORT,SUCCESS,reservation-no-show-v1.0,reservation-no-show-feature-v1.0,29,5
RES-ee84d70b11db325e79a615cbf581b389,2026-09-16 18:00:00,True,0.005727701329142396,13,False,LOW,TOP_15_PERCENT_DAILY_COHORT,SUCCESS,reservation-no-show-v1.0,reservation-no-show-feature-v1.0,29,5
RES-f8ae569eb704bf058f5027cd40a22e37,2026-10-03 18:00:00,True,0.004921928463454569,19,False,LOW,TOP_15_PERCENT_DAILY_COHORT,SUCCESS,reservation-no-show-v1.0,reservation-no-show-feature-v1.0,29,5
RES-fcef9a517a43e151b2d08b143f67300a,2026-10-20 18:00:00,True,0.021304857691148284,8,False,LOW,TOP_15_PERCENT_DAILY_COHORT,SUCCESS,reservation-no-show-v1.0,reservation-no-show-feature-v1.0,29,5
RES-5697a8d88ccf8e58723cc7bb4b0aae84,2026-11-06 18:00:00,True,0.0077810225318194585,17,False,LOW,TOP_15_PERCENT_DAILY_COHORT,SUCCESS,reservation-no-show-v1.0,reservation-no-show-feature-v1.0,29,5
RES-ce36d6bc9fb574b570053fcfb0015fb1,2026-11-23 18:00:00,True,0.0045410006452492446,20,False,LOW,TOP_15_PERCENT_DAILY_COHORT,SUCCESS,reservation-no-show-v1.0,reservation-no-show-feature-v1.0,29,5
RES-619de82b4a41edbe7f670cea85bb936f,2026-12-10 18:00:00,True,0.018609601171752536,3,True,HIGH,TOP_15_PERCENT_DAILY_COHORT,SUCCESS,reservation-no-show-v1.0,reservation-no-show-feature-v1.0,29,5
RES-68e142b913eb31f64232432da96eb715,2026-08-12 18:00:00,True,0.0057362805605893595,14,False,LOW,TOP_15_PERCENT_DAILY_COHORT,SUCCESS,reservation-no-show-v1.0,reservation-no-show-feature-v1.0,29,5
RES-fb4cead5fdb9e15f0edba9cf05f09bdf,2026-08-29 18:00:00,True,0.0060634977981200554,25,False,LOW,TOP_15_PERCENT_DAILY_COHORT,SUCCESS,reservation-no-show-v1.0,reservation-no-show-feature-v1.0,29,5
RES-937dc8a00f210887d7dcc9ca4baa4e62,2026-09-15 18:00:00,True,0.023412297628315783,8,False,LOW,TOP_15_PERCENT_DAILY_COHORT,SUCCESS,reservation-no-show-v1.0,reservation-no-show-feature-v1.0,29,5
RES-6e1413d0b987b0d185b8982b74645a70,2026-10-02 18:00:00,True,0.0043680037802880595,24,False,LOW,TOP_15_PERCENT_DAILY_COHORT,SUCCESS,reservation-no-show-v1.0,reservation-no-show-feature-v1.0,29,5
RES-0f379101234e13b2d3b69302a071dd9e,2026-10-19 18:00:00,True,0.005005732932892935,17,False,LOW,TOP_15_PERCENT_DAILY_COHORT,SUCCESS,reservation-no-show-v1.0,reservation-no-show-feature-v1.0,29,5
RES-c7c0c5575f8109ac73994989f2246e2e,2026-11-05 18:00:00,True,0.027492023891473844,1,True,HIGH,TOP_15_PERCENT_DAILY_COHORT,SUCCESS,reservation-no-show-v1.0,reservation-no-show-feature-v1.0,29,5
RES-6db3fb3a2daeb89ff0521a69b2d34800,2026-11-22 18:00:00,True,0.010538827170806092,12,False,LOW,TOP_15_PERCENT_DAILY_COHORT,SUCCESS,reservation-no-show-v1.0,reservation-no-show-feature-v1.0,29,5
RES-3e8bf14381498a0b217f32011c14cb78,2026-12-09 18:00:00,True,0.004416647327470467,19,False,LOW,TOP_15_PERCENT_DAILY_COHORT,SUCCESS,reservation-no-show-v1.0,reservation-no-show-feature-v1.0,29,5
RES-d81d2f413b1b694257ea46f169aa7087,2026-08-11 18:00:00,True,0.013234326222770576,7,False,LOW,TOP_15_PERCENT_DAILY_COHORT,SUCCESS,reservation-no-show-v1.0,reservation-no-show-feature-v1.0,29,5
RES-46f98e046467f7e555d2aaa8f891af90,2026-08-28 18:00:00,True,0.0058517123704514215,16,False,LOW,TOP_15_PERCENT_DAILY_COHORT,SUCCESS,reservation-no-show-v1.0,reservation-no-show-feature-v1.0,29,5
RES-b4c5b27b6eff4f18d9bd7de5b29bf0e9,2026-09-14 18:00:00,True,0.006764759399379851,22,False,LOW,TOP_15_PERCENT_DAILY_COHORT,SUCCESS,reservation-no-show-v1.0,reservation-no-show-feature-v1.0,29,5
RES-e408a209519ac35323137d17c33070f1,2026-10-01 18:00:00,True,0.027494267205978692,3,True,HIGH,TOP_15_PERCENT_DAILY_COHORT,SUCCESS,reservation-no-show-v1.0,reservation-no-show-feature-v1.0,29,5
RES-eae161f25f3e54f0f32b671f11e01c19,2026-10-18 18:00:00,True,0.0040358191202304215,26,False,LOW,TOP_15_PERCENT_DAILY_COHORT,SUCCESS,reservation-no-show-v1.0,reservation-no-show-feature-v1.0,29,5
RES-92198bba0bf63e96bd081b82fb40ed26,2026-11-04 18:00:00,True,0.004423271534338238,23,False,LOW,TOP_15_PERCENT_DAILY_COHORT,SUCCESS,reservation-no-show-v1.0,reservation-no-show-feature-v1.0,29,5
RES-521ac340bc9b05ae65abfe1b6d95de96,2026-11-21 18:00:00,True,0.023231534489259468,4,True,HIGH,TOP_15_PERCENT_DAILY_COHORT,SUCCESS,reservation-no-show-v1.0,reservation-no-show-feature-v1.0,29,5
RES-567dddb8d69db77bea11ae49272dc6e2,2026-12-08 18:00:00,True,0.00769713763860727,17,False,LOW,TOP_15_PERCENT_DAILY_COHORT,SUCCESS,reservation-no-show-v1.0,reservation-no-show-feature-v1.0,29,5
RES-0b4079673990bcd357833a6006171ce5,2026-08-10 18:00:00,True,0.007444858679592546,21,False,LOW,TOP_15_PERCENT_DAILY_COHORT,SUCCESS,reservation-no-show-v1.0,reservation-no-show-feature-v1.0,30,5
RES-aa8e5a5b6ed506634af723f44db73b69,2026-08-27 18:00:00,True,0.02074879987085744,1,True,HIGH,TOP_15_PERCENT_DAILY_COHORT,SUCCESS,reservation-no-show-v1.0,reservation-no-show-feature-v1.0,30,5
RES-b834c47b3331a2f3197574ec0edcfab7,2026-09-13 18:00:00,True,0.005390015119487846,18,False,LOW,TOP_15_PERCENT_DAILY_COHORT,SUCCESS,reservation-no-show-v1.0,reservation-no-show-feature-v1.0,30,5
RES-a19a68f4f74c730d65067ddaf670d853,2026-09-30 18:00:00,True,0.0072409598033237104,14,False,LOW,TOP_15_PERCENT_DAILY_COHORT,SUCCESS,reservation-no-show-v1.0,reservation-no-show-feature-v1.0,30,5
RES-9c1f172b70306589e5dced21bf765ab4,2026-10-17 18:00:00,True,0.02803519169275149,2,True,HIGH,TOP_15_PERCENT_DAILY_COHORT,SUCCESS,reservation-no-show-v1.0,reservation-no-show-feature-v1.0,30,5
RES-5620dd551da3685ebef2d3dca1e68f79,2026-11-03 18:00:00,True,0.0043207534009431555,23,False,LOW,TOP_15_PERCENT_DAILY_COHORT,SUCCESS,reservation-no-show-v1.0,reservation-no-show-feature-v1.0,30,5
RES-9228bae97005ba0c93c3758ed73117fa,2026-11-20 18:00:00,True,0.0049667762789580815,20,False,LOW,TOP_15_PERCENT_DAILY_COHORT,SUCCESS,reservation-no-show-v1.0,reservation-no-show-feature-v1.0,30,5
RES-14fd6eb6c6b2141113ab99810065b007,2026-12-07 18:00:00,True,0.02354554600296092,3,True,HIGH,TOP_15_PERCENT_DAILY_COHORT,SUCCESS,reservation-no-show-v1.0,reservation-no-show-feature-v1.0,30,5
RES-6adb324210ada7f85a1566b513e316ec,2026-12-24 18:00:00,True,0.010004582630420873,11,False,LOW,TOP_15_PERCENT_DAILY_COHORT,SUCCESS,reservation-no-show-v1.0,reservation-no-show-feature-v1.0,30,5
RES-27b871749f210ab512411fbf66b9672c,2026-08-09 18:00:00,True,0.007283090821437592,18,False,LOW,TOP_15_PERCENT_DAILY_COHORT,SUCCESS,reservation-no-show-v1.0,reservation-no-show-feature-v1.0,29,5
RES-d46a2a97b385548790c3825952e8ddc6,2026-08-26 18:00:00,True,0.00879590526152127,15,False,LOW,TOP_15_PERCENT_DAILY_COHORT,SUCCESS,reservation-no-show-v1.0,reservation-no-show-feature-v1.0,29,5
RES-ed87b82c34eddcd6576ddbcf8c691e19,2026-09-12 18:00:00,True,0.014441924975977098,5,True,HIGH,TOP_15_PERCENT_DAILY_COHORT,SUCCESS,reservation-no-show-v1.0,reservation-no-show-feature-v1.0,29,5
RES-43235317eb6d29003fac0fa1836bcb3c,2026-09-29 18:00:00,True,0.005788505456013496,13,False,LOW,TOP_15_PERCENT_DAILY_COHORT,SUCCESS,reservation-no-show-v1.0,reservation-no-show-feature-v1.0,29,5
RES-7b4d3d74c8a53b63bc87dafdfc813b53,2026-10-16 18:00:00,True,0.007232680896959112,17,False,LOW,TOP_15_PERCENT_DAILY_COHORT,SUCCESS,reservation-no-show-v1.0,reservation-no-show-feature-v1.0,29,5
RES-8dc5a8aff3eb9d14b20a0ca96f2aa786,2026-11-02 18:00:00,True,0.021429893653326277,9,False,LOW,TOP_15_PERCENT_DAILY_COHORT,SUCCESS,reservation-no-show-v1.0,reservation-no-show-feature-v1.0,29,5
RES-cae652e7efe181c4e191b9fa09079371,2026-11-19 18:00:00,True,0.003829955409109472,29,False,LOW,TOP_15_PERCENT_DAILY_COHORT,SUCCESS,reservation-no-show-v1.0,reservation-no-show-feature-v1.0,29,5
RES-a2c2d12c5e7b9cf4ef549a47fa3e4368,2026-12-06 18:00:00,True,0.005035182879249471,22,False,LOW,TOP_15_PERCENT_DAILY_COHORT,SUCCESS,reservation-no-show-v1.0,reservation-no-show-feature-v1.0,29,5
RES-1304ef8794f6a7b8d97abb5d038c897f,2026-12-23 18:00:00,True,0.025252217959232427,2,True,HIGH,TOP_15_PERCENT_DAILY_COHORT,SUCCESS,reservation-no-show-v1.0,reservation-no-show-feature-v1.0,29,5
RES-588c6764900e72f4e6462acc72363308,2026-08-08 18:00:00,True,0.017485018563962895,4,True,HIGH,TOP_15_PERCENT_DAILY_COHORT,SUCCESS,reservation-no-show-v1.0,reservation-no-show-feature-v1.0,29,5
RES-7de845da8cb8b9c3f6abccad97851b6b,2026-08-25 18:00:00,True,0.005867990954556236,28,False,LOW,TOP_15_PERCENT_DAILY_COHORT,SUCCESS,reservation-no-show-v1.0,reservation-no-show-feature-v1.0,29,5
RES-3b22945d091aa13e2661727b74dcc53f,2026-09-11 18:00:00,True,0.00812853486806511,14,False,LOW,TOP_15_PERCENT_DAILY_COHORT,SUCCESS,reservation-no-show-v1.0,reservation-no-show-feature-v1.0,29,5
RES-b7694aa41fd87a2a1b9fc35416db920f,2026-09-28 18:00:00,True,0.019514103183756036,2,True,HIGH,TOP_15_PERCENT_DAILY_COHORT,SUCCESS,reservation-no-show-v1.0,reservation-no-show-feature-v1.0,29,5
RES-5cdb9de713beb5ffdcf8394593424250,2026-10-15 18:00:00,True,0.004647519228758806,23,False,LOW,TOP_15_PERCENT_DAILY_COHORT,SUCCESS,reservation-no-show-v1.0,reservation-no-show-feature-v1.0,29,5
RES-069f6f7a855b0ea6bb6c1e016410bc1a,2026-11-01 18:00:00,True,0.007487927021245467,13,False,LOW,TOP_15_PERCENT_DAILY_COHORT,SUCCESS,reservation-no-show-v1.0,reservation-no-show-feature-v1.0,29,5
RES-7f0da69b3e5c2016e57d72b702bfdf6b,2026-11-18 18:00:00,True,0.02298682501499701,6,False,LOW,TOP_15_PERCENT_DAILY_COHORT,SUCCESS,reservation-no-show-v1.0,reservation-no-show-feature-v1.0,29,5
RES-6d869df6fe1e1507a15d7ab221884d9e,2026-12-05 18:00:00,True,0.005193960500265623,14,False,LOW,TOP_15_PERCENT_DAILY_COHORT,SUCCESS,reservation-no-show-v1.0,reservation-no-show-feature-v1.0,29,5
RES-7644da29dfc3b5e93df39aaa46edd497,2026-12-22 18:00:00,True,0.005407582665948542,14,False,LOW,TOP_15_PERCENT_DAILY_COHORT,SUCCESS,reservation-no-show-v1.0,reservation-no-show-feature-v1.0,29,5
RES-53d8cd7bbd016c8a49493d02f221c0fa,2026-08-07 18:00:00,True,0.0050233095608139145,17,False,LOW,TOP_15_PERCENT_DAILY_COHORT,SUCCESS,reservation-no-show-v1.0,reservation-no-show-feature-v1.0,29,5
RES-34f0c2d94e796cd9fadd52fc290a3775,2026-08-24 18:00:00,True,0.016171493549004348,8,False,LOW,TOP_15_PERCENT_DAILY_COHORT,SUCCESS,reservation-no-show-v1.0,reservation-no-show-feature-v1.0,29,5
RES-3aee4335dc4b20dcf6774f779e88db8c,2026-09-10 18:00:00,True,0.005707506938692365,28,False,LOW,TOP_15_PERCENT_DAILY_COHORT,SUCCESS,reservation-no-show-v1.0,reservation-no-show-feature-v1.0,29,5
RES-49d55ec37e3a6157620de3abe576124f,2026-09-27 18:00:00,True,0.006826852454751524,25,False,LOW,TOP_15_PERCENT_DAILY_COHORT,SUCCESS,reservation-no-show-v1.0,reservation-no-show-feature-v1.0,29,5
RES-ce6257858c218091db1b375a697be9e2,2026-10-14 18:00:00,True,0.01428726487439948,4,True,HIGH,TOP_15_PERCENT_DAILY_COHORT,SUCCESS,reservation-no-show-v1.0,reservation-no-show-feature-v1.0,29,5
RES-cbef5ed2a9898e7bfb17012bc10057e3,2026-10-31 18:00:00,True,0.0042935353213235635,25,False,LOW,TOP_15_PERCENT_DAILY_COHORT,SUCCESS,reservation-no-show-v1.0,reservation-no-show-feature-v1.0,29,5
RES-623afc41a61bccdf577086ce151be8b0,2026-11-17 18:00:00,True,0.006639766230323446,22,False,LOW,TOP_15_PERCENT_DAILY_COHORT,SUCCESS,reservation-no-show-v1.0,reservation-no-show-feature-v1.0,29,5
RES-8cd52c7097d58b379c01830cd42e402b,2026-12-04 18:00:00,True,0.021265849351953525,8,False,LOW,TOP_15_PERCENT_DAILY_COHORT,SUCCESS,reservation-no-show-v1.0,reservation-no-show-feature-v1.0,29,5
RES-fa2f230a51ffabd9883c196e78a4aab7,2026-12-21 18:00:00,True,0.003961047779092182,28,False,LOW,TOP_15_PERCENT_DAILY_COHORT,SUCCESS,reservation-no-show-v1.0,reservation-no-show-feature-v1.0,29,5
RES-58c08ae71dd7d549c7ac78f1f2a69f35,2026-08-06 18:00:00,True,0.0076075984752225784,15,False,LOW,TOP_15_PERCENT_DAILY_COHORT,SUCCESS,reservation-no-show-v1.0,reservation-no-show-feature-v1.0,29,5
RES-8ff0595578719e0649f79eedd9c1adfd,2026-08-23 18:00:00,True,0.005108831358906059,17,False,LOW,TOP_15_PERCENT_DAILY_COHORT,SUCCESS,reservation-no-show-v1.0,reservation-no-show-feature-v1.0,29,5
RES-968f84ab3773b6dc55226b75da24d748,2026-09-09 18:00:00,True,0.017298341644458846,1,True,HIGH,TOP_15_PERCENT_DAILY_COHORT,SUCCESS,reservation-no-show-v1.0,reservation-no-show-feature-v1.0,29,5
RES-71fea4347d867c621d66ae81ed5935b5,2026-09-26 18:00:00,True,0.007759747071879697,13,False,LOW,TOP_15_PERCENT_DAILY_COHORT,SUCCESS,reservation-no-show-v1.0,reservation-no-show-feature-v1.0,29,5
RES-6e182ce8d9decd7e35e22ca59c916404,2026-10-13 18:00:00,True,0.008847455437487571,15,False,LOW,TOP_15_PERCENT_DAILY_COHORT,SUCCESS,reservation-no-show-v1.0,reservation-no-show-feature-v1.0,29,5
RES-10a57b5ea4432755b0d696345d95f0fe,2026-10-30 18:00:00,True,0.017616239173437596,3,True,HIGH,TOP_15_PERCENT_DAILY_COHORT,SUCCESS,reservation-no-show-v1.0,reservation-no-show-feature-v1.0,29,5
RES-36bea41068c171efbe89f82a02bcb38f,2026-11-16 18:00:00,True,0.004366687247217735,29,False,LOW,TOP_15_PERCENT_DAILY_COHORT,SUCCESS,reservation-no-show-v1.0,reservation-no-show-feature-v1.0,29,5
RES-d8da1c5cfcc240acb36c838fe8855975,2026-12-03 18:00:00,True,0.0058682919498673596,28,False,LOW,TOP_15_PERCENT_DAILY_COHORT,SUCCESS,reservation-no-show-v1.0,reservation-no-show-feature-v1.0,29,5
RES-0a80aafa3d6d6e5379f6d804cd9550bc,2026-12-20 18:00:00,True,0.021621890969242396,9,False,LOW,TOP_15_PERCENT_DAILY_COHORT,SUCCESS,reservation-no-show-v1.0,reservation-no-show-feature-v1.0,29,5
RES-b6837c00c96a513bdc1c16101a909f55,2026-08-05 18:00:00,True,0.021182275002245534,7,False,LOW,TOP_15_PERCENT_DAILY_COHORT,SUCCESS,reservation-no-show-v1.0,reservation-no-show-feature-v1.0,29,5
RES-02a76358033ebd3cbaec970ea754a82b,2026-08-22 18:00:00,True,0.007760393105925795,15,False,LOW,TOP_15_PERCENT_DAILY_COHORT,SUCCESS,reservation-no-show-v1.0,reservation-no-show-feature-v1.0,29,5
RES-bf95cc68943f7b3287d6aa164b86b4d3,2026-09-08 18:00:00,True,0.004514427974013743,14,False,LOW,TOP_15_PERCENT_DAILY_COHORT,SUCCESS,reservation-no-show-v1.0,reservation-no-show-feature-v1.0,29,5
RES-cb27877f52b35d5256cfccfe125fd005,2026-09-25 18:00:00,True,0.0145938797163531,9,False,LOW,TOP_15_PERCENT_DAILY_COHORT,SUCCESS,reservation-no-show-v1.0,reservation-no-show-feature-v1.0,29,5
RES-27f22d868ad107427950f7622c642b1d,2026-10-12 18:00:00,True,0.0071485893185459625,13,False,LOW,TOP_15_PERCENT_DAILY_COHORT,SUCCESS,reservation-no-show-v1.0,reservation-no-show-feature-v1.0,29,5
RES-8f5c1e817448f9733e7fa9b59caad8e2,2026-10-29 18:00:00,True,0.0064795467196554525,26,False,LOW,TOP_15_PERCENT_DAILY_COHORT,SUCCESS,reservation-no-show-v1.0,reservation-no-show-feature-v1.0,29,5
RES-c00abb528415c7165608ce2c503d9589,2026-11-15 18:00:00,True,0.014770984451436122,9,False,LOW,TOP_15_PERCENT_DAILY_COHORT,SUCCESS,reservation-no-show-v1.0,reservation-no-show-feature-v1.0,29,5
RES-33f64837d338f5a43f0dc541a15c3333,2026-12-02 18:00:00,True,0.006232823015511681,12,False,LOW,TOP_15_PERCENT_DAILY_COHORT,SUCCESS,reservation-no-show-v1.0,reservation-no-show-feature-v1.0,29,5
RES-7b824bfc1c5bc83e5d22b00ccba1c411,2026-12-19 18:00:00,True,0.006588177064711685,25,False,LOW,TOP_15_PERCENT_DAILY_COHORT,SUCCESS,reservation-no-show-v1.0,reservation-no-show-feature-v1.0,29,5
RES-608d2255d9f8b31e1aed6996470918af,2026-08-04 18:00:00,True,0.00497645437284814,21,False,LOW,TOP_15_PERCENT_DAILY_COHORT,SUCCESS,reservation-no-show-v1.0,reservation-no-show-feature-v1.0,29,5
RES-0be0c954c83bc8ed998a98cc08774c53,2026-08-21 18:00:00,True,0.021601775238597114,6,False,LOW,TOP_15_PERCENT_DAILY_COHORT,SUCCESS,reservation-no-show-v1.0,reservation-no-show-feature-v1.0,29,5
RES-03e4328dbc1752144626638abfc153c1,2026-09-07 18:00:00,True,0.007149184837551521,25,False,LOW,TOP_15_PERCENT_DAILY_COHORT,SUCCESS,reservation-no-show-v1.0,reservation-no-show-feature-v1.0,29,5
RES-da5a8c807dc5cacfa4b425920f547aee,2026-09-24 18:00:00,True,0.004404898098063159,20,False,LOW,TOP_15_PERCENT_DAILY_COHORT,SUCCESS,reservation-no-show-v1.0,reservation-no-show-feature-v1.0,29,5
RES-636abbf5a69b67d292d8da372595366b,2026-10-11 18:00:00,True,0.017882156909344596,4,True,HIGH,TOP_15_PERCENT_DAILY_COHORT,SUCCESS,reservation-no-show-v1.0,reservation-no-show-feature-v1.0,29,5
RES-60abebaefa79b4e05cce470c1e482aa9,2026-10-28 18:00:00,True,0.011246955876402938,10,False,LOW,TOP_15_PERCENT_DAILY_COHORT,SUCCESS,reservation-no-show-v1.0,reservation-no-show-feature-v1.0,29,5
RES-819cb2db6c9b061dd966f9090ffe3c65,2026-11-14 18:00:00,True,0.007978545494273553,13,False,LOW,TOP_15_PERCENT_DAILY_COHORT,SUCCESS,reservation-no-show-v1.0,reservation-no-show-feature-v1.0,29,5
RES-ee2fac94b142fe888a2a7beca096d978,2026-12-01 18:00:00,True,0.014370531676289057,4,True,HIGH,TOP_15_PERCENT_DAILY_COHORT,SUCCESS,reservation-no-show-v1.0,reservation-no-show-feature-v1.0,29,5
RES-944d263f694397803a787b751f16d5f9,2026-12-18 18:00:00,True,0.005777257273285345,14,False,LOW,TOP_15_PERCENT_DAILY_COHORT,SUCCESS,reservation-no-show-v1.0,reservation-no-show-feature-v1.0,29,5
RES-28eba91e53ca94d401cf368674fd8427,2026-08-03 18:00:00,True,0.0058887498090791955,11,False,LOW,TOP_15_PERCENT_DAILY_COHORT,SUCCESS,reservation-no-show-v1.0,reservation-no-show-feature-v1.0,29,5
RES-ef00145802c29c010e658604fee4c16d,2026-08-20 18:00:00,True,0.004855769406928364,24,False,LOW,TOP_15_PERCENT_DAILY_COHORT,SUCCESS,reservation-no-show-v1.0,reservation-no-show-feature-v1.0,29,5
RES-a48882764d49dfcce491a097709ea126,2026-09-06 18:00:00,True,0.021894251713142913,6,False,LOW,TOP_15_PERCENT_DAILY_COHORT,SUCCESS,reservation-no-show-v1.0,reservation-no-show-feature-v1.0,29,5
RES-4ca9b1044c13a25bbc3e662a398c8f60,2026-09-23 18:00:00,True,0.0069761779835980035,22,False,LOW,TOP_15_PERCENT_DAILY_COHORT,SUCCESS,reservation-no-show-v1.0,reservation-no-show-feature-v1.0,29,5
RES-5a0641a7041fef62ce951162b6f71237,2026-10-10 18:00:00,True,0.004479277642676701,18,False,LOW,TOP_15_PERCENT_DAILY_COHORT,SUCCESS,reservation-no-show-v1.0,reservation-no-show-feature-v1.0,29,5
RES-0c5f0b7d1665b08fef3e26a47a14648a,2026-10-27 18:00:00,True,0.017453983279402133,4,True,HIGH,TOP_15_PERCENT_DAILY_COHORT,SUCCESS,reservation-no-show-v1.0,reservation-no-show-feature-v1.0,29,5
RES-8b6a8e8c04b041f38c73467610137453,2026-11-13 18:00:00,True,0.0064454402803534785,26,False,LOW,TOP_15_PERCENT_DAILY_COHORT,SUCCESS,reservation-no-show-v1.0,reservation-no-show-feature-v1.0,29,5
RES-8e52b70709e834041706c24ca1e90cac,2026-11-30 18:00:00,True,0.01303172993211457,11,False,LOW,TOP_15_PERCENT_DAILY_COHORT,SUCCESS,reservation-no-show-v1.0,reservation-no-show-feature-v1.0,29,5
RES-287ddbf6cf653fbe992d8204e423c84e,2026-12-17 18:00:00,True,0.016956934451698567,3,True,HIGH,TOP_15_PERCENT_DAILY_COHORT,SUCCESS,reservation-no-show-v1.0,reservation-no-show-feature-v1.0,29,5
RES-c6a019a2ee0d6b33024661162f0295a1,2026-08-02 18:00:00,True,0.021896048540709496,9,False,LOW,TOP_15_PERCENT_DAILY_COHORT,SUCCESS,reservation-no-show-v1.0,reservation-no-show-feature-v1.0,29,5
RES-082c6d6e4e881a124cc80dccc0950bff,2026-08-19 18:00:00,True,0.004309258165791185,22,False,LOW,TOP_15_PERCENT_DAILY_COHORT,SUCCESS,reservation-no-show-v1.0,reservation-no-show-feature-v1.0,29,5
RES-e273c270e251ffb023a8b2cff9d5a80d,2026-09-05 18:00:00,True,0.005434693249817026,15,False,LOW,TOP_15_PERCENT_DAILY_COHORT,SUCCESS,reservation-no-show-v1.0,reservation-no-show-feature-v1.0,29,5
RES-a49fb380f4e174fa1ac4bb0e9d0cfa4d,2026-09-22 18:00:00,True,0.021372102275186308,5,True,HIGH,TOP_15_PERCENT_DAILY_COHORT,SUCCESS,reservation-no-show-v1.0,reservation-no-show-feature-v1.0,29,5
RES-c29c8188c24cd115fa8a6f03923d99d6,2026-10-09 18:00:00,True,0.010396430868513678,10,False,LOW,TOP_15_PERCENT_DAILY_COHORT,SUCCESS,reservation-no-show-v1.0,reservation-no-show-feature-v1.0,29,5
RES-b21a4f87f66eacd1c6ccab8d90fdadfc,2026-10-26 18:00:00,True,0.00594741106827926,13,False,LOW,TOP_15_PERCENT_DAILY_COHORT,SUCCESS,reservation-no-show-v1.0,reservation-no-show-feature-v1.0,29,5
RES-0029a2a6d13e2aa211e3fbfba56001c2,2026-11-12 18:00:00,True,0.01866850098078727,4,True,HIGH,TOP_15_PERCENT_DAILY_COHORT,SUCCESS,reservation-no-show-v1.0,reservation-no-show-feature-v1.0,29,5
RES-c80620d58f67214d4d4f8411bbdf6c8b,2026-11-29 18:00:00,True,0.007937779288850656,11,False,LOW,TOP_15_PERCENT_DAILY_COHORT,SUCCESS,reservation-no-show-v1.0,reservation-no-show-feature-v1.0,29,5
RES-c8c7553dcf8b49f7e9574317e2d6935a,2026-12-16 18:00:00,True,0.007172444656575728,22,False,LOW,TOP_15_PERCENT_DAILY_COHORT,SUCCESS,reservation-no-show-v1.0,reservation-no-show-feature-v1.0,29,5
RES-6eb346bbc5891dbbcd58dfd0c390881c,2026-08-01 18:00:00,True,0.00667301284437434,21,False,LOW,TOP_15_PERCENT_DAILY_COHORT,SUCCESS,reservation-no-show-v1.0,reservation-no-show-feature-v1.0,29,5
RES-a91512496e2619c4678287469f1680c2,2026-08-18 18:00:00,True,0.023486034307885536,5,True,HIGH,TOP_15_PERCENT_DAILY_COHORT,SUCCESS,reservation-no-show-v1.0,reservation-no-show-feature-v1.0,29,5
RES-72a419670e91ddeb0b883f7ee8342d3a,2026-09-04 18:00:00,True,0.00438202987651471,23,False,LOW,TOP_15_PERCENT_DAILY_COHORT,SUCCESS,reservation-no-show-v1.0,reservation-no-show-feature-v1.0,29,5
RES-16d8e42688580edeb2b09a512340e2ed,2026-09-21 18:00:00,True,0.005527179944628154,18,False,LOW,TOP_15_PERCENT_DAILY_COHORT,SUCCESS,reservation-no-show-v1.0,reservation-no-show-feature-v1.0,29,5
RES-25e41fc228093aaef3e4f22037b02f3b,2026-10-08 18:00:00,True,0.022852917046469395,1,True,HIGH,TOP_15_PERCENT_DAILY_COHORT,SUCCESS,reservation-no-show-v1.0,reservation-no-show-feature-v1.0,29,5
RES-dd6125426f5769029c7827c675d40d7a,2026-10-25 18:00:00,True,0.007938440026300534,20,False,LOW,TOP_15_PERCENT_DAILY_COHORT,SUCCESS,reservation-no-show-v1.0,reservation-no-show-feature-v1.0,29,5
RES-d22da997addb033035b9511b7f333988,2026-11-11 18:00:00,True,0.004430828927854897,21,False,LOW,TOP_15_PERCENT_DAILY_COHORT,SUCCESS,reservation-no-show-v1.0,reservation-no-show-feature-v1.0,29,5
RES-ab5faa709bc2069a28ba17f0e034ead1,2026-11-28 18:00:00,True,0.020925582823140425,3,True,HIGH,TOP_15_PERCENT_DAILY_COHORT,SUCCESS,reservation-no-show-v1.0,reservation-no-show-feature-v1.0,29,5
RES-ed6453a956ee3d6a99f4e1b380bd299d,2026-12-15 18:00:00,True,0.007721128162875898,13,False,LOW,TOP_15_PERCENT_DAILY_COHORT,SUCCESS,reservation-no-show-v1.0,reservation-no-show-feature-v1.0,29,5
RES-783f45fdb9409f14a780de7f4e002201,2026-07-31 18:00:00,True,0.0058517123704514215,15,False,LOW,TOP_15_PERCENT_DAILY_COHORT,SUCCESS,reservation-no-show-v1.0,reservation-no-show-feature-v1.0,29,5
RES-8460ef434c943a9010285c93552d151c,2026-08-17 18:00:00,True,0.0067864292581797355,20,False,LOW,TOP_15_PERCENT_DAILY_COHORT,SUCCESS,reservation-no-show-v1.0,reservation-no-show-feature-v1.0,29,5
RES-18d4c88d5d5a4c8479cce2646494392b,2026-09-03 18:00:00,True,0.02510955959359448,5,True,HIGH,TOP_15_PERCENT_DAILY_COHORT,SUCCESS,reservation-no-show-v1.0,reservation-no-show-feature-v1.0,29,5
RES-a6e1360783f80dcdda82dce7d743ce2b,2026-09-20 18:00:00,True,0.005942354535973132,10,False,LOW,TOP_15_PERCENT_DAILY_COHORT,SUCCESS,reservation-no-show-v1.0,reservation-no-show-feature-v1.0,29,5
RES-3846970dcf83409431e61237a5dfc594,2026-10-07 18:00:00,True,0.004884341412324339,20,False,LOW,TOP_15_PERCENT_DAILY_COHORT,SUCCESS,reservation-no-show-v1.0,reservation-no-show-feature-v1.0,29,5
RES-ff568d27030e2f0328567a8a6a1d02cb,2026-10-24 18:00:00,True,0.02330471544373741,4,True,HIGH,TOP_15_PERCENT_DAILY_COHORT,SUCCESS,reservation-no-show-v1.0,reservation-no-show-feature-v1.0,29,5
RES-29ce92c7c109f3b9fd0f79e11542b829,2026-11-10 18:00:00,True,0.008496554069384413,11,False,LOW,TOP_15_PERCENT_DAILY_COHORT,SUCCESS,reservation-no-show-v1.0,reservation-no-show-feature-v1.0,29,5
RES-bbdbdad8387fcb291dda5d8cae9483de,2026-11-27 18:00:00,True,0.004520110416969211,19,False,LOW,TOP_15_PERCENT_DAILY_COHORT,SUCCESS,reservation-no-show-v1.0,reservation-no-show-feature-v1.0,29,5
RES-156f5c1e217533b2c908e62002f592fc,2026-12-14 18:00:00,True,0.015967842245888268,9,False,LOW,TOP_15_PERCENT_DAILY_COHORT,SUCCESS,reservation-no-show-v1.0,reservation-no-show-feature-v1.0,29,5
RES-c4cff0394807d9b4640a1870daad1fd4,2026-07-30 18:00:00,True,0.01893776539826905,1,True,HIGH,TOP_15_PERCENT_DAILY_COHORT,SUCCESS,reservation-no-show-v1.0,reservation-no-show-feature-v1.0,29,5
RES-0a838fb4d5dbaad7e2d54b0b13242eb6,2026-08-16 18:00:00,True,0.0059512533610432215,14,False,LOW,TOP_15_PERCENT_DAILY_COHORT,SUCCESS,reservation-no-show-v1.0,reservation-no-show-feature-v1.0,29,5
RES-854aedec8d766d78eb03a51f9b1a5582,2026-09-02 18:00:00,True,0.007264143939904476,17,False,LOW,TOP_15_PERCENT_DAILY_COHORT,SUCCESS,reservation-no-show-v1.0,reservation-no-show-feature-v1.0,29,5
RES-dd2dd521fea9bc0ee53fb4a01c9262eb,2026-09-19 18:00:00,True,0.02560480240704013,3,True,HIGH,TOP_15_PERCENT_DAILY_COHORT,SUCCESS,reservation-no-show-v1.0,reservation-no-show-feature-v1.0,29,5
RES-c79d5069a6d279a63d6dd9744514582d,2026-10-06 18:00:00,True,0.007000246351560685,10,False,LOW,TOP_15_PERCENT_DAILY_COHORT,SUCCESS,reservation-no-show-v1.0,reservation-no-show-feature-v1.0,29,5
RES-bb1c98fa4fe48c46de0303aa12a06945,2026-10-23 18:00:00,True,0.00452688909498692,27,False,LOW,TOP_15_PERCENT_DAILY_COHORT,SUCCESS,reservation-no-show-v1.0,reservation-no-show-feature-v1.0,29,5
RES-8514bdeaa16a72f86df235a00f023187,2026-11-09 18:00:00,True,0.025947919532173718,2,True,HIGH,TOP_15_PERCENT_DAILY_COHORT,SUCCESS,reservation-no-show-v1.0,reservation-no-show-feature-v1.0,29,5
RES-3010661be80502fbb99a38a549232621,2026-11-26 18:00:00,True,0.00912260804219986,11,False,LOW,TOP_15_PERCENT_DAILY_COHORT,SUCCESS,reservation-no-show-v1.0,reservation-no-show-feature-v1.0,29,5
RES-dcb3e95623d7056b4063843060b9597f,2026-12-13 18:00:00,True,0.004582393492072169,20,False,LOW,TOP_15_PERCENT_DAILY_COHORT,SUCCESS,reservation-no-show-v1.0,reservation-no-show-feature-v1.0,29,5
RES-b7f50daf6dbafae7a3c94c694ecbcdce,2026-07-29 18:00:00,True,0.006622694320065838,25,False,LOW,TOP_15_PERCENT_DAILY_COHORT,SUCCESS,reservation-no-show-v1.0,reservation-no-show-feature-v1.0,29,5
RES-b31da2d8d8098ba5e8e8dc0aa19b07d1,2026-08-15 18:00:00,True,0.01925279629924631,1,True,HIGH,TOP_15_PERCENT_DAILY_COHORT,SUCCESS,reservation-no-show-v1.0,reservation-no-show-feature-v1.0,29,5
RES-47f4be052ed06d033ede507bbbeceda3,2026-09-01 18:00:00,True,0.00637055489076422,13,False,LOW,TOP_15_PERCENT_DAILY_COHORT,SUCCESS,reservation-no-show-v1.0,reservation-no-show-feature-v1.0,29,5
RES-98f335d3deac65aa54700cd30233cdf7,2026-09-18 18:00:00,True,0.008971604616925626,12,False,LOW,TOP_15_PERCENT_DAILY_COHORT,SUCCESS,reservation-no-show-v1.0,reservation-no-show-feature-v1.0,29,5
RES-3f2f3292395e1a8c7ed540a62f5dc7ae,2026-10-05 18:00:00,True,0.02362162720833856,8,False,LOW,TOP_15_PERCENT_DAILY_COHORT,SUCCESS,reservation-no-show-v1.0,reservation-no-show-feature-v1.0,29,5
RES-f01c08ac901fcd166821e482da7bb891,2026-10-22 18:00:00,True,0.004229442351526366,24,False,LOW,TOP_15_PERCENT_DAILY_COHORT,SUCCESS,reservation-no-show-v1.0,reservation-no-show-feature-v1.0,29,5
RES-91a9535a6b1ecafb7ca647b4716b1ecd,2026-11-08 18:00:00,True,0.004589265143602006,26,False,LOW,TOP_15_PERCENT_DAILY_COHORT,SUCCESS,reservation-no-show-v1.0,reservation-no-show-feature-v1.0,29,5
RES-bc9f02921267df7faa8efab3789151ad,2026-11-25 18:00:00,True,0.020982909588198796,5,True,HIGH,TOP_15_PERCENT_DAILY_COHORT,SUCCESS,reservation-no-show-v1.0,reservation-no-show-feature-v1.0,29,5
RES-0fc02fe57f93a5c490d7ccfe7b906836,2026-12-12 18:00:00,True,0.007661839802992357,16,False,LOW,TOP_15_PERCENT_DAILY_COHORT,SUCCESS,reservation-no-show-v1.0,reservation-no-show-feature-v1.0,29,5
RES-e84fe9a956d2e38177dba446a30a665e,2026-07-28 18:00:00,True,0.006478674500914219,26,False,LOW,TOP_15_PERCENT_DAILY_COHORT,SUCCESS,reservation-no-show-v1.0,reservation-no-show-feature-v1.0,29,5
RES-fd311b9ed505beb65297465e91292934,2026-08-14 18:00:00,True,0.008154537503417244,17,False,LOW,TOP_15_PERCENT_DAILY_COHORT,SUCCESS,reservation-no-show-v1.0,reservation-no-show-feature-v1.0,29,5
RES-fe22780745dcf68cf447ce2ec906ebe8,2026-08-31 18:00:00,True,0.01775264111068071,3,True,HIGH,TOP_15_PERCENT_DAILY_COHORT,SUCCESS,reservation-no-show-v1.0,reservation-no-show-feature-v1.0,29,5
RES-00497bc63f89c440f3cdcff344ecc9b2,2026-09-17 18:00:00,True,0.005131843591074755,19,False,LOW,TOP_15_PERCENT_DAILY_COHORT,SUCCESS,reservation-no-show-v1.0,reservation-no-show-feature-v1.0,29,5
RES-cde3cf2d6df3ff12b7264ea35188b429,2026-10-04 18:00:00,True,0.0075118959152516845,16,False,LOW,TOP_15_PERCENT_DAILY_COHORT,SUCCESS,reservation-no-show-v1.0,reservation-no-show-feature-v1.0,29,5
RES-d049c27d598757db60b00974444fc596,2026-10-21 18:00:00,True,0.030555909197284185,1,True,HIGH,TOP_15_PERCENT_DAILY_COHORT,SUCCESS,reservation-no-show-v1.0,reservation-no-show-feature-v1.0,29,5
RES-9cc402b189952414b98688c76ea0cc73,2026-11-07 18:00:00,True,0.004300872011226031,18,False,LOW,TOP_15_PERCENT_DAILY_COHORT,SUCCESS,reservation-no-show-v1.0,reservation-no-show-feature-v1.0,29,5
RES-3dc1e312cb2232773c75a66b2c3e4295,2026-11-24 18:00:00,True,0.004928848437118508,19,False,LOW,TOP_15_PERCENT_DAILY_COHORT,SUCCESS,reservation-no-show-v1.0,reservation-no-show-feature-v1.0,29,5
RES-1e626940733b8d53fd524dbc85b7babd,2026-12-11 18:00:00,True,0.02575020014400335,1,True,HIGH,TOP_15_PERCENT_DAILY_COHORT,SUCCESS,reservation-no-show-v1.0,reservation-no-show-feature-v1.0,29,5
RES-7c50ee2f1b16bd6cbd7be19e2c1f3d54,2026-08-13 18:00:00,True,0.006301594734333778,24,False,LOW,TOP_15_PERCENT_DAILY_COHORT,SUCCESS,reservation-no-show-v1.0,reservation-no-show-feature-v1.0,29,5
RES-4744b3acf5d28a1de803a83e6d14e181,2026-08-30 18:00:00,True,0.008292924107324443,15,False,LOW,TOP_15_PERCENT_DAILY_COHORT,SUCCESS,reservation-no-show-v1.0,reservation-no-show-feature-v1.0,29,5
RES-3712b3ac21d6eded1987b77b18d94770,2026-09-16 18:00:00,True,0.01576025415003222,3,True,HIGH,TOP_15_PERCENT_DAILY_COHORT,SUCCESS,reservation-no-show-v1.0,reservation-no-show-feature-v1.0,29,5
RES-8da6c257f3062c20fd065c83caeec24e,2026-10-03 18:00:00,True,0.00474114624792281,23,False,LOW,TOP_15_PERCENT_DAILY_COHORT,SUCCESS,reservation-no-show-v1.0,reservation-no-show-feature-v1.0,29,5
RES-9819c9393cb831e757b41fb741e6509a,2026-10-20 18:00:00,True,0.006052610418745341,25,False,LOW,TOP_15_PERCENT_DAILY_COHORT,SUCCESS,reservation-no-show-v1.0,reservation-no-show-feature-v1.0,29,5
RES-f19e17ffde0ea4177e0712fb81a1306f,2026-11-06 18:00:00,True,0.025752305091547238,4,True,HIGH,TOP_15_PERCENT_DAILY_COHORT,SUCCESS,reservation-no-show-v1.0,reservation-no-show-feature-v1.0,29,5
RES-2eb66a3038b0cfd34288851950cb1d29,2026-11-23 18:00:00,True,0.004374148388244604,25,False,LOW,TOP_15_PERCENT_DAILY_COHORT,SUCCESS,reservation-no-show-v1.0,reservation-no-show-feature-v1.0,29,5
RES-f92a131f2867f7025a4cf23b3713ef89,2026-12-10 18:00:00,True,0.0047939252258382406,23,False,LOW,TOP_15_PERCENT_DAILY_COHORT,SUCCESS,reservation-no-show-v1.0,reservation-no-show-feature-v1.0,29,5
RES-6217dfdf18042c671bf20ddc9ce7fa89,2026-08-12 18:00:00,True,0.01907575945187335,1,True,HIGH,TOP_15_PERCENT_DAILY_COHORT,SUCCESS,reservation-no-show-v1.0,reservation-no-show-feature-v1.0,29,5
RES-77b7a61eaa00e80fe8a48e3e3816f269,2026-08-29 18:00:00,True,0.007074256456303361,18,False,LOW,TOP_15_PERCENT_DAILY_COHORT,SUCCESS,reservation-no-show-v1.0,reservation-no-show-feature-v1.0,29,5
RES-630f1fa0d3441206d39a5338143e8d47,2026-09-15 18:00:00,True,0.00806665859339608,16,False,LOW,TOP_15_PERCENT_DAILY_COHORT,SUCCESS,reservation-no-show-v1.0,reservation-no-show-feature-v1.0,29,5
RES-5d04c15137e58fd4542b5b532c7eaf51,2026-10-02 18:00:00,True,0.013250838556859238,6,False,LOW,TOP_15_PERCENT_DAILY_COHORT,SUCCESS,reservation-no-show-v1.0,reservation-no-show-feature-v1.0,29,5
RES-b5f4e37d56aac67832544537a773297a,2026-10-19 18:00:00,True,0.005307259805420331,14,False,LOW,TOP_15_PERCENT_DAILY_COHORT,SUCCESS,reservation-no-show-v1.0,reservation-no-show-feature-v1.0,29,5
RES-54cbd0afb1ff1900aa7b9b5336455e21,2026-11-05 18:00:00,True,0.009301011886236969,12,False,LOW,TOP_15_PERCENT_DAILY_COHORT,SUCCESS,reservation-no-show-v1.0,reservation-no-show-feature-v1.0,29,5
RES-13140381cc4cf37745f021667b24b87b,2026-11-22 18:00:00,True,0.021690114029582954,7,False,LOW,TOP_15_PERCENT_DAILY_COHORT,SUCCESS,reservation-no-show-v1.0,reservation-no-show-feature-v1.0,29,5
RES-d1520450721f7193d76041b32b9493ba,2026-12-09 18:00:00,True,0.004254344719067215,22,False,LOW,TOP_15_PERCENT_DAILY_COHORT,SUCCESS,reservation-no-show-v1.0,reservation-no-show-feature-v1.0,29,5
RES-962d943dd59c97808b9fe1a31e108f89,2026-08-11 18:00:00,True,0.0049849521761001795,16,False,LOW,TOP_15_PERCENT_DAILY_COHORT,SUCCESS,reservation-no-show-v1.0,reservation-no-show-feature-v1.0,29,5
RES-426b488f05073e7cfcfc58b961467dfc,2026-08-28 18:00:00,True,0.021381007349842267,1,True,HIGH,TOP_15_PERCENT_DAILY_COHORT,SUCCESS,reservation-no-show-v1.0,reservation-no-show-feature-v1.0,29,5
RES-5509099741772cada549e2c94a5d9006,2026-09-14 18:00:00,True,0.007891487189558689,13,False,LOW,TOP_15_PERCENT_DAILY_COHORT,SUCCESS,reservation-no-show-v1.0,reservation-no-show-feature-v1.0,29,5
RES-e572863b866b14d3e5c9f4c27e95a376,2026-10-01 18:00:00,True,0.0064795467196554525,27,False,LOW,TOP_15_PERCENT_DAILY_COHORT,SUCCESS,reservation-no-show-v1.0,reservation-no-show-feature-v1.0,29,5
RES-6ed789bf62786519003eff5abd88a60a,2026-10-18 18:00:00,True,0.014817918392878755,7,False,LOW,TOP_15_PERCENT_DAILY_COHORT,SUCCESS,reservation-no-show-v1.0,reservation-no-show-feature-v1.0,29,5
RES-cfc42bcc81159557392fc0f3b8523d96,2026-11-04 18:00:00,True,0.006252799625694762,13,False,LOW,TOP_15_PERCENT_DAILY_COHORT,SUCCESS,reservation-no-show-v1.0,reservation-no-show-feature-v1.0,29,5
RES-bf17ab260680220b73d22e36df7d941a,2026-11-21 18:00:00,True,0.00800340603947946,13,False,LOW,TOP_15_PERCENT_DAILY_COHORT,SUCCESS,reservation-no-show-v1.0,reservation-no-show-feature-v1.0,29,5
RES-a6babf17db62a569ec24e86d4204e082,2026-12-08 18:00:00,True,0.023192440783025823,6,False,LOW,TOP_15_PERCENT_DAILY_COHORT,SUCCESS,reservation-no-show-v1.0,reservation-no-show-feature-v1.0,29,5
RES-0070a8437b704766ad99906382ce93f2,2026-08-10 18:00:00,True,0.00868387237031302,16,False,LOW,TOP_15_PERCENT_DAILY_COHORT,SUCCESS,reservation-no-show-v1.0,reservation-no-show-feature-v1.0,30,5
RES-d593fa937a53d40c98084888731b8730,2026-08-27 18:00:00,True,0.0044190421398009536,24,False,LOW,TOP_15_PERCENT_DAILY_COHORT,SUCCESS,reservation-no-show-v1.0,reservation-no-show-feature-v1.0,30,5
RES-e4018d8dc9b0e0121d77c8745516f440,2026-09-13 18:00:00,True,0.017938796425887988,2,True,HIGH,TOP_15_PERCENT_DAILY_COHORT,SUCCESS,reservation-no-show-v1.0,reservation-no-show-feature-v1.0,30,5
RES-52dfac8d0a1b206d10f9c45389006f40,2026-09-30 18:00:00,True,0.005759471387527095,29,False,LOW,TOP_15_PERCENT_DAILY_COHORT,SUCCESS,reservation-no-show-v1.0,reservation-no-show-feature-v1.0,30,5
RES-bc43d39b91f6215819a74262e80625a8,2026-10-17 18:00:00,True,0.008004072195598752,16,False,LOW,TOP_15_PERCENT_DAILY_COHORT,SUCCESS,reservation-no-show-v1.0,reservation-no-show-feature-v1.0,30,5
RES-3858018c74d14fe42b0038260b3de941,2026-11-03 18:00:00,True,0.014416211820820079,7,False,LOW,TOP_15_PERCENT_DAILY_COHORT,SUCCESS,reservation-no-show-v1.0,reservation-no-show-feature-v1.0,30,5
RES-d7ed090f0dd5eb37ad4fe63de8845b2f,2026-11-20 18:00:00,True,0.004784354725189401,23,False,LOW,TOP_15_PERCENT_DAILY_COHORT,SUCCESS,reservation-no-show-v1.0,reservation-no-show-feature-v1.0,30,5
RES-fc5e10b163b9c272d927b7a5e2efaca9,2026-12-07 18:00:00,True,0.006700161311425183,21,False,LOW,TOP_15_PERCENT_DAILY_COHORT,SUCCESS,reservation-no-show-v1.0,reservation-no-show-feature-v1.0,30,5
RES-e82df3c2b6a45452d6ecaf81cf2e3654,2026-12-24 18:00:00,True,0.02264004785224977,8,False,LOW,TOP_15_PERCENT_DAILY_COHORT,SUCCESS,reservation-no-show-v1.0,reservation-no-show-feature-v1.0,30,5
RES-f7bd7fcfce8828532c563f1a4a1def2d,2026-08-09 18:00:00,True,0.02196331485531846,6,False,LOW,TOP_15_PERCENT_DAILY_COHORT,SUCCESS,reservation-no-show-v1.0,reservation-no-show-feature-v1.0,29,5
RES-30b2f6cd4cd0c025651c3d20309ddeb1,2026-08-26 18:00:00,True,0.00770129745209144,22,False,LOW,TOP_15_PERCENT_DAILY_COHORT,SUCCESS,reservation-no-show-v1.0,reservation-no-show-feature-v1.0,29,5
RES-e8b67c831be03b50ad2c9aab2fd1af83,2026-09-12 18:00:00,True,0.004493659437704418,22,False,LOW,TOP_15_PERCENT_DAILY_COHORT,SUCCESS,reservation-no-show-v1.0,reservation-no-show-feature-v1.0,29,5
RES-4a6160086fd8f111afa90dd171489dc6,2026-09-29 18:00:00,True,0.017509290787250373,2,True,HIGH,TOP_15_PERCENT_DAILY_COHORT,SUCCESS,reservation-no-show-v1.0,reservation-no-show-feature-v1.0,29,5
RES-d173262c0bf71f3e7fcfae79e240dd7f,2026-10-16 18:00:00,True,0.006466093908967617,25,False,LOW,TOP_15_PERCENT_DAILY_COHORT,SUCCESS,reservation-no-show-v1.0,reservation-no-show-feature-v1.0,29,5
RES-710dd6f4365e83967ca51393a0517851,2026-11-02 18:00:00,True,0.008113969858259698,14,False,LOW,TOP_15_PERCENT_DAILY_COHORT,SUCCESS,reservation-no-show-v1.0,reservation-no-show-feature-v1.0,29,5
RES-af4e6e629394f4fbf20422759423f6dd,2026-11-19 18:00:00,True,0.012793396777187488,9,False,LOW,TOP_15_PERCENT_DAILY_COHORT,SUCCESS,reservation-no-show-v1.0,reservation-no-show-feature-v1.0,29,5
RES-4fd8478cb923f8b57968a3a4b14de3b6,2026-12-06 18:00:00,True,0.007115997189241946,12,False,LOW,TOP_15_PERCENT_DAILY_COHORT,SUCCESS,reservation-no-show-v1.0,reservation-no-show-feature-v1.0,29,5
RES-056d6e5eb7a9088c3b0bc02346e62abf,2026-12-23 18:00:00,True,0.007194811669357402,13,False,LOW,TOP_15_PERCENT_DAILY_COHORT,SUCCESS,reservation-no-show-v1.0,reservation-no-show-feature-v1.0,29,5
RES-41f9ad4ec3c1ccd2e0ecc6a7c48d0bdc,2026-08-08 18:00:00,True,0.0066037855620456705,12,False,LOW,TOP_15_PERCENT_DAILY_COHORT,SUCCESS,reservation-no-show-v1.0,reservation-no-show-feature-v1.0,29,5
RES-05ecc3342b75b1fcd6c3a734c15a45a4,2026-08-25 18:00:00,True,0.021439554454020505,8,False,LOW,TOP_15_PERCENT_DAILY_COHORT,SUCCESS,reservation-no-show-v1.0,reservation-no-show-feature-v1.0,29,5
RES-7245a1e9e068c1eb3caa7ff171ac7f2a,2026-09-11 18:00:00,True,0.008616538823517865,13,False,LOW,TOP_15_PERCENT_DAILY_COHORT,SUCCESS,reservation-no-show-v1.0,reservation-no-show-feature-v1.0,29,5
RES-1b60adbffcb676a2396752a47a9c3927,2026-09-28 18:00:00,True,0.004570205366345042,20,False,LOW,TOP_15_PERCENT_DAILY_COHORT,SUCCESS,reservation-no-show-v1.0,reservation-no-show-feature-v1.0,29,5
RES-5c61839770fcc4cf8b314d231e2a0054,2026-10-15 18:00:00,True,0.017035884080487635,4,True,HIGH,TOP_15_PERCENT_DAILY_COHORT,SUCCESS,reservation-no-show-v1.0,reservation-no-show-feature-v1.0,29,5
RES-05995d618ba5245039c4213103f863f4,2026-11-01 18:00:00,True,0.006555014330874124,23,False,LOW,TOP_15_PERCENT_DAILY_COHORT,SUCCESS,reservation-no-show-v1.0,reservation-no-show-feature-v1.0,29,5
RES-2c4625c2874e543fdaa883be7cf116c2,2026-11-18 18:00:00,True,0.007195411011047145,19,False,LOW,TOP_15_PERCENT_DAILY_COHORT,SUCCESS,reservation-no-show-v1.0,reservation-no-show-feature-v1.0,29,5
RES-43f86525ab62d9215573f3fc69e33193,2026-12-05 18:00:00,True,0.01300757091894762,9,False,LOW,TOP_15_PERCENT_DAILY_COHORT,SUCCESS,reservation-no-show-v1.0,reservation-no-show-feature-v1.0,29,5
RES-90ba0c7704ed5c1631fdff1800953cf7,2026-12-22 18:00:00,True,0.005733176007796714,12,False,LOW,TOP_15_PERCENT_DAILY_COHORT,SUCCESS,reservation-no-show-v1.0,reservation-no-show-feature-v1.0,29,5
RES-bd9bb24d7c750286febf80ede97eaf54,2026-08-07 18:00:00,True,0.004838821729601469,22,False,LOW,TOP_15_PERCENT_DAILY_COHORT,SUCCESS,reservation-no-show-v1.0,reservation-no-show-feature-v1.0,29,5
RES-c53582556b81cb3aad5d07dfec8416f9,2026-08-24 18:00:00,True,0.005037911379287234,19,False,LOW,TOP_15_PERCENT_DAILY_COHORT,SUCCESS,reservation-no-show-v1.0,reservation-no-show-feature-v1.0,29,5
RES-e6950323b575aef2139d06644e55408c,2026-09-10 18:00:00,True,0.03037927914786126,1,True,HIGH,TOP_15_PERCENT_DAILY_COHORT,SUCCESS,reservation-no-show-v1.0,reservation-no-show-feature-v1.0,29,5
RES-566f106e79c429261f805979c42483b7,2026-09-27 18:00:00,True,0.009640908696459392,14,False,LOW,TOP_15_PERCENT_DAILY_COHORT,SUCCESS,reservation-no-show-v1.0,reservation-no-show-feature-v1.0,29,5
RES-3463c7396adcd162c36c6881a4752316,2026-10-14 18:00:00,True,0.004038215784548969,28,False,LOW,TOP_15_PERCENT_DAILY_COHORT,SUCCESS,reservation-no-show-v1.0,reservation-no-show-feature-v1.0,29,5
RES-80a3f37d08beecbf5237d5175b4173ad,2026-10-31 18:00:00,True,0.015753259205170216,6,False,LOW,TOP_15_PERCENT_DAILY_COHORT,SUCCESS,reservation-no-show-v1.0,reservation-no-show-feature-v1.0,29,5
RES-576ba2d5e38b1900a5683bfb2f7440ae,2026-11-17 18:00:00,True,0.009377432909257095,11,False,LOW,TOP_15_PERCENT_DAILY_COHORT,SUCCESS,reservation-no-show-v1.0,reservation-no-show-feature-v1.0,29,5
RES-d15883c28727e225099ed2ca7b385cc8,2026-12-04 18:00:00,True,0.008051019368151132,15,False,LOW,TOP_15_PERCENT_DAILY_COHORT,SUCCESS,reservation-no-show-v1.0,reservation-no-show-feature-v1.0,29,5
RES-5dd5f65dd0c3fe03d951b40d33cbadd2,2026-12-21 18:00:00,True,0.01599480725802493,3,True,HIGH,TOP_15_PERCENT_DAILY_COHORT,SUCCESS,reservation-no-show-v1.0,reservation-no-show-feature-v1.0,29,5
RES-71218dc5fbf36285f7a18ba97ea5e94f,2026-08-06 18:00:00,True,0.03335375433358811,1,True,HIGH,TOP_15_PERCENT_DAILY_COHORT,SUCCESS,reservation-no-show-v1.0,reservation-no-show-feature-v1.0,29,5
RES-9e6e8bb1e8abf6e80aa5cf03ba018077,2026-08-23 18:00:00,True,0.004470992371412627,24,False,LOW,TOP_15_PERCENT_DAILY_COHORT,SUCCESS,reservation-no-show-v1.0,reservation-no-show-feature-v1.0,29,5
RES-b8465d961516fd820125b7e860f8e6d2,2026-09-09 18:00:00,True,0.004900017360308383,21,False,LOW,TOP_15_PERCENT_DAILY_COHORT,SUCCESS,reservation-no-show-v1.0,reservation-no-show-feature-v1.0,29,5
RES-fe1c2839e0103974f218e7ca689d2a0f,2026-09-26 18:00:00,True,0.02820891330473656,2,True,HIGH,TOP_15_PERCENT_DAILY_COHORT,SUCCESS,reservation-no-show-v1.0,reservation-no-show-feature-v1.0,29,5
RES-db375f59a41b8e8c0fdffad37d5ee1ef,2026-10-13 18:00:00,True,0.0070396113691049604,27,False,LOW,TOP_15_PERCENT_DAILY_COHORT,SUCCESS,reservation-no-show-v1.0,reservation-no-show-feature-v1.0,29,5
RES-1ea4766df0a16c46a5eeaf8b2bb42207,2026-10-30 18:00:00,True,0.0041196188295590025,26,False,LOW,TOP_15_PERCENT_DAILY_COHORT,SUCCESS,reservation-no-show-v1.0,reservation-no-show-feature-v1.0,29,5
RES-400b2441690c2db9a56b5182bd245939,2026-11-16 18:00:00,True,0.01601851730229907,7,False,LOW,TOP_15_PERCENT_DAILY_COHORT,SUCCESS,reservation-no-show-v1.0,reservation-no-show-feature-v1.0,29,5
RES-226dbd814507868fe323d3bc1a094900,2026-12-03 18:00:00,True,0.009121849649557551,12,False,LOW,TOP_15_PERCENT_DAILY_COHORT,SUCCESS,reservation-no-show-v1.0,reservation-no-show-feature-v1.0,29,5
RES-996a35daa660e8a0f361a4167fe7f27e,2026-12-20 18:00:00,True,0.008187663719198547,17,False,LOW,TOP_15_PERCENT_DAILY_COHORT,SUCCESS,reservation-no-show-v1.0,reservation-no-show-feature-v1.0,29,5
RES-6e59fd1cbe6b825bd52dcced36e1eaf9,2026-08-05 18:00:00,True,0.006622142364612186,20,False,LOW,TOP_15_PERCENT_DAILY_COHORT,SUCCESS,reservation-no-show-v1.0,reservation-no-show-feature-v1.0,29,5
RES-e40b58688553fdea1b95cad9e697440c,2026-08-22 18:00:00,True,0.03097767422415802,1,True,HIGH,TOP_15_PERCENT_DAILY_COHORT,SUCCESS,reservation-no-show-v1.0,reservation-no-show-feature-v1.0,29,5
RES-7f1b8301b1eed3fc3b1979eb8e1aa78c,2026-09-08 18:00:00,True,0.003950505733000536,28,False,LOW,TOP_15_PERCENT_DAILY_COHORT,SUCCESS,reservation-no-show-v1.0,reservation-no-show-feature-v1.0,29,5
RES-3c1fe07aca5b3bd454df6027f0502f83,2026-09-25 18:00:00,True,0.0049987055576696466,17,False,LOW,TOP_15_PERCENT_DAILY_COHORT,SUCCESS,reservation-no-show-v1.0,reservation-no-show-feature-v1.0,29,5
RES-fd432f1b41b5aa2aacb86f06cf4c3adb,2026-10-12 18:00:00,True,0.026029429262977223,1,True,HIGH,TOP_15_PERCENT_DAILY_COHORT,SUCCESS,reservation-no-show-v1.0,reservation-no-show-feature-v1.0,29,5
RES-851222db8018f27352e7675540f0758f,2026-10-29 18:00:00,True,0.006869237794880193,25,False,LOW,TOP_15_PERCENT_DAILY_COHORT,SUCCESS,reservation-no-show-v1.0,reservation-no-show-feature-v1.0,29,5
RES-86160d0dab83d405a185b1db8f942c58,2026-11-15 18:00:00,True,0.0054530267586472584,11,False,LOW,TOP_15_PERCENT_DAILY_COHORT,SUCCESS,reservation-no-show-v1.0,reservation-no-show-feature-v1.0,29,5
RES-52d51bca15fb6ed616b22f87b6c49986,2026-12-02 18:00:00,True,0.014172873810129227,6,False,LOW,TOP_15_PERCENT_DAILY_COHORT,SUCCESS,reservation-no-show-v1.0,reservation-no-show-feature-v1.0,29,5
RES-c2a0c4212f75d70ed68011ad581dea33,2026-12-19 18:00:00,True,0.006984355427684086,22,False,LOW,TOP_15_PERCENT_DAILY_COHORT,SUCCESS,reservation-no-show-v1.0,reservation-no-show-feature-v1.0,29,5
RES-6a6d1b991b5009ab415337d524dea749,2026-08-04 18:00:00,True,0.0043550703409656645,29,False,LOW,TOP_15_PERCENT_DAILY_COHORT,SUCCESS,reservation-no-show-v1.0,reservation-no-show-feature-v1.0,29,5
RES-c90a09ff58371a9d71653652bc0cd8a7,2026-08-21 18:00:00,True,0.006755279353434617,24,False,LOW,TOP_15_PERCENT_DAILY_COHORT,SUCCESS,reservation-no-show-v1.0,reservation-no-show-feature-v1.0,29,5
RES-496964f5fdee8d0d5a6f671d187b594d,2026-09-07 18:00:00,True,0.026031556426188082,2,True,HIGH,TOP_15_PERCENT_DAILY_COHORT,SUCCESS,reservation-no-show-v1.0,reservation-no-show-feature-v1.0,29,5
RES-cc09f4cc80e5ca23234fd2f8d25a3df4,2026-09-24 18:00:00,True,0.005140605366415498,16,False,LOW,TOP_15_PERCENT_DAILY_COHORT,SUCCESS,reservation-no-show-v1.0,reservation-no-show-feature-v1.0,29,5
RES-79e756e8e54921827fb10c8cf3f81f5a,2026-10-11 18:00:00,True,0.0055775118017986885,16,False,LOW,TOP_15_PERCENT_DAILY_COHORT,SUCCESS,reservation-no-show-v1.0,reservation-no-show-feature-v1.0,29,5
RES-7149fe9f77a2e4b3f75c048ca0d37866,2026-10-28 18:00:00,True,0.02541122333180306,4,True,HIGH,TOP_15_PERCENT_DAILY_COHORT,SUCCESS,reservation-no-show-v1.0,reservation-no-show-feature-v1.0,29,5
RES-1a07f29b7a6c25197e55c1aaffe2eac2,2026-11-14 18:00:00,True,0.006347113085928728,28,False,LOW,TOP_15_PERCENT_DAILY_COHORT,SUCCESS,reservation-no-show-v1.0,reservation-no-show-feature-v1.0,29,5
RES-4b23d40558468168cd021c6e3c8d92ef,2026-12-01 18:00:00,True,0.0049214708307580134,12,False,LOW,TOP_15_PERCENT_DAILY_COHORT,SUCCESS,reservation-no-show-v1.0,reservation-no-show-feature-v1.0,29,5
RES-c20f4133adc5018fcf881413d54ad992,2026-12-18 18:00:00,True,0.015895223841157647,6,False,LOW,TOP_15_PERCENT_DAILY_COHORT,SUCCESS,reservation-no-show-v1.0,reservation-no-show-feature-v1.0,29,5
RES-b4c2d1dea2e262b483e5faa9eb71967e,2026-08-03 18:00:00,True,0.016198796807302598,3,True,HIGH,TOP_15_PERCENT_DAILY_COHORT,SUCCESS,reservation-no-show-v1.0,reservation-no-show-feature-v1.0,29,5
RES-389779de06d0424b5af0404c0cdb0f26,2026-08-20 18:00:00,True,0.004677405788220609,25,False,LOW,TOP_15_PERCENT_DAILY_COHORT,SUCCESS,reservation-no-show-v1.0,reservation-no-show-feature-v1.0,29,5
RES-1f021f021e7b22962792776d19a93d88,2026-09-06 18:00:00,True,0.006848149184265105,22,False,LOW,TOP_15_PERCENT_DAILY_COHORT,SUCCESS,reservation-no-show-v1.0,reservation-no-show-feature-v1.0,29,5
RES-f4d429342ec44bd1a0b5430fb32d275c,2026-09-23 18:00:00,True,0.03364890793180857,1,True,HIGH,TOP_15_PERCENT_DAILY_COHORT,SUCCESS,reservation-no-show-v1.0,reservation-no-show-feature-v1.0,29,5
RES-f3bc91edc88d6a685c68e4ee556c6bb7,2026-10-10 18:00:00,True,0.004749244156409314,16,False,LOW,TOP_15_PERCENT_DAILY_COHORT,SUCCESS,reservation-no-show-v1.0,reservation-no-show-feature-v1.0,29,5
RES-d84ce9c771b96ef4507e33c58e43add0,2026-10-27 18:00:00,True,0.00598978051537479,16,False,LOW,TOP_15_PERCENT_DAILY_COHORT,SUCCESS,reservation-no-show-v1.0,reservation-no-show-feature-v1.0,29,5
RES-d24f54a283f1d600394357d8db095dff,2026-11-13 18:00:00,True,0.021398547847187702,5,True,HIGH,TOP_15_PERCENT_DAILY_COHORT,SUCCESS,reservation-no-show-v1.0,reservation-no-show-feature-v1.0,29,5
RES-ccbdeb77903f1e79200adb4b90397baf,2026-11-30 18:00:00,True,0.0077919307655825686,20,False,LOW,TOP_15_PERCENT_DAILY_COHORT,SUCCESS,reservation-no-show-v1.0,reservation-no-show-feature-v1.0,29,5
RES-954fae06597effd819ac1bc9d49e5af3,2026-12-17 18:00:00,True,0.006402195998151302,12,False,LOW,TOP_15_PERCENT_DAILY_COHORT,SUCCESS,reservation-no-show-v1.0,reservation-no-show-feature-v1.0,29,5
RES-8985300f05738318d956954d38faf147,2026-08-02 18:00:00,True,0.006848719847509407,26,False,LOW,TOP_15_PERCENT_DAILY_COHORT,SUCCESS,reservation-no-show-v1.0,reservation-no-show-feature-v1.0,29,5
RES-11ed7e51988ff158bdcee5b379a69d6b,2026-08-19 18:00:00,True,0.015810280995956372,4,True,HIGH,TOP_15_PERCENT_DAILY_COHORT,SUCCESS,reservation-no-show-v1.0,reservation-no-show-feature-v1.0,29,5
RES-ebccea12f4bfe2513b5ab74a1cc68d1f,2026-09-05 18:00:00,True,0.0047563648177982205,26,False,LOW,TOP_15_PERCENT_DAILY_COHORT,SUCCESS,reservation-no-show-v1.0,reservation-no-show-feature-v1.0,29,5
RES-352495716c8e3e881cd2b2bf98668c3f,2026-09-22 18:00:00,True,0.007353644104965193,16,False,LOW,TOP_15_PERCENT_DAILY_COHORT,SUCCESS,reservation-no-show-v1.0,reservation-no-show-feature-v1.0,29,5
RES-75b58dd392e899c7b13860634214c4b5,2026-10-09 18:00:00,True,0.021400304883187966,8,False,LOW,TOP_15_PERCENT_DAILY_COHORT,SUCCESS,reservation-no-show-v1.0,reservation-no-show-feature-v1.0,29,5
RES-7c6dc85570870627beb95e28fcdeb7b0,2026-10-26 18:00:00,True,0.003986537562979089,29,False,LOW,TOP_15_PERCENT_DAILY_COHORT,SUCCESS,reservation-no-show-v1.0,reservation-no-show-feature-v1.0,29,5
RES-458cbd9cd65e759b5d3e39fcc8d1f22d,2026-11-12 18:00:00,True,0.005825985189843475,13,False,LOW,TOP_15_PERCENT_DAILY_COHORT,SUCCESS,reservation-no-show-v1.0,reservation-no-show-feature-v1.0,29,5
RES-e49598c11b563713a4598e8ef1f6a471,2026-11-29 18:00:00,True,0.021756761770290258,4,True,HIGH,TOP_15_PERCENT_DAILY_COHORT,SUCCESS,reservation-no-show-v1.0,reservation-no-show-feature-v1.0,29,5
RES-163153ae543b1a629ed4426cc2addc84,2026-12-16 18:00:00,True,0.006909575060424589,25,False,LOW,TOP_15_PERCENT_DAILY_COHORT,SUCCESS,reservation-no-show-v1.0,reservation-no-show-feature-v1.0,29,5
RES-3806b09c339650f0011c0a29896be767,2026-08-01 18:00:00,True,0.007784579238862673,13,False,LOW,TOP_15_PERCENT_DAILY_COHORT,SUCCESS,reservation-no-show-v1.0,reservation-no-show-feature-v1.0,29,5
RES-4d8fa384c42d5e6e8fb9285c405e1dff,2026-08-18 18:00:00,True,0.007354256579693499,22,False,LOW,TOP_15_PERCENT_DAILY_COHORT,SUCCESS,reservation-no-show-v1.0,reservation-no-show-feature-v1.0,29,5
RES-c67215a9d8b91c5bbe95e1693aed30e2,2026-09-04 18:00:00,True,0.01767205158399918,2,True,HIGH,TOP_15_PERCENT_DAILY_COHORT,SUCCESS,reservation-no-show-v1.0,reservation-no-show-feature-v1.0,29,5
RES-7e32dda8998a68ddbfc03509651bd5a0,2026-09-21 18:00:00,True,0.00439477584882822,27,False,LOW,TOP_15_PERCENT_DAILY_COHORT,SUCCESS,reservation-no-show-v1.0,reservation-no-show-feature-v1.0,29,5
RES-1a653eee167bca050aeb8b5131123a26,2026-10-08 18:00:00,True,0.005905982288215956,25,False,LOW,TOP_15_PERCENT_DAILY_COHORT,SUCCESS,reservation-no-show-v1.0,reservation-no-show-feature-v1.0,29,5
RES-ec47c1c25db2fd7bed16461f698ef85c,2026-10-25 18:00:00,True,0.028844824142574454,3,True,HIGH,TOP_15_PERCENT_DAILY_COHORT,SUCCESS,reservation-no-show-v1.0,reservation-no-show-feature-v1.0,29,5
RES-6b2546ffbd95eed3a475cbbd626fa3e2,2026-11-11 18:00:00,True,0.00517084467651462,12,False,LOW,TOP_15_PERCENT_DAILY_COHORT,SUCCESS,reservation-no-show-v1.0,reservation-no-show-feature-v1.0,29,5
RES-5eaf862eef4b742b933d4897ba8081d6,2026-11-28 18:00:00,True,0.004906182763910973,21,False,LOW,TOP_15_PERCENT_DAILY_COHORT,SUCCESS,reservation-no-show-v1.0,reservation-no-show-feature-v1.0,29,5
RES-4acd363be01f589b4f8f2c6166c1aa52,2026-12-15 18:00:00,True,0.021170988869571698,6,False,LOW,TOP_15_PERCENT_DAILY_COHORT,SUCCESS,reservation-no-show-v1.0,reservation-no-show-feature-v1.0,29,5
RES-24a81de8148bd16cb1ebaafa14524c5a,2026-07-31 18:00:00,True,0.01609796413204813,6,False,LOW,TOP_15_PERCENT_DAILY_COHORT,SUCCESS,reservation-no-show-v1.0,reservation-no-show-feature-v1.0,29,5
RES-b83126fab546d77579a0557ab91cbe8c,2026-08-17 18:00:00,True,0.00653761394078323,25,False,LOW,TOP_15_PERCENT_DAILY_COHORT,SUCCESS,reservation-no-show-v1.0,reservation-no-show-feature-v1.0,29,5
RES-09f99af0374952b0738ef82d9aa23c10,2026-09-03 18:00:00,True,0.007871625340969274,16,False,LOW,TOP_15_PERCENT_DAILY_COHORT,SUCCESS,reservation-no-show-v1.0,reservation-no-show-feature-v1.0,29,5
RES-8bc3e0abe4153491e6e77b28fda1e4aa,2026-09-20 18:00:00,True,0.016344709846835132,4,True,HIGH,TOP_15_PERCENT_DAILY_COHORT,SUCCESS,reservation-no-show-v1.0,reservation-no-show-feature-v1.0,29,5
RES-edd3dd3b3a35b280c85e370c645741ef,2026-10-07 18:00:00,True,0.004704933239902353,24,False,LOW,TOP_15_PERCENT_DAILY_COHORT,SUCCESS,reservation-no-show-v1.0,reservation-no-show-feature-v1.0,29,5
RES-30c05ff8ac35bf85184c6405f76e3795,2026-10-24 18:00:00,True,0.007296549045545426,15,False,LOW,TOP_15_PERCENT_DAILY_COHORT,SUCCESS,reservation-no-show-v1.0,reservation-no-show-feature-v1.0,29,5
RES-d1e9bad886c78aab95cd60ba0785c182,2026-11-10 18:00:00,True,0.021172727624951655,8,False,LOW,TOP_15_PERCENT_DAILY_COHORT,SUCCESS,reservation-no-show-v1.0,reservation-no-show-feature-v1.0,29,5
RES-3d2c004eb08c8ae1102cd0ccdc2d567f,2026-11-27 18:00:00,True,0.006389435390000968,11,False,LOW,TOP_15_PERCENT_DAILY_COHORT,SUCCESS,reservation-no-show-v1.0,reservation-no-show-feature-v1.0,29,5
RES-f30745fd9ca6b096f3de2cc2a7476bb1,2026-12-14 18:00:00,True,0.004973758991136963,20,False,LOW,TOP_15_PERCENT_DAILY_COHORT,SUCCESS,reservation-no-show-v1.0,reservation-no-show-feature-v1.0,29,5
RES-10170191532c8425bc00f1e0e5221a39,2026-07-30 18:00:00,True,0.005370830966446373,12,False,LOW,TOP_15_PERCENT_DAILY_COHORT,SUCCESS,reservation-no-show-v1.0,reservation-no-show-feature-v1.0,29,5
RES-859943030f13e85c9335f9a13bd77a96,2026-08-16 18:00:00,True,0.021738934165965413,1,True,HIGH,TOP_15_PERCENT_DAILY_COHORT,SUCCESS,reservation-no-show-v1.0,reservation-no-show-feature-v1.0,29,5
RES-c26625bf4282d6238a4c43b6a94edebe,2026-09-02 18:00:00,True,0.005777939695246904,28,False,LOW,TOP_15_PERCENT_DAILY_COHORT,SUCCESS,reservation-no-show-v1.0,reservation-no-show-feature-v1.0,29,5
RES-3f3397137aec1abd859118670d49705e,2026-09-19 18:00:00,True,0.008029679906446301,15,False,LOW,TOP_15_PERCENT_DAILY_COHORT,SUCCESS,reservation-no-show-v1.0,reservation-no-show-feature-v1.0,29,5
RES-cfe64f4c3946d4bc761a4ea05784164d,2026-10-06 18:00:00,True,0.019218684648682805,3,True,HIGH,TOP_15_PERCENT_DAILY_COHORT,SUCCESS,reservation-no-show-v1.0,reservation-no-show-feature-v1.0,29,5
RES-10cb83c3ea2bae226319ef2c4508a7ff,2026-10-23 18:00:00,True,0.00581436634195706,17,False,LOW,TOP_15_PERCENT_DAILY_COHORT,SUCCESS,reservation-no-show-v1.0,reservation-no-show-feature-v1.0,29,5
RES-36be9f57020bdac243ce81948db3dd00,2026-11-09 18:00:00,True,0.007396804696191391,12,False,LOW,TOP_15_PERCENT_DAILY_COHORT,SUCCESS,reservation-no-show-v1.0,reservation-no-show-feature-v1.0,29,5
RES-9b14500ccf1279f281c76945d314284c,2026-11-26 18:00:00,True,0.020667422004982502,8,False,LOW,TOP_15_PERCENT_DAILY_COHORT,SUCCESS,reservation-no-show-v1.0,reservation-no-show-feature-v1.0,29,5
RES-a6e6e7d89b789fd0af3c8b45c12661a8,2026-12-13 18:00:00,True,0.004858544477657177,18,False,LOW,TOP_15_PERCENT_DAILY_COHORT,SUCCESS,reservation-no-show-v1.0,reservation-no-show-feature-v1.0,29,5
RES-8637c0a9bfe118dae777768b7f6308bf,2026-07-29 18:00:00,True,0.007020933699561822,19,False,LOW,TOP_15_PERCENT_DAILY_COHORT,SUCCESS,reservation-no-show-v1.0,reservation-no-show-feature-v1.0,29,5
RES-b4c753cb238bc24fcaf2b29c8c4c8da4,2026-08-15 18:00:00,True,0.004962029792240212,14,False,LOW,TOP_15_PERCENT_DAILY_COHORT,SUCCESS,reservation-no-show-v1.0,reservation-no-show-feature-v1.0,29,5
RES-eed7270cd8b74d5d2a4641c2a933ef37,2026-09-01 18:00:00,True,0.01924708016034372,1,True,HIGH,TOP_15_PERCENT_DAILY_COHORT,SUCCESS,reservation-no-show-v1.0,reservation-no-show-feature-v1.0,29,5
RES-448b6e5fa150ab0c23ee88448ca9bae4,2026-09-18 18:00:00,True,0.006486813287524404,24,False,LOW,TOP_15_PERCENT_DAILY_COHORT,SUCCESS,reservation-no-show-v1.0,reservation-no-show-feature-v1.0,29,5
RES-dba5fb7a9a58e4689355b02eeda59db6,2026-10-05 18:00:00,True,0.008139926283494317,16,False,LOW,TOP_15_PERCENT_DAILY_COHORT,SUCCESS,reservation-no-show-v1.0,reservation-no-show-feature-v1.0,29,5
RES-f5902c5ec589e1813e81e2885b972263,2026-10-22 18:00:00,True,0.014114576515456943,7,False,LOW,TOP_15_PERCENT_DAILY_COHORT,SUCCESS,reservation-no-show-v1.0,reservation-no-show-feature-v1.0,29,5
RES-69bb368f16e42e742322d5748b8da66b,2026-11-08 18:00:00,True,0.004865828214569725,23,False,LOW,TOP_15_PERCENT_DAILY_COHORT,SUCCESS,reservation-no-show-v1.0,reservation-no-show-feature-v1.0,29,5
RES-3476902e73ef2fbd4fe55718638b89e3,2026-11-25 18:00:00,True,0.008557525077313293,12,False,LOW,TOP_15_PERCENT_DAILY_COHORT,SUCCESS,reservation-no-show-v1.0,reservation-no-show-feature-v1.0,29,5
RES-80cc69aa6b5fca197a8dc45f1efc7982,2026-12-12 18:00:00,True,0.02786023675368585,2,True,HIGH,TOP_15_PERCENT_DAILY_COHORT,SUCCESS,reservation-no-show-v1.0,reservation-no-show-feature-v1.0,29,5
RES-49c099be028c6962c9b28336f4eca2cc,2026-07-28 18:00:00,True,0.024911167663778197,2,True,HIGH,TOP_15_PERCENT_DAILY_COHORT,SUCCESS,reservation-no-show-v1.0,reservation-no-show-feature-v1.0,29,5
RES-eea99f2cf276fe89597bd3b3210e5a90,2026-08-14 18:00:00,True,0.007139169935062622,23,False,LOW,TOP_15_PERCENT_DAILY_COHORT,SUCCESS,reservation-no-show-v1.0,reservation-no-show-feature-v1.0,29,5
RES-9c451ff09d3859a893ec869f9f77de6f,2026-08-31 18:00:00,True,0.006093489152272743,11,False,LOW,TOP_15_PERCENT_DAILY_COHORT,SUCCESS,reservation-no-show-v1.0,reservation-no-show-feature-v1.0,29,5
RES-3478d6d56e1044f3d0abef3824417e0b,2026-09-17 18:00:00,True,0.017089889775608606,2,True,HIGH,TOP_15_PERCENT_DAILY_COHORT,SUCCESS,reservation-no-show-v1.0,reservation-no-show-feature-v1.0,29,5
RES-4558aed19a2fdc6b001004b596a67876,2026-10-04 18:00:00,True,0.005975308064113023,27,False,LOW,TOP_15_PERCENT_DAILY_COHORT,SUCCESS,reservation-no-show-v1.0,reservation-no-show-feature-v1.0,29,5
RES-e67e85170930b214147e59cb896b06df,2026-10-21 18:00:00,True,0.008739934383035445,11,False,LOW,TOP_15_PERCENT_DAILY_COHORT,SUCCESS,reservation-no-show-v1.0,reservation-no-show-feature-v1.0,29,5
RES-83bc81b5e2991329d280dd482d8b37e5,2026-11-07 18:00:00,True,0.017349043489377436,4,True,HIGH,TOP_15_PERCENT_DAILY_COHORT,SUCCESS,reservation-no-show-v1.0,reservation-no-show-feature-v1.0,29,5
RES-7d6bbb6ad56062525c694b8756ab2c7c,2026-11-24 18:00:00,True,0.004747813263981251,23,False,LOW,TOP_15_PERCENT_DAILY_COHORT,SUCCESS,reservation-no-show-v1.0,reservation-no-show-feature-v1.0,29,5
RES-2ff6af4f86416b8aaad9f53cb5fadcc9,2026-12-11 18:00:00,True,0.00606021723034557,29,False,LOW,TOP_15_PERCENT_DAILY_COHORT,SUCCESS,reservation-no-show-v1.0,reservation-no-show-feature-v1.0,29,5
RES-51da526534c7f2f698de927a9b968cf9,2026-08-13 18:00:00,True,0.025265623612867875,2,True,HIGH,TOP_15_PERCENT_DAILY_COHORT,SUCCESS,reservation-no-show-v1.0,reservation-no-show-feature-v1.0,29,5
RES-caa0f1a71a6a2b626cb6896b62e587b7,2026-08-30 18:00:00,True,0.0087907098509298,12,False,LOW,TOP_15_PERCENT_DAILY_COHORT,SUCCESS,reservation-no-show-v1.0,reservation-no-show-feature-v1.0,29,5
RES-1745877f8e35befb3158510eda8f9306,2026-09-16 18:00:00,True,0.004051187207552868,28,False,LOW,TOP_15_PERCENT_DAILY_COHORT,SUCCESS,reservation-no-show-v1.0,reservation-no-show-feature-v1.0,29,5
RES-5ba4ad45e00056265ecb722f98b4af14,2026-10-03 18:00:00,True,0.020991655977088356,2,True,HIGH,TOP_15_PERCENT_DAILY_COHORT,SUCCESS,reservation-no-show-v1.0,reservation-no-show-feature-v1.0,29,5
RES-b1e9d155167abfe1610239bc81b21319,2026-10-20 18:00:00,True,0.007770625713110665,15,False,LOW,TOP_15_PERCENT_DAILY_COHORT,SUCCESS,reservation-no-show-v1.0,reservation-no-show-feature-v1.0,29,5
RES-8c6c0bf14f4916ee8bc380654ce7ad62,2026-11-06 18:00:00,True,0.008076776055827772,15,False,LOW,TOP_15_PERCENT_DAILY_COHORT,SUCCESS,reservation-no-show-v1.0,reservation-no-show-feature-v1.0,29,5
RES-f2167f45185b3205c45262d3b7d9648d,2026-11-23 18:00:00,True,0.014592535989478515,4,True,HIGH,TOP_15_PERCENT_DAILY_COHORT,SUCCESS,reservation-no-show-v1.0,reservation-no-show-feature-v1.0,29,5
RES-76efdfe4fa3962b2279da2b1555ab153,2026-12-10 18:00:00,True,0.006775717577411403,11,False,LOW,TOP_15_PERCENT_DAILY_COHORT,SUCCESS,reservation-no-show-v1.0,reservation-no-show-feature-v1.0,29,5
RES-0e4503fefa889b860531ca02318f2a38,2026-08-12 18:00:00,True,0.004466016204950935,26,False,LOW,TOP_15_PERCENT_DAILY_COHORT,SUCCESS,reservation-no-show-v1.0,reservation-no-show-feature-v1.0,29,5
RES-aebf3ae531147506b1c8c44de45e8bc6,2026-08-29 18:00:00,True,0.02345175303278055,4,True,HIGH,TOP_15_PERCENT_DAILY_COHORT,SUCCESS,reservation-no-show-v1.0,reservation-no-show-feature-v1.0,29,5
RES-91f4976de3d6c2c5fe604b8757a01396,2026-09-15 18:00:00,True,0.006417325597523181,29,False,LOW,TOP_15_PERCENT_DAILY_COHORT,SUCCESS,reservation-no-show-v1.0,reservation-no-show-feature-v1.0,29,5
RES-5e211e78d205375e76836fbd98c3df64,2026-10-02 18:00:00,True,0.004534622718231271,16,False,LOW,TOP_15_PERCENT_DAILY_COHORT,SUCCESS,reservation-no-show-v1.0,reservation-no-show-feature-v1.0,29,5
RES-558b6ba5d622def532843bcafb751802,2026-10-19 18:00:00,True,0.01941990905050494,2,True,HIGH,TOP_15_PERCENT_DAILY_COHORT,SUCCESS,reservation-no-show-v1.0,reservation-no-show-feature-v1.0,29,5
RES-5b9d80fb52a2bf8c219f2fab04e173c3,2026-11-05 18:00:00,True,0.006241391708866919,25,False,LOW,TOP_15_PERCENT_DAILY_COHORT,SUCCESS,reservation-no-show-v1.0,reservation-no-show-feature-v1.0,29,5
RES-d83abae860c66dcb2eae18506d5ec854,2026-11-22 18:00:00,True,0.006783325479465006,27,False,LOW,TOP_15_PERCENT_DAILY_COHORT,SUCCESS,reservation-no-show-v1.0,reservation-no-show-feature-v1.0,29,5
RES-a9c0fb1b45aec3cf882054843958dd4e,2026-12-09 18:00:00,True,0.012909037676289517,7,False,LOW,TOP_15_PERCENT_DAILY_COHORT,SUCCESS,reservation-no-show-v1.0,reservation-no-show-feature-v1.0,29,5
RES-39913c2c7b3e3a0be30a0ca0f0f6cc68,2026-08-11 18:00:00,True,0.005816974186585516,11,False,LOW,TOP_15_PERCENT_DAILY_COHORT,SUCCESS,reservation-no-show-v1.0,reservation-no-show-feature-v1.0,29,5
RES-ba2b6f889ac8efbf8ed10b6e57e7217a,2026-08-28 18:00:00,True,0.007356752043928172,11,False,LOW,TOP_15_PERCENT_DAILY_COHORT,SUCCESS,reservation-no-show-v1.0,reservation-no-show-feature-v1.0,29,5
RES-1e164a5f46b58462dedc37e0688fc80d,2026-09-14 18:00:00,True,0.023768668721193924,3,True,HIGH,TOP_15_PERCENT_DAILY_COHORT,SUCCESS,reservation-no-show-v1.0,reservation-no-show-feature-v1.0,29,5
RES-9b959eacb54b3a148028f0bdb88b073e,2026-10-01 18:00:00,True,0.006869237794880193,23,False,LOW,TOP_15_PERCENT_DAILY_COHORT,SUCCESS,reservation-no-show-v1.0,reservation-no-show-feature-v1.0,29,5
RES-aeeda6cfb1d3ee423f748aad293ac6aa,2026-10-18 18:00:00,True,0.004189820088634286,24,False,LOW,TOP_15_PERCENT_DAILY_COHORT,SUCCESS,reservation-no-show-v1.0,reservation-no-show-feature-v1.0,29,5
RES-111ea9e203d4fc81180e97ac4c40634e,2026-11-04 18:00:00,True,0.018895837605475793,1,True,HIGH,TOP_15_PERCENT_DAILY_COHORT,SUCCESS,reservation-no-show-v1.0,reservation-no-show-feature-v1.0,29,5
RES-3a2c32f47fe7c248c4648acaccaeb04d,2026-11-21 18:00:00,True,0.005785203314856433,29,False,LOW,TOP_15_PERCENT_DAILY_COHORT,SUCCESS,reservation-no-show-v1.0,reservation-no-show-feature-v1.0,29,5
RES-fd7f30be256ca9b2c40b04c12bf97dfa,2026-12-08 18:00:00,True,0.008791159439727279,12,False,LOW,TOP_15_PERCENT_DAILY_COHORT,SUCCESS,reservation-no-show-v1.0,reservation-no-show-feature-v1.0,29,5
RES-85264f28f0ff16022b7e8860d834e546,2026-08-10 18:00:00,True,0.021633412162670545,8,False,LOW,TOP_15_PERCENT_DAILY_COHORT,SUCCESS,reservation-no-show-v1.0,reservation-no-show-feature-v1.0,30,5
RES-9f85c7eb262e4de6f068d50f755ccee0,2026-08-27 18:00:00,True,0.0042566519032884755,26,False,LOW,TOP_15_PERCENT_DAILY_COHORT,SUCCESS,reservation-no-show-v1.0,reservation-no-show-feature-v1.0,30,5
RES-70134da20ae3d89b78116f8839a7d0eb,2026-09-13 18:00:00,True,0.005083810613112044,21,False,LOW,TOP_15_PERCENT_DAILY_COHORT,SUCCESS,reservation-no-show-v1.0,reservation-no-show-feature-v1.0,30,5
RES-acac1e8b3c904a59be528340c63f34fa,2026-09-30 18:00:00,True,0.0210491598615607,8,False,LOW,TOP_15_PERCENT_DAILY_COHORT,SUCCESS,reservation-no-show-v1.0,reservation-no-show-feature-v1.0,30,5
RES-a4a2d7a0f4881e4f5633b1daea27376a,2026-10-17 18:00:00,True,0.008484667840694946,15,False,LOW,TOP_15_PERCENT_DAILY_COHORT,SUCCESS,reservation-no-show-v1.0,reservation-no-show-feature-v1.0,30,5
RES-13dfc89b99481889110384889e32c450,2026-11-03 18:00:00,True,0.0040750443287250315,27,False,LOW,TOP_15_PERCENT_DAILY_COHORT,SUCCESS,reservation-no-show-v1.0,reservation-no-show-feature-v1.0,30,5
RES-b9a6ade6fb91d826124066d8e856eab8,2026-11-20 18:00:00,True,0.017531042189400558,5,True,HIGH,TOP_15_PERCENT_DAILY_COHORT,SUCCESS,reservation-no-show-v1.0,reservation-no-show-feature-v1.0,30,5
RES-696a42124a3c0c5d69c5ad43245fd14a,2026-12-07 18:00:00,True,0.006454488338092435,26,False,LOW,TOP_15_PERCENT_DAILY_COHORT,SUCCESS,reservation-no-show-v1.0,reservation-no-show-feature-v1.0,30,5
RES-f9eb38ecb63469473b52e02677e59728,2026-12-24 18:00:00,True,0.007796540529286192,15,False,LOW,TOP_15_PERCENT_DAILY_COHORT,SUCCESS,reservation-no-show-v1.0,reservation-no-show-feature-v1.0,30,5
RES-e436ef618a050fbafbe323d68ffad40a,2026-08-09 18:00:00,True,0.011077555834959327,10,False,LOW,TOP_15_PERCENT_DAILY_COHORT,SUCCESS,reservation-no-show-v1.0,reservation-no-show-feature-v1.0,29,5
RES-90646223c0b519d6023dbe195ae2fcf8,2026-08-26 18:00:00,True,0.02320477899322506,6,False,LOW,TOP_15_PERCENT_DAILY_COHORT,SUCCESS,reservation-no-show-v1.0,reservation-no-show-feature-v1.0,29,5
RES-293d16e55b941f98042d71e8123bf90d,2026-09-12 18:00:00,True,0.007692410494097688,11,False,LOW,TOP_15_PERCENT_DAILY_COHORT,SUCCESS,reservation-no-show-v1.0,reservation-no-show-feature-v1.0,29,5
RES-6b554f3ca32e141b732b83a8fe77e875,2026-09-29 18:00:00,True,0.006008982868421819,11,False,LOW,TOP_15_PERCENT_DAILY_COHORT,SUCCESS,reservation-no-show-v1.0,reservation-no-show-feature-v1.0,29,5
RES-fcdec72e1bcbae767b60bbbd76d18e7e,2026-10-16 18:00:00,True,0.021466081659721126,10,False,LOW,TOP_15_PERCENT_DAILY_COHORT,SUCCESS,reservation-no-show-v1.0,reservation-no-show-feature-v1.0,29,5
RES-b4b6ded5fb4dde496621b31be045cd9f,2026-11-02 18:00:00,True,0.006455026410389424,27,False,LOW,TOP_15_PERCENT_DAILY_COHORT,SUCCESS,reservation-no-show-v1.0,reservation-no-show-feature-v1.0,29,5
RES-5755afef5b2884ee33891dde74a5f9c8,2026-11-19 18:00:00,True,0.004376745085900799,23,False,LOW,TOP_15_PERCENT_DAILY_COHORT,SUCCESS,reservation-no-show-v1.0,reservation-no-show-feature-v1.0,29,5
RES-6341f9ff54f18c751e9d57842b7222b1,2026-12-06 18:00:00,True,0.014699342006331278,9,False,LOW,TOP_15_PERCENT_DAILY_COHORT,SUCCESS,reservation-no-show-v1.0,reservation-no-show-feature-v1.0,29,5
RES-79b8214477711c0867bb75cd0af2631c,2026-12-23 18:00:00,True,0.005722710658570878,28,False,LOW,TOP_15_PERCENT_DAILY_COHORT,SUCCESS,reservation-no-show-v1.0,reservation-no-show-feature-v1.0,29,5
RES-7d66aa0b84652f88030f4b958d7edd64,2026-08-08 18:00:00,True,0.005251972277441258,20,False,LOW,TOP_15_PERCENT_DAILY_COHORT,SUCCESS,reservation-no-show-v1.0,reservation-no-show-feature-v1.0,29,5
RES-c8aeca12da57bbe6b6ed14525b24a208,2026-08-25 18:00:00,True,0.007377186353581658,16,False,LOW,TOP_15_PERCENT_DAILY_COHORT,SUCCESS,reservation-no-show-v1.0,reservation-no-show-feature-v1.0,29,5
RES-b032a943ad57a535b6572a40af6b930a,2026-09-11 18:00:00,True,0.021467844119279978,9,False,LOW,TOP_15_PERCENT_DAILY_COHORT,SUCCESS,reservation-no-show-v1.0,reservation-no-show-feature-v1.0,29,5
RES-49b683e4f99073b2e11ebc4398e48bb4,2026-09-28 18:00:00,True,0.0048456254285311785,15,False,LOW,TOP_15_PERCENT_DAILY_COHORT,SUCCESS,reservation-no-show-v1.0,reservation-no-show-feature-v1.0,29,5
RES-f2ced46884ad43a0e54528eef925faac,2026-10-15 18:00:00,True,0.005310407486793782,16,False,LOW,TOP_15_PERCENT_DAILY_COHORT,SUCCESS,reservation-no-show-v1.0,reservation-no-show-feature-v1.0,29,5
RES-0187f59b1ebc7b4605bdc93ddd0c069f,2026-11-01 18:00:00,True,0.021756761770290258,6,False,LOW,TOP_15_PERCENT_DAILY_COHORT,SUCCESS,reservation-no-show-v1.0,reservation-no-show-feature-v1.0,29,5
RES-d4a35d1a73db112c7be6b87500cf6896,2026-11-18 18:00:00,True,0.007627824850134268,15,False,LOW,TOP_15_PERCENT_DAILY_COHORT,SUCCESS,reservation-no-show-v1.0,reservation-no-show-feature-v1.0,29,5
RES-fe62f4bf85338b4c545c6969ca2d65e1,2026-12-05 18:00:00,True,0.004357733279317074,23,False,LOW,TOP_15_PERCENT_DAILY_COHORT,SUCCESS,reservation-no-show-v1.0,reservation-no-show-feature-v1.0,29,5
RES-3385cfa543f4b0a533a234eac76cd9b6,2026-12-22 18:00:00,True,0.02302624317866363,1,True,HIGH,TOP_15_PERCENT_DAILY_COHORT,SUCCESS,reservation-no-show-v1.0,reservation-no-show-feature-v1.0,29,5
RES-7cfa14694d954f889730173c9c465181,2026-08-07 18:00:00,True,0.018693550041887535,2,True,HIGH,TOP_15_PERCENT_DAILY_COHORT,SUCCESS,reservation-no-show-v1.0,reservation-no-show-feature-v1.0,29,5
RES-c9e4563ccff7876fcd97147683be5e64,2026-08-24 18:00:00,True,0.004852889892166706,22,False,LOW,TOP_15_PERCENT_DAILY_COHORT,SUCCESS,reservation-no-show-v1.0,reservation-no-show-feature-v1.0,29,5
RES-8d4f7cdeb5eceada607413c9577efbcc,2026-09-10 18:00:00,True,0.0065205936707555985,20,False,LOW,TOP_15_PERCENT_DAILY_COHORT,SUCCESS,reservation-no-show-v1.0,reservation-no-show-feature-v1.0,29,5
RES-ed9c6ca75f61b22eb82c9f81cc2837b3,2026-09-27 18:00:00,True,0.023983070268458313,8,False,LOW,TOP_15_PERCENT_DAILY_COHORT,SUCCESS,reservation-no-show-v1.0,reservation-no-show-feature-v1.0,29,5
RES-2f4a43017bee6f1ca674b19f4244a9d1,2026-10-14 18:00:00,True,0.004281713788010688,26,False,LOW,TOP_15_PERCENT_DAILY_COHORT,SUCCESS,reservation-no-show-v1.0,reservation-no-show-feature-v1.0,29,5
RES-05e55d8a06b11d34933852c714fe7ae0,2026-10-31 18:00:00,True,0.004906182763910973,17,False,LOW,TOP_15_PERCENT_DAILY_COHORT,SUCCESS,reservation-no-show-v1.0,reservation-no-show-feature-v1.0,29,5
RES-d8c66d907d6b3b3302769342a6e616cc,2026-11-17 18:00:00,True,0.019323831305633716,9,False,LOW,TOP_15_PERCENT_DAILY_COHORT,SUCCESS,reservation-no-show-v1.0,reservation-no-show-feature-v1.0,29,5
RES-8de878eef8b149ddbd1fdb167b1b7a6e,2026-12-04 18:00:00,True,0.008534409652515331,13,False,LOW,TOP_15_PERCENT_DAILY_COHORT,SUCCESS,reservation-no-show-v1.0,reservation-no-show-feature-v1.0,29,5
RES-b16b8da31a289bf1bc2066cd6ad7b3f6,2026-12-21 18:00:00,True,0.004526468025311758,20,False,LOW,TOP_15_PERCENT_DAILY_COHORT,SUCCESS,reservation-no-show-v1.0,reservation-no-show-feature-v1.0,29,5
RES-d60f53c598e2d64ef8bb3abbc5586682,2026-08-06 18:00:00,True,0.00652113721769073,28,False,LOW,TOP_15_PERCENT_DAILY_COHORT,SUCCESS,reservation-no-show-v1.0,reservation-no-show-feature-v1.0,29,5
RES-1046d814d08d1ec80974faae1fcebd10,2026-08-23 18:00:00,True,0.013560413675238683,7,False,LOW,TOP_15_PERCENT_DAILY_COHORT,SUCCESS,reservation-no-show-v1.0,reservation-no-show-feature-v1.0,29,5
RES-c57cb79a6de09707d72ec8ff98909199,2026-09-09 18:00:00,True,0.004720036121184214,24,False,LOW,TOP_15_PERCENT_DAILY_COHORT,SUCCESS,reservation-no-show-v1.0,reservation-no-show-feature-v1.0,29,5
RES-d87f698073ddc7043355cd49933797e7,2026-09-26 18:00:00,True,0.006651702712003466,19,False,LOW,TOP_15_PERCENT_DAILY_COHORT,SUCCESS,reservation-no-show-v1.0,reservation-no-show-feature-v1.0,29,5
RES-903d3e15281cd58903830a07a6227663,2026-10-13 18:00:00,True,0.025640052142407155,4,True,HIGH,TOP_15_PERCENT_DAILY_COHORT,SUCCESS,reservation-no-show-v1.0,reservation-no-show-feature-v1.0,29,5
RES-0df372d8962d471e0e634b52d51cf0ce,2026-10-30 18:00:00,True,0.005824286590146555,11,False,LOW,TOP_15_PERCENT_DAILY_COHORT,SUCCESS,reservation-no-show-v1.0,reservation-no-show-feature-v1.0,29,5
RES-7f08e586a6bf80a016f8bfaaa3c3f161,2026-11-16 18:00:00,True,0.00549189366256875,15,False,LOW,TOP_15_PERCENT_DAILY_COHORT,SUCCESS,reservation-no-show-v1.0,reservation-no-show-feature-v1.0,29,5
RES-a474ca5e4c87d49a50db8ee75ab4d3a4,2026-12-03 18:00:00,True,0.0227095467215196,4,True,HIGH,TOP_15_PERCENT_DAILY_COHORT,SUCCESS,reservation-no-show-v1.0,reservation-no-show-feature-v1.0,29,5
RES-4d903854838402d88e800dcfab6b7dba,2026-12-20 18:00:00,True,0.010505302201510936,12,False,LOW,TOP_15_PERCENT_DAILY_COHORT,SUCCESS,reservation-no-show-v1.0,reservation-no-show-feature-v1.0,29,5
RES-1c2d7ef1343eec359148d5abb4ce3c44,2026-08-05 18:00:00,True,0.005796466878142031,26,False,LOW,TOP_15_PERCENT_DAILY_COHORT,SUCCESS,reservation-no-show-v1.0,reservation-no-show-feature-v1.0,29,5
RES-376665c22708eeec7d7dc14800473e9e,2026-08-22 18:00:00,True,0.0066522571148121155,23,False,LOW,TOP_15_PERCENT_DAILY_COHORT,SUCCESS,reservation-no-show-v1.0,reservation-no-show-feature-v1.0,29,5
RES-d056979239fb14bb400637818dff0c4a,2026-09-08 18:00:00,True,0.015952751170003585,3,True,HIGH,TOP_15_PERCENT_DAILY_COHORT,SUCCESS,reservation-no-show-v1.0,reservation-no-show-feature-v1.0,29,5
RES-5dd36f92544a1e170d981b0b266d24c5,2026-09-25 18:00:00,True,0.004815116968738063,23,False,LOW,TOP_15_PERCENT_DAILY_COHORT,SUCCESS,reservation-no-show-v1.0,reservation-no-show-feature-v1.0,29,5
RES-7e02152aaa6dc3197633f9cc0ca979e4,2026-10-12 18:00:00,True,0.00612727563643687,28,False,LOW,TOP_15_PERCENT_DAILY_COHORT,SUCCESS,reservation-no-show-v1.0,reservation-no-show-feature-v1.0,29,5
RES-c97c1b69c0841b9279a63e812b2e0f4a,2026-10-29 18:00:00,True,0.020732697269896978,9,False,LOW,TOP_15_PERCENT_DAILY_COHORT,SUCCESS,reservation-no-show-v1.0,reservation-no-show-feature-v1.0,29,5
RES-fe310da5e0dd6c42a35b940ef21e0d09,2026-11-15 18:00:00,True,0.0053647415428769284,12,False,LOW,TOP_15_PERCENT_DAILY_COHORT,SUCCESS,reservation-no-show-v1.0,reservation-no-show-feature-v1.0,29,5
RES-fb345182e46913cdfc01644a2a611d9a,2026-12-02 18:00:00,True,0.0048531390726269654,25,False,LOW,TOP_15_PERCENT_DAILY_COHORT,SUCCESS,reservation-no-show-v1.0,reservation-no-show-feature-v1.0,29,5
RES-c28f09ed2330bd304058a9072b5f617a,2026-12-19 18:00:00,True,0.0231585778871505,5,True,HIGH,TOP_15_PERCENT_DAILY_COHORT,SUCCESS,reservation-no-show-v1.0,reservation-no-show-feature-v1.0,29,5
RES-64d63b45e80015a2df202f13b42e0a7c,2026-08-04 18:00:00,True,0.014529540376545158,8,False,LOW,TOP_15_PERCENT_DAILY_COHORT,SUCCESS,reservation-no-show-v1.0,reservation-no-show-feature-v1.0,29,5
RES-03423ba6e745c3dfbd993df16f531f97,2026-08-21 18:00:00,True,0.006507598622562472,27,False,LOW,TOP_15_PERCENT_DAILY_COHORT,SUCCESS,reservation-no-show-v1.0,reservation-no-show-feature-v1.0,29,5
RES-101e2ff0f285dd52373f80721a1754b6,2026-09-07 18:00:00,True,0.007421102088029401,20,False,LOW,TOP_15_PERCENT_DAILY_COHORT,SUCCESS,reservation-no-show-v1.0,reservation-no-show-feature-v1.0,29,5
RES-b760eabe3cbd50cbf96e4f5124241700,2026-09-24 18:00:00,True,0.015570043180888029,3,True,HIGH,TOP_15_PERCENT_DAILY_COHORT,SUCCESS,reservation-no-show-v1.0,reservation-no-show-feature-v1.0,29,5
RES-eae1a2678eef17f522932fc70ee7a6f2,2026-10-11 18:00:00,True,0.0048814450372196205,25,False,LOW,TOP_15_PERCENT_DAILY_COHORT,SUCCESS,reservation-no-show-v1.0,reservation-no-show-feature-v1.0,29,5
RES-f07c9083b3bdf99a46d58c2315e40e9d,2026-10-28 18:00:00,True,0.006579911942659048,19,False,LOW,TOP_15_PERCENT_DAILY_COHORT,SUCCESS,reservation-no-show-v1.0,reservation-no-show-feature-v1.0,29,5
RES-9a842cdb5cc1ecc5480c8c6866cafe52,2026-11-14 18:00:00,True,0.023160476019067386,5,True,HIGH,TOP_15_PERCENT_DAILY_COHORT,SUCCESS,reservation-no-show-v1.0,reservation-no-show-feature-v1.0,29,5
RES-19a44357566cf11ea4684de093cd6903,2026-12-01 18:00:00,True,0.003912675670946826,27,False,LOW,TOP_15_PERCENT_DAILY_COHORT,SUCCESS,reservation-no-show-v1.0,reservation-no-show-feature-v1.0,29,5
RES-4d3e8bbce53556d4004d569ad37346c5,2026-12-18 18:00:00,True,0.00449795992461612,28,False,LOW,TOP_15_PERCENT_DAILY_COHORT,SUCCESS,reservation-no-show-v1.0,reservation-no-show-feature-v1.0,29,5
RES-b1fed5fd17dfcee8226a995be64232a0,2026-08-03 18:00:00,True,0.0041652938294512954,27,False,LOW,TOP_15_PERCENT_DAILY_COHORT,SUCCESS,reservation-no-show-v1.0,reservation-no-show-feature-v1.0,29,5
RES-4508c5a62168c917bea0ab832618a53b,2026-08-20 18:00:00,True,0.017144063688936163,3,True,HIGH,TOP_15_PERCENT_DAILY_COHORT,SUCCESS,reservation-no-show-v1.0,reservation-no-show-feature-v1.0,29,5
RES-7ebed3810a2e96c53bf9266584180b0c,2026-09-06 18:00:00,True,0.00725984665648374,20,False,LOW,TOP_15_PERCENT_DAILY_COHORT,SUCCESS,reservation-no-show-v1.0,reservation-no-show-feature-v1.0,29,5
RES-cc7ac54d486cf40bcf275adbfe136944,2026-09-23 18:00:00,True,0.009646601694157058,12,False,LOW,TOP_15_PERCENT_DAILY_COHORT,SUCCESS,reservation-no-show-v1.0,reservation-no-show-feature-v1.0,29,5
RES-fb7449679125095f72a9e06bdd666582,2026-10-10 18:00:00,True,0.013090510987677299,10,False,LOW,TOP_15_PERCENT_DAILY_COHORT,SUCCESS,reservation-no-show-v1.0,reservation-no-show-feature-v1.0,29,5
RES-75dcb4cf3c99586fa64cec4ae2d2db0a,2026-10-27 18:00:00,True,0.005770003572438386,18,False,LOW,TOP_15_PERCENT_DAILY_COHORT,SUCCESS,reservation-no-show-v1.0,reservation-no-show-feature-v1.0,29,5
RES-5b70f086f62ae704121623456c2a3ce7,2026-11-13 18:00:00,True,0.006690771182581051,23,False,LOW,TOP_15_PERCENT_DAILY_COHORT,SUCCESS,reservation-no-show-v1.0,reservation-no-show-feature-v1.0,29,5
RES-f58031051d9c74a5eeada0570a11b311,2026-11-30 18:00:00,True,0.023473550145230983,8,False,LOW,TOP_15_PERCENT_DAILY_COHORT,SUCCESS,reservation-no-show-v1.0,reservation-no-show-feature-v1.0,29,5
RES-65a03112af3d45a42aa529d9127bcffa,2026-12-17 18:00:00,True,0.00381768962890579,29,False,LOW,TOP_15_PERCENT_DAILY_COHORT,SUCCESS,reservation-no-show-v1.0,reservation-no-show-feature-v1.0,29,5
RES-24387c9caccccddf68846604448f33a0,2026-08-02 18:00:00,True,0.007989319473015687,19,False,LOW,TOP_15_PERCENT_DAILY_COHORT,SUCCESS,reservation-no-show-v1.0,reservation-no-show-feature-v1.0,29,5
RES-2a8ff4dad7a2614b75eda3c4b7b1285a,2026-08-19 18:00:00,True,0.004473646301830761,19,False,LOW,TOP_15_PERCENT_DAILY_COHORT,SUCCESS,reservation-no-show-v1.0,reservation-no-show-feature-v1.0,29,5
RES-a06d0df6092a626dd3cbc1de99aa0a0f,2026-09-05 18:00:00,True,0.01585342537513054,4,True,HIGH,TOP_15_PERCENT_DAILY_COHORT,SUCCESS,reservation-no-show-v1.0,reservation-no-show-feature-v1.0,29,5
RES-c6ea10e9f4f15915783649ed2e7a6221,2026-09-22 18:00:00,True,0.007084180947216528,19,False,LOW,TOP_15_PERCENT_DAILY_COHORT,SUCCESS,reservation-no-show-v1.0,reservation-no-show-feature-v1.0,29,5
RES-98340fe207c31759bc6ca755ccdca080,2026-10-09 18:00:00,True,0.008915267078724715,11,False,LOW,TOP_15_PERCENT_DAILY_COHORT,SUCCESS,reservation-no-show-v1.0,reservation-no-show-feature-v1.0,29,5
RES-3a842b4314f9dea5d26a8ad9e546fd28,2026-10-26 18:00:00,True,0.016096484179260642,3,True,HIGH,TOP_15_PERCENT_DAILY_COHORT,SUCCESS,reservation-no-show-v1.0,reservation-no-show-feature-v1.0,29,5
RES-4cc6626afbeafe314191ac567e10fd05,2026-11-12 18:00:00,True,0.0056121842903626975,17,False,LOW,TOP_15_PERCENT_DAILY_COHORT,SUCCESS,reservation-no-show-v1.0,reservation-no-show-feature-v1.0,29,5
RES-aa6f622bbf809deb9801fe55084c6c4e,2026-11-29 18:00:00,True,0.007487927021245467,14,False,LOW,TOP_15_PERCENT_DAILY_COHORT,SUCCESS,reservation-no-show-v1.0,reservation-no-show-feature-v1.0,29,5
RES-4e1b8f3f1197d89989bea5850eaed26a,2026-12-16 18:00:00,True,0.020852733661280713,9,False,LOW,TOP_15_PERCENT_DAILY_COHORT,SUCCESS,reservation-no-show-v1.0,reservation-no-show-feature-v1.0,29,5
RES-607ff30479857da00397fbe183f87b24,2026-08-01 18:00:00,True,0.019419347927702297,9,False,LOW,TOP_15_PERCENT_DAILY_COHORT,SUCCESS,reservation-no-show-v1.0,reservation-no-show-feature-v1.0,29,5
RES-7165dc4a28c6dedc685e87a04f05029f,2026-08-18 18:00:00,True,0.006437889719811828,28,False,LOW,TOP_15_PERCENT_DAILY_COHORT,SUCCESS,reservation-no-show-v1.0,reservation-no-show-feature-v1.0,29,5
RES-32806f70e1b38c5f3af37242b20d3252,2026-09-04 18:00:00,True,0.005007241165881043,17,False,LOW,TOP_15_PERCENT_DAILY_COHORT,SUCCESS,reservation-no-show-v1.0,reservation-no-show-feature-v1.0,29,5
RES-237f0cfaecc794ef5ca4fddee3f1aeea,2026-09-21 18:00:00,True,0.019481322592272445,1,True,HIGH,TOP_15_PERCENT_DAILY_COHORT,SUCCESS,reservation-no-show-v1.0,reservation-no-show-feature-v1.0,29,5
RES-c834683a178bc9cec373f1330d560419,2026-10-08 18:00:00,True,0.0068906658303482925,17,False,LOW,TOP_15_PERCENT_DAILY_COHORT,SUCCESS,reservation-no-show-v1.0,reservation-no-show-feature-v1.0,29,5
RES-3b399b09c34aa79ade40cf30637e0721,2026-10-25 18:00:00,True,0.00824012723528303,18,False,LOW,TOP_15_PERCENT_DAILY_COHORT,SUCCESS,reservation-no-show-v1.0,reservation-no-show-feature-v1.0,29,5
RES-50da84f6e52cde6b9e7d08a5c360c1f5,2026-11-11 18:00:00,True,0.01566066729308177,5,True,HIGH,TOP_15_PERCENT_DAILY_COHORT,SUCCESS,reservation-no-show-v1.0,reservation-no-show-feature-v1.0,29,5
RES-8d213635099db0acf69bb3c0dc8894a1,2026-11-28 18:00:00,True,0.005725133276520735,15,False,LOW,TOP_15_PERCENT_DAILY_COHORT,SUCCESS,reservation-no-show-v1.0,reservation-no-show-feature-v1.0,29,5
RES-43b01c33b80706891c502cb01a9e60de,2026-12-15 18:00:00,True,0.007131827650538759,18,False,LOW,TOP_15_PERCENT_DAILY_COHORT,SUCCESS,reservation-no-show-v1.0,reservation-no-show-feature-v1.0,29,5
RES-c5419d9911d66e3a5f9bf2dc1d9757c3,2026-07-31 18:00:00,True,0.006074582550843628,13,False,LOW,TOP_15_PERCENT_DAILY_COHORT,SUCCESS,reservation-no-show-v1.0,reservation-no-show-feature-v1.0,29,5
RES-eb085b67178acf32f8ca35c683725764,2026-08-17 18:00:00,True,0.025133553755317985,3,True,HIGH,TOP_15_PERCENT_DAILY_COHORT,SUCCESS,reservation-no-show-v1.0,reservation-no-show-feature-v1.0,29,5
RES-a08df04c15c632302cee57eb12a22662,2026-09-03 18:00:00,True,0.010100715580583973,11,False,LOW,TOP_15_PERCENT_DAILY_COHORT,SUCCESS,reservation-no-show-v1.0,reservation-no-show-feature-v1.0,29,5
RES-e6b1b3e3ef7ade0fdb722c2ae605fc0a,2026-09-20 18:00:00,True,0.005604948684313298,11,False,LOW,TOP_15_PERCENT_DAILY_COHORT,SUCCESS,reservation-no-show-v1.0,reservation-no-show-feature-v1.0,29,5
RES-4543722441b091bab1d34c5a9e960bce,2026-10-07 18:00:00,True,0.018955625860915162,2,True,HIGH,TOP_15_PERCENT_DAILY_COHORT,SUCCESS,reservation-no-show-v1.0,reservation-no-show-feature-v1.0,29,5
RES-a1cc25d8a351eac4213b69d712db7ac9,2026-10-24 18:00:00,True,0.0063873264835123044,25,False,LOW,TOP_15_PERCENT_DAILY_COHORT,SUCCESS,reservation-no-show-v1.0,reservation-no-show-feature-v1.0,29,5
RES-61810419f8fc8b0e8cc2bec02fbed861,2026-11-10 18:00:00,True,0.007284070544107822,21,False,LOW,TOP_15_PERCENT_DAILY_COHORT,SUCCESS,reservation-no-show-v1.0,reservation-no-show-feature-v1.0,29,5
RES-1102d55fe92a71d0b73ee2c797867ab0,2026-11-27 18:00:00,True,0.014526079860583296,8,False,LOW,TOP_15_PERCENT_DAILY_COHORT,SUCCESS,reservation-no-show-v1.0,reservation-no-show-feature-v1.0,29,5
RES-241a9c499e66c7659600e4aef5cd4288,2026-12-14 18:00:00,True,0.0052733700790152434,18,False,LOW,TOP_15_PERCENT_DAILY_COHORT,SUCCESS,reservation-no-show-v1.0,reservation-no-show-feature-v1.0,29,5
RES-ad7342662240604322bdd6c4c94db159,2026-07-30 18:00:00,True,0.003879412343359472,29,False,LOW,TOP_15_PERCENT_DAILY_COHORT,SUCCESS,reservation-no-show-v1.0,reservation-no-show-feature-v1.0,29,5
RES-645e3396034c9a555278d5a6bef605bf,2026-08-16 18:00:00,True,0.0067988265703957385,12,False,LOW,TOP_15_PERCENT_DAILY_COHORT,SUCCESS,reservation-no-show-v1.0,reservation-no-show-feature-v1.0,29,5
RES-c08d547a7a053737bbaa0964e3f6e92a,2026-09-02 18:00:00,True,0.023202877316673327,4,True,HIGH,TOP_15_PERCENT_DAILY_COHORT,SUCCESS,reservation-no-show-v1.0,reservation-no-show-feature-v1.0,29,5
RES-fcf85152efa23ef180c163bee63376b3,2026-09-19 18:00:00,True,0.007029748875297675,24,False,LOW,TOP_15_PERCENT_DAILY_COHORT,SUCCESS,reservation-no-show-v1.0,reservation-no-show-feature-v1.0,29,5
RES-784ef59cd7caad13b953139badc75899,2026-10-06 18:00:00,True,0.004088133565574068,26,False,LOW,TOP_15_PERCENT_DAILY_COHORT,SUCCESS,reservation-no-show-v1.0,reservation-no-show-feature-v1.0,29,5
RES-feb125f564d83f9c0f2a573da2fd1417,2026-10-23 18:00:00,True,0.0256485920643359,1,True,HIGH,TOP_15_PERCENT_DAILY_COHORT,SUCCESS,reservation-no-show-v1.0,reservation-no-show-feature-v1.0,29,5
RES-54c84fc58a4b46cbe01bf7c17a100a05,2026-11-09 18:00:00,True,0.006475170771150847,19,False,LOW,TOP_15_PERCENT_DAILY_COHORT,SUCCESS,reservation-no-show-v1.0,reservation-no-show-feature-v1.0,29,5
RES-c67c3f3afc882012edc91562367081b9,2026-11-26 18:00:00,True,0.007821489511829191,13,False,LOW,TOP_15_PERCENT_DAILY_COHORT,SUCCESS,reservation-no-show-v1.0,reservation-no-show-feature-v1.0,29,5
RES-e6fdf5272f207287feed757aecc60d82,2026-12-13 18:00:00,True,0.014724196945719335,5,True,HIGH,TOP_15_PERCENT_DAILY_COHORT,SUCCESS,reservation-no-show-v1.0,reservation-no-show-feature-v1.0,29,5
RES-feee71be02dd04969ec34cee2d8bc454,2026-07-29 18:00:00,True,0.02327787767458437,6,False,LOW,TOP_15_PERCENT_DAILY_COHORT,SUCCESS,reservation-no-show-v1.0,reservation-no-show-feature-v1.0,29,5
RES-374d2abcf6b3cef86b1efd225ee0fbf9,2026-08-15 18:00:00,True,0.004779781731728824,16,False,LOW,TOP_15_PERCENT_DAILY_COHORT,SUCCESS,reservation-no-show-v1.0,reservation-no-show-feature-v1.0,29,5
RES-f574ce26f26562fbb154b01d07f85131,2026-09-01 18:00:00,True,0.006008982868421819,14,False,LOW,TOP_15_PERCENT_DAILY_COHORT,SUCCESS,reservation-no-show-v1.0,reservation-no-show-feature-v1.0,29,5
RES-9934ed9494941a8431fcf6f7894d2fb1,2026-09-18 18:00:00,True,0.023661426836779142,5,True,HIGH,TOP_15_PERCENT_DAILY_COHORT,SUCCESS,reservation-no-show-v1.0,reservation-no-show-feature-v1.0,29,5
RES-be41135059a8c5f1e1ae1fc55dfd03d4,2026-10-05 18:00:00,True,0.011488975675102795,11,False,LOW,TOP_15_PERCENT_DAILY_COHORT,SUCCESS,reservation-no-show-v1.0,reservation-no-show-feature-v1.0,29,5
RES-031f6a5063e7e1bd9d1bac812e011a32,2026-10-22 18:00:00,True,0.004832988715688793,15,False,LOW,TOP_15_PERCENT_DAILY_COHORT,SUCCESS,reservation-no-show-v1.0,reservation-no-show-feature-v1.0,29,5
RES-81deabddf7d9a226bd7203202fe8abb2,2026-11-08 18:00:00,True,0.016214116803755094,7,False,LOW,TOP_15_PERCENT_DAILY_COHORT,SUCCESS,reservation-no-show-v1.0,reservation-no-show-feature-v1.0,29,5
RES-ee93d2f8a8d0e9cb4492a5941f966935,2026-11-25 18:00:00,True,0.006318370935372038,26,False,LOW,TOP_15_PERCENT_DAILY_COHORT,SUCCESS,reservation-no-show-v1.0,reservation-no-show-feature-v1.0,29,5
RES-ace39dbcba6b904eccf69e41b4e77147,2026-12-12 18:00:00,True,0.007227511733649262,20,False,LOW,TOP_15_PERCENT_DAILY_COHORT,SUCCESS,reservation-no-show-v1.0,reservation-no-show-feature-v1.0,29,5
RES-02eedc3f21116d08e72ff9909dbb28ed,2026-07-28 18:00:00,True,0.007400803409364872,17,False,LOW,TOP_15_PERCENT_DAILY_COHORT,SUCCESS,reservation-no-show-v1.0,reservation-no-show-feature-v1.0,29,5
RES-363bc701ed794468716ca6592f491648,2026-08-14 18:00:00,True,0.02366336518498761,4,True,HIGH,TOP_15_PERCENT_DAILY_COHORT,SUCCESS,reservation-no-show-v1.0,reservation-no-show-feature-v1.0,29,5
RES-21bd2fadade8567622ff9b98eae4140e,2026-08-31 18:00:00,True,0.0048456254285311785,18,False,LOW,TOP_15_PERCENT_DAILY_COHORT,SUCCESS,reservation-no-show-v1.0,reservation-no-show-feature-v1.0,29,5
RES-e1a5763a14251e37fca9158ae22950e4,2026-09-17 18:00:00,True,0.005327443543024324,14,False,LOW,TOP_15_PERCENT_DAILY_COHORT,SUCCESS,reservation-no-show-v1.0,reservation-no-show-feature-v1.0,29,5
RES-712c83cbb36058491b54bd38ecef2904,2026-10-04 18:00:00,True,0.02398110637534115,7,False,LOW,TOP_15_PERCENT_DAILY_COHORT,SUCCESS,reservation-no-show-v1.0,reservation-no-show-feature-v1.0,29,5
RES-fb452227b5946b8b62df07938a594364,2026-10-21 18:00:00,True,0.008420103613710974,14,False,LOW,TOP_15_PERCENT_DAILY_COHORT,SUCCESS,reservation-no-show-v1.0,reservation-no-show-feature-v1.0,29,5
RES-24e53637821b09cf08c7af089354287b,2026-11-07 18:00:00,True,0.004056288931689668,25,False,LOW,TOP_15_PERCENT_DAILY_COHORT,SUCCESS,reservation-no-show-v1.0,reservation-no-show-feature-v1.0,29,5
RES-aa84022b09e18e40fb3594f552193396,2026-11-24 18:00:00,True,0.015825239464500353,7,False,LOW,TOP_15_PERCENT_DAILY_COHORT,SUCCESS,reservation-no-show-v1.0,reservation-no-show-feature-v1.0,29,5
RES-b2e08066e83f39e36e7258e2fcbfc4af,2026-12-11 18:00:00,True,0.00707043292227636,24,False,LOW,TOP_15_PERCENT_DAILY_COHORT,SUCCESS,reservation-no-show-v1.0,reservation-no-show-feature-v1.0,29,5
RES-28d8cb7d92a42ce6cb0edf0c6cfb9537,2026-08-13 18:00:00,True,0.007198701977023097,14,False,LOW,TOP_15_PERCENT_DAILY_COHORT,SUCCESS,reservation-no-show-v1.0,reservation-no-show-feature-v1.0,29,5
RES-6de6ae735025339833c45d327fd777b1,2026-08-30 18:00:00,True,0.021896048540709496,9,False,LOW,TOP_15_PERCENT_DAILY_COHORT,SUCCESS,reservation-no-show-v1.0,reservation-no-show-feature-v1.0,29,5
RES-3546abadc693f9918ca79e874f5d4ef1,2026-09-16 18:00:00,True,0.004295463993890856,24,False,LOW,TOP_15_PERCENT_DAILY_COHORT,SUCCESS,reservation-no-show-v1.0,reservation-no-show-feature-v1.0,29,5
RES-0a55a21c0c707ca45278779ae0269f67,2026-10-03 18:00:00,True,0.004471637984317481,25,False,LOW,TOP_15_PERCENT_DAILY_COHORT,SUCCESS,reservation-no-show-v1.0,reservation-no-show-feature-v1.0,29,5
RES-bf35f6c498bd049d248c7c9c2b9045dd,2026-10-20 18:00:00,True,0.025718517885886694,2,True,HIGH,TOP_15_PERCENT_DAILY_COHORT,SUCCESS,reservation-no-show-v1.0,reservation-no-show-feature-v1.0,29,5
RES-2f76121fa0c26aa5401f03f1680738f9,2026-11-06 18:00:00,True,0.0077810225318194585,18,False,LOW,TOP_15_PERCENT_DAILY_COHORT,SUCCESS,reservation-no-show-v1.0,reservation-no-show-feature-v1.0,29,5
RES-1a95248a4fb922fdc05891745248005f,2026-11-23 18:00:00,True,0.0045410006452492446,21,False,LOW,TOP_15_PERCENT_DAILY_COHORT,SUCCESS,reservation-no-show-v1.0,reservation-no-show-feature-v1.0,29,5
RES-1bbf7ecf98dc8a3aba425ae37054413e,2026-12-10 18:00:00,True,0.014001548441915408,10,False,LOW,TOP_15_PERCENT_DAILY_COHORT,SUCCESS,reservation-no-show-v1.0,reservation-no-show-feature-v1.0,29,5
RES-c6fca4f2fd8b308da597018922ed9ea9,2026-08-12 18:00:00,True,0.00473518725221237,21,False,LOW,TOP_15_PERCENT_DAILY_COHORT,SUCCESS,reservation-no-show-v1.0,reservation-no-show-feature-v1.0,29,5
RES-ee84d5044753cc1350e7b1bd3082ceb6,2026-08-29 18:00:00,True,0.00667301284437434,20,False,LOW,TOP_15_PERCENT_DAILY_COHORT,SUCCESS,reservation-no-show-v1.0,reservation-no-show-feature-v1.0,29,5
RES-144e8cfbbdb428de862b5fc8cf3d2034,2026-09-15 18:00:00,True,0.023412297628315783,9,False,LOW,TOP_15_PERCENT_DAILY_COHORT,SUCCESS,reservation-no-show-v1.0,reservation-no-show-feature-v1.0,29,5
RES-154e9f0847c7d2827cfc36db9b41ea5f,2026-10-02 18:00:00,True,0.0043680037802880595,25,False,LOW,TOP_15_PERCENT_DAILY_COHORT,SUCCESS,reservation-no-show-v1.0,reservation-no-show-feature-v1.0,29,5
RES-7ccb39e6693af0b73e5f7b81e008aba1,2026-10-19 18:00:00,True,0.005005732932892935,18,False,LOW,TOP_15_PERCENT_DAILY_COHORT,SUCCESS,reservation-no-show-v1.0,reservation-no-show-feature-v1.0,29,5
RES-441948a0a95405723bafdcd97fb7ab9a,2026-11-05 18:00:00,True,0.022781121727987498,6,False,LOW,TOP_15_PERCENT_DAILY_COHORT,SUCCESS,reservation-no-show-v1.0,reservation-no-show-feature-v1.0,29,5
RES-90d9d7f7ca7b3654ec903e2a0b7f1c10,2026-11-22 18:00:00,True,0.007913120970327005,19,False,LOW,TOP_15_PERCENT_DAILY_COHORT,SUCCESS,reservation-no-show-v1.0,reservation-no-show-feature-v1.0,29,5
RES-ba3e5f8ff706151e313fbc6d22a94147,2026-12-09 18:00:00,True,0.004416647327470467,20,False,LOW,TOP_15_PERCENT_DAILY_COHORT,SUCCESS,reservation-no-show-v1.0,reservation-no-show-feature-v1.0,29,5
RES-9ab55c896df307c81e1472e207e5365c,2026-08-11 18:00:00,True,0.014554112441465957,5,True,HIGH,TOP_15_PERCENT_DAILY_COHORT,SUCCESS,reservation-no-show-v1.0,reservation-no-show-feature-v1.0,29,5
RES-2d018ccc2fb736105572aa4b5b505957,2026-08-28 18:00:00,True,0.004830571824251446,26,False,LOW,TOP_15_PERCENT_DAILY_COHORT,SUCCESS,reservation-no-show-v1.0,reservation-no-show-feature-v1.0,29,5
RES-ff83845959b504c756dff49532d9cf7c,2026-09-14 18:00:00,True,0.00744423871595717,14,False,LOW,TOP_15_PERCENT_DAILY_COHORT,SUCCESS,reservation-no-show-v1.0,reservation-no-show-feature-v1.0,29,5
RES-bb8bd3968f2e9f8e518335916142c7cb,2026-10-01 18:00:00,True,0.025030856355386284,5,True,HIGH,TOP_15_PERCENT_DAILY_COHORT,SUCCESS,reservation-no-show-v1.0,reservation-no-show-feature-v1.0,29,5
RES-3e968d0248432502b6cef92c1a05d5a9,2026-10-18 18:00:00,True,0.004889781399620306,19,False,LOW,TOP_15_PERCENT_DAILY_COHORT,SUCCESS,reservation-no-show-v1.0,reservation-no-show-feature-v1.0,29,5
RES-e79d4d96862a9a871df1614a5de18a51,2026-11-04 18:00:00,True,0.0053587759976845215,16,False,LOW,TOP_15_PERCENT_DAILY_COHORT,SUCCESS,reservation-no-show-v1.0,reservation-no-show-feature-v1.0,29,5
RES-5b4a66b806a2b185d34033f2b62fd819,2026-11-21 18:00:00,True,0.023231534489259468,5,True,HIGH,TOP_15_PERCENT_DAILY_COHORT,SUCCESS,reservation-no-show-v1.0,reservation-no-show-feature-v1.0,29,5
RES-58ed18afd201fc7c06daff909e082d66,2026-12-08 18:00:00,True,0.009318570919161136,11,False,LOW,TOP_15_PERCENT_DAILY_COHORT,SUCCESS,reservation-no-show-v1.0,reservation-no-show-feature-v1.0,29,5
RES-8bd54ebb8a7c108a675b858dfd05290c,2026-08-10 18:00:00,True,0.007444858679592546,22,False,LOW,TOP_15_PERCENT_DAILY_COHORT,SUCCESS,reservation-no-show-v1.0,reservation-no-show-feature-v1.0,30,5
RES-6b31272375c4ad53130ffc47ca6b8a9d,2026-08-27 18:00:00,True,0.01498101083241571,6,False,LOW,TOP_15_PERCENT_DAILY_COHORT,SUCCESS,reservation-no-show-v1.0,reservation-no-show-feature-v1.0,30,5
RES-e446a787f0357997cfc0e09fa78a0e1d,2026-09-13 18:00:00,True,0.004897111735238382,23,False,LOW,TOP_15_PERCENT_DAILY_COHORT,SUCCESS,reservation-no-show-v1.0,reservation-no-show-feature-v1.0,30,5
RES-301f44bd9aa422a38dc1ae37ea1ca39c,2026-09-30 18:00:00,True,0.0072409598033237104,15,False,LOW,TOP_15_PERCENT_DAILY_COHORT,SUCCESS,reservation-no-show-v1.0,reservation-no-show-feature-v1.0,30,5
RES-88149895e904521e2ba78ef78dd73cdc,2026-10-17 18:00:00,True,0.0211434862582014,9,False,LOW,TOP_15_PERCENT_DAILY_COHORT,SUCCESS,reservation-no-show-v1.0,reservation-no-show-feature-v1.0,30,5
RES-a06dc815f20309720070b53a63ed562f,2026-11-03 18:00:00,True,0.006340712911097649,11,False,LOW,TOP_15_PERCENT_DAILY_COHORT,SUCCESS,reservation-no-show-v1.0,reservation-no-show-feature-v1.0,30,5
RES-988818db4d79e19312d2dc85be226a82,2026-11-20 18:00:00,True,0.006621360899441271,11,False,LOW,TOP_15_PERCENT_DAILY_COHORT,SUCCESS,reservation-no-show-v1.0,reservation-no-show-feature-v1.0,30,5
RES-78fa33581ed11eada24b5e470dae2752,2026-12-07 18:00:00,True,0.021428134241184373,6,False,LOW,TOP_15_PERCENT_DAILY_COHORT,SUCCESS,reservation-no-show-v1.0,reservation-no-show-feature-v1.0,30,5
RES-5e14f678eca49e4639a73d01a61d4364,2026-12-24 18:00:00,True,0.0068254424343003935,22,False,LOW,TOP_15_PERCENT_DAILY_COHORT,SUCCESS,reservation-no-show-v1.0,reservation-no-show-feature-v1.0,30,5
RES-ca0abec83905d3fb7b8ada098393e711,2026-08-09 18:00:00,True,0.007283090821437592,19,False,LOW,TOP_15_PERCENT_DAILY_COHORT,SUCCESS,reservation-no-show-v1.0,reservation-no-show-feature-v1.0,29,5
RES-1681b4b0434c2cd8ea8ab9e9e189cb94,2026-08-26 18:00:00,True,0.006601543810954467,29,False,LOW,TOP_15_PERCENT_DAILY_COHORT,SUCCESS,reservation-no-show-v1.0,reservation-no-show-feature-v1.0,29,5
RES-27d049d608fabfa200c945fe35ad9fcc,2026-09-12 18:00:00,True,0.015880200288767535,2,True,HIGH,TOP_15_PERCENT_DAILY_COHORT,SUCCESS,reservation-no-show-v1.0,reservation-no-show-feature-v1.0,29,5
RES-810f71558ded55d5d80900f922b81682,2026-09-29 18:00:00,True,0.0043411301611483944,29,False,LOW,TOP_15_PERCENT_DAILY_COHORT,SUCCESS,reservation-no-show-v1.0,reservation-no-show-feature-v1.0,29,5
RES-a6b4314a6ffa44c41aa4af26304e495f,2026-10-16 18:00:00,True,0.006712205633283534,20,False,LOW,TOP_15_PERCENT_DAILY_COHORT,SUCCESS,reservation-no-show-v1.0,reservation-no-show-feature-v1.0,29,5
RES-0132ec4dbcc23d55c28a13a765dde11b,2026-11-02 18:00:00,True,0.025868772480512583,5,True,HIGH,TOP_15_PERCENT_DAILY_COHORT,SUCCESS,reservation-no-show-v1.0,reservation-no-show-feature-v1.0,29,5
RES-1b1b79ed6aa0ce6f4b7ff4c117acb595,2026-11-19 18:00:00,True,0.0046405607581911056,19,False,LOW,TOP_15_PERCENT_DAILY_COHORT,SUCCESS,reservation-no-show-v1.0,reservation-no-show-feature-v1.0,29,5
RES-8d9861e5aafdc9e3231526f22a626be6,2026-12-06 18:00:00,True,0.005035182879249471,23,False,LOW,TOP_15_PERCENT_DAILY_COHORT,SUCCESS,reservation-no-show-v1.0,reservation-no-show-feature-v1.0,29,5
RES-38d327a145c811a58ba7cf69f60a6618,2026-12-23 18:00:00,True,0.020916863376118987,5,True,HIGH,TOP_15_PERCENT_DAILY_COHORT,SUCCESS,reservation-no-show-v1.0,reservation-no-show-feature-v1.0,29,5
RES-c72af8ca5cea2a3072e1f5b7e48a429f,2026-08-04 18:00:00,True,0.0054772997839289995,15,False,LOW,TOP_15_PERCENT_DAILY_COHORT,SUCCESS,reservation-no-show-v1.0,reservation-no-show-feature-v1.0,29,5
RES-7e341a3bedd514954af03d529249d814,2026-08-08 18:00:00,True,0.014463366926262352,9,False,LOW,TOP_15_PERCENT_DAILY_COHORT,SUCCESS,reservation-no-show-v1.0,reservation-no-show-feature-v1.0,29,5
RES-436ab7acd1642b3b95ea7f1b242485d8,2026-08-25 18:00:00,True,0.007820438074627832,13,False,LOW,TOP_15_PERCENT_DAILY_COHORT,SUCCESS,reservation-no-show-v1.0,reservation-no-show-feature-v1.0,29,5
RES-5c8e518419d477147961fafc9b58a69d,2026-09-11 18:00:00,True,0.00738706068358771,17,False,LOW,TOP_15_PERCENT_DAILY_COHORT,SUCCESS,reservation-no-show-v1.0,reservation-no-show-feature-v1.0,29,5
RES-2df7ceb492c2487768ccfcddeb2b535d,2026-09-28 18:00:00,True,0.014685431888248586,5,True,HIGH,TOP_15_PERCENT_DAILY_COHORT,SUCCESS,reservation-no-show-v1.0,reservation-no-show-feature-v1.0,29,5
RES-eddbf00108af7690ec2c0a826f8451ed,2026-10-15 18:00:00,True,0.00422222699399914,28,False,LOW,TOP_15_PERCENT_DAILY_COHORT,SUCCESS,reservation-no-show-v1.0,reservation-no-show-feature-v1.0,29,5
RES-b7e97f0d8287094a95e826e7cfc35948,2026-11-01 18:00:00,True,0.006183038136529334,27,False,LOW,TOP_15_PERCENT_DAILY_COHORT,SUCCESS,reservation-no-show-v1.0,reservation-no-show-feature-v1.0,29,5
RES-83509368cea40b6567219573479495b2,2026-11-18 18:00:00,True,0.036699981802761406,1,True,HIGH,TOP_15_PERCENT_DAILY_COHORT,SUCCESS,reservation-no-show-v1.0,reservation-no-show-feature-v1.0,29,5
RES-a63e98c82d8933a4fed3e0ac0192b029,2026-12-05 18:00:00,True,0.004287104568283302,26,False,LOW,TOP_15_PERCENT_DAILY_COHORT,SUCCESS,reservation-no-show-v1.0,reservation-no-show-feature-v1.0,29,5
RES-c9d170ec595c74c5745519a81618c326,2026-12-22 18:00:00,True,0.005407582665948542,15,False,LOW,TOP_15_PERCENT_DAILY_COHORT,SUCCESS,reservation-no-show-v1.0,reservation-no-show-feature-v1.0,29,5
RES-6fc0187bfdf9523b770ce070138f5e3e,2026-08-07 18:00:00,True,0.0050233095608139145,18,False,LOW,TOP_15_PERCENT_DAILY_COHORT,SUCCESS,reservation-no-show-v1.0,reservation-no-show-feature-v1.0,29,5
RES-3b0fc14cfa7f5e27c78b3e62eca9c9a3,2026-08-24 18:00:00,True,0.019542926477608885,2,True,HIGH,TOP_15_PERCENT_DAILY_COHORT,SUCCESS,reservation-no-show-v1.0,reservation-no-show-feature-v1.0,29,5
RES-e1655035b519f2a57f1faa0f7566011b,2026-09-10 18:00:00,True,0.006281463217633407,24,False,LOW,TOP_15_PERCENT_DAILY_COHORT,SUCCESS,reservation-no-show-v1.0,reservation-no-show-feature-v1.0,29,5
RES-679d641eb7b9f594f5ec3cdf65963384,2026-09-27 18:00:00,True,0.006826852454751524,26,False,LOW,TOP_15_PERCENT_DAILY_COHORT,SUCCESS,reservation-no-show-v1.0,reservation-no-show-feature-v1.0,29,5
RES-9e799fc076d78173abb576c3cad3f490,2026-10-14 18:00:00,True,0.012991357738041621,10,False,LOW,TOP_15_PERCENT_DAILY_COHORT,SUCCESS,reservation-no-show-v1.0,reservation-no-show-feature-v1.0,29,5
RES-7f7c587f437235b56f19ae4420a1920e,2026-10-31 18:00:00,True,0.005201744451129546,15,False,LOW,TOP_15_PERCENT_DAILY_COHORT,SUCCESS,reservation-no-show-v1.0,reservation-no-show-feature-v1.0,29,5
RES-5d60dc4e8eea1c9bf07c41fedfbf33d6,2026-11-17 18:00:00,True,0.007306783096361508,16,False,LOW,TOP_15_PERCENT_DAILY_COHORT,SUCCESS,reservation-no-show-v1.0,reservation-no-show-feature-v1.0,29,5
RES-b4f86ea582841b9d78f0d4066d6878b5,2026-12-04 18:00:00,True,0.040919385100091084,1,True,HIGH,TOP_15_PERCENT_DAILY_COHORT,SUCCESS,reservation-no-show-v1.0,reservation-no-show-feature-v1.0,29,5
RES-73b44dfc329ba0962b450a07ae601db1,2026-12-21 18:00:00,True,0.004360147408777873,24,False,LOW,TOP_15_PERCENT_DAILY_COHORT,SUCCESS,reservation-no-show-v1.0,reservation-no-show-feature-v1.0,29,5
RES-f07a66121ba4eeba963c1c6bf131e664,2026-08-06 18:00:00,True,0.0076075984752225784,16,False,LOW,TOP_15_PERCENT_DAILY_COHORT,SUCCESS,reservation-no-show-v1.0,reservation-no-show-feature-v1.0,29,5
RES-781fdfe36db6cb423b2f0c93cb15e09c,2026-08-23 18:00:00,True,0.005108831358906059,18,False,LOW,TOP_15_PERCENT_DAILY_COHORT,SUCCESS,reservation-no-show-v1.0,reservation-no-show-feature-v1.0,29,5
RES-3216f02ae66c59f052e147a714ee1364,2026-09-09 18:00:00,True,0.01430848053428942,8,False,LOW,TOP_15_PERCENT_DAILY_COHORT,SUCCESS,reservation-no-show-v1.0,reservation-no-show-feature-v1.0,29,5
RES-ee9914cc6580fd6ae300f6df52290e3f,2026-09-26 18:00:00,True,0.007051674056981881,17,False,LOW,TOP_15_PERCENT_DAILY_COHORT,SUCCESS,reservation-no-show-v1.0,reservation-no-show-feature-v1.0,29,5
RES-b24059340adadb615d8451625f003503,2026-10-13 18:00:00,True,0.007307391696833929,25,False,LOW,TOP_15_PERCENT_DAILY_COHORT,SUCCESS,reservation-no-show-v1.0,reservation-no-show-feature-v1.0,29,5
RES-48f0458e1a88dfba2d6b1baa4a59dee7,2026-10-30 18:00:00,True,0.014572247141670604,6,False,LOW,TOP_15_PERCENT_DAILY_COHORT,SUCCESS,reservation-no-show-v1.0,reservation-no-show-feature-v1.0,29,5
RES-a81e5714a4811324f46f0a6646c91832,2026-11-16 18:00:00,True,0.006407982704933025,11,False,LOW,TOP_15_PERCENT_DAILY_COHORT,SUCCESS,reservation-no-show-v1.0,reservation-no-show-feature-v1.0,29,5
RES-e55a7a5b97da48c5c16cb72d4491b8cc,2026-12-03 18:00:00,True,0.010416245237608535,11,False,LOW,TOP_15_PERCENT_DAILY_COHORT,SUCCESS,reservation-no-show-v1.0,reservation-no-show-feature-v1.0,29,5
RES-bf746bfeeb6f0e32d52e2d6132ab76ca,2026-12-20 18:00:00,True,0.02609947845118605,5,True,HIGH,TOP_15_PERCENT_DAILY_COHORT,SUCCESS,reservation-no-show-v1.0,reservation-no-show-feature-v1.0,29,5
RES-9c5856984e9c528b1702421a669193ca,2026-08-05 18:00:00,True,0.023275970150203197,4,True,HIGH,TOP_15_PERCENT_DAILY_COHORT,SUCCESS,reservation-no-show-v1.0,reservation-no-show-feature-v1.0,29,5
RES-564b6812048d42584f63131242e8014d,2026-08-22 18:00:00,True,0.007760393105925795,16,False,LOW,TOP_15_PERCENT_DAILY_COHORT,SUCCESS,reservation-no-show-v1.0,reservation-no-show-feature-v1.0,29,5
RES-854dcae5cc8e7881488f1b91de0a0ec0,2026-09-08 18:00:00,True,0.004514427974013743,15,False,LOW,TOP_15_PERCENT_DAILY_COHORT,SUCCESS,reservation-no-show-v1.0,reservation-no-show-feature-v1.0,29,5
RES-af4d5206b610f3d5cd75305c6608b127,2026-09-25 18:00:00,True,0.01604704184202441,7,False,LOW,TOP_15_PERCENT_DAILY_COHORT,SUCCESS,reservation-no-show-v1.0,reservation-no-show-feature-v1.0,29,5
RES-11367b22854dd633d59f6308117a3d8d,2026-10-12 18:00:00,True,0.0071485893185459625,14,False,LOW,TOP_15_PERCENT_DAILY_COHORT,SUCCESS,reservation-no-show-v1.0,reservation-no-show-feature-v1.0,29,5
RES-c2b8365f49be389dabece4cb5e80ae70,2026-10-29 18:00:00,True,0.0071305838087806364,22,False,LOW,TOP_15_PERCENT_DAILY_COHORT,SUCCESS,reservation-no-show-v1.0,reservation-no-show-feature-v1.0,29,5
RES-a76fd97ee7baf695563c1e1e3fdf643a,2026-11-15 18:00:00,True,0.016241490837331566,5,True,HIGH,TOP_15_PERCENT_DAILY_COHORT,SUCCESS,reservation-no-show-v1.0,reservation-no-show-feature-v1.0,29,5
RES-a2d062ac9c1a1dee5b18368ebbafff05,2026-12-02 18:00:00,True,0.004674871618287742,28,False,LOW,TOP_15_PERCENT_DAILY_COHORT,SUCCESS,reservation-no-show-v1.0,reservation-no-show-feature-v1.0,29,5
RES-d0d20d68882433d73339afd531be6f18,2026-12-19 18:00:00,True,0.00797788144558298,13,False,LOW,TOP_15_PERCENT_DAILY_COHORT,SUCCESS,reservation-no-show-v1.0,reservation-no-show-feature-v1.0,29,5
RES-0066060c368f1d8ece630909e3ba8a46,2026-08-21 18:00:00,True,0.01965564488957116,8,False,LOW,TOP_15_PERCENT_DAILY_COHORT,SUCCESS,reservation-no-show-v1.0,reservation-no-show-feature-v1.0,29,5
RES-7b4fa28994fee3f6675ef9d61ecde36b,2026-09-07 18:00:00,True,0.0064964605481818444,29,False,LOW,TOP_15_PERCENT_DAILY_COHORT,SUCCESS,reservation-no-show-v1.0,reservation-no-show-feature-v1.0,29,5
RES-99e54be35815b02bf102c88c5ef6066d,2026-09-24 18:00:00,True,0.006463940015654064,11,False,LOW,TOP_15_PERCENT_DAILY_COHORT,SUCCESS,reservation-no-show-v1.0,reservation-no-show-feature-v1.0,29,5
RES-965a904709f5d8675b65ba8a36b3230c,2026-10-11 18:00:00,True,0.016265560510627844,8,False,LOW,TOP_15_PERCENT_DAILY_COHORT,SUCCESS,reservation-no-show-v1.0,reservation-no-show-feature-v1.0,29,5
RES-dd6d8a35b39281d4bbacfd7d8de184a8,2026-10-28 18:00:00,True,0.006975596774616463,14,False,LOW,TOP_15_PERCENT_DAILY_COHORT,SUCCESS,reservation-no-show-v1.0,reservation-no-show-feature-v1.0,29,5
RES-19bbd6c22204299e4fce1b3e7c059800,2026-11-14 18:00:00,True,0.008778864722845859,12,False,LOW,TOP_15_PERCENT_DAILY_COHORT,SUCCESS,reservation-no-show-v1.0,reservation-no-show-feature-v1.0,29,5
RES-575306b8e2de9dd96679dca72cc64a59,2026-12-01 18:00:00,True,0.014370531676289057,5,True,HIGH,TOP_15_PERCENT_DAILY_COHORT,SUCCESS,reservation-no-show-v1.0,reservation-no-show-feature-v1.0,29,5
RES-b3c888a06d5be5b0ed4ffc98d699c845,2026-12-18 18:00:00,True,0.0052491284550470136,17,False,LOW,TOP_15_PERCENT_DAILY_COHORT,SUCCESS,reservation-no-show-v1.0,reservation-no-show-feature-v1.0,29,5
RES-24770f6528be473cb62082bc12268631,2026-08-03 18:00:00,True,0.004416420458861739,25,False,LOW,TOP_15_PERCENT_DAILY_COHORT,SUCCESS,reservation-no-show-v1.0,reservation-no-show-feature-v1.0,29,5
RES-9d40a55016b8c9fc599e48357ebcbfab,2026-08-20 18:00:00,True,0.006473614841386174,15,False,LOW,TOP_15_PERCENT_DAILY_COHORT,SUCCESS,reservation-no-show-v1.0,reservation-no-show-feature-v1.0,29,5
RES-2c6620db30391856a5ecd95784c713cf,2026-09-06 18:00:00,True,0.03684874618424383,1,True,HIGH,TOP_15_PERCENT_DAILY_COHORT,SUCCESS,reservation-no-show-v1.0,reservation-no-show-feature-v1.0,29,5
RES-341ff46fccb675a48343d4ec23718057,2026-09-23 18:00:00,True,0.006339148458103697,26,False,LOW,TOP_15_PERCENT_DAILY_COHORT,SUCCESS,reservation-no-show-v1.0,reservation-no-show-feature-v1.0,29,5
RES-80b17a1250a00f253d05235d78a271ed,2026-10-10 18:00:00,True,0.004069318171460349,28,False,LOW,TOP_15_PERCENT_DAILY_COHORT,SUCCESS,reservation-no-show-v1.0,reservation-no-show-feature-v1.0,29,5
RES-6aab30ec5815ba3954b9861a516c0798,2026-10-27 18:00:00,True,0.02317156547229615,2,True,HIGH,TOP_15_PERCENT_DAILY_COHORT,SUCCESS,reservation-no-show-v1.0,reservation-no-show-feature-v1.0,29,5
RES-1db5234501e6720c7f78aaabacb690d8,2026-11-13 18:00:00,True,0.0064454402803534785,27,False,LOW,TOP_15_PERCENT_DAILY_COHORT,SUCCESS,reservation-no-show-v1.0,reservation-no-show-feature-v1.0,29,5
RES-e86c8419f9e6800a14bd10999715d26a,2026-11-30 18:00:00,True,0.008899305021133345,14,False,LOW,TOP_15_PERCENT_DAILY_COHORT,SUCCESS,reservation-no-show-v1.0,reservation-no-show-feature-v1.0,29,5
RES-cdcdb803db52bf20327d2a9810165def,2026-12-17 18:00:00,True,0.020488705950961722,1,True,HIGH,TOP_15_PERCENT_DAILY_COHORT,SUCCESS,reservation-no-show-v1.0,reservation-no-show-feature-v1.0,29,5
RES-afa372fa7f9f80e85a134773abd44b01,2026-08-02 18:00:00,True,0.024058560302430355,4,True,HIGH,TOP_15_PERCENT_DAILY_COHORT,SUCCESS,reservation-no-show-v1.0,reservation-no-show-feature-v1.0,29,5
RES-73fc2f8ad342cc4445a9807a0561f2b7,2026-08-19 18:00:00,True,0.004309258165791185,23,False,LOW,TOP_15_PERCENT_DAILY_COHORT,SUCCESS,reservation-no-show-v1.0,reservation-no-show-feature-v1.0,29,5
RES-f979a966abdc96984af7c62014619192,2026-09-05 18:00:00,True,0.00493772444584224,22,False,LOW,TOP_15_PERCENT_DAILY_COHORT,SUCCESS,reservation-no-show-v1.0,reservation-no-show-feature-v1.0,29,5
RES-0ddcd9c1db10e1b4cf1481f17e80ab35,2026-09-22 18:00:00,True,0.02579932608809002,1,True,HIGH,TOP_15_PERCENT_DAILY_COHORT,SUCCESS,reservation-no-show-v1.0,reservation-no-show-feature-v1.0,29,5
RES-71c7f20d987fe4248d030d99a9cbf4f9,2026-10-09 18:00:00,True,0.006445977603261389,27,False,LOW,TOP_15_PERCENT_DAILY_COHORT,SUCCESS,reservation-no-show-v1.0,reservation-no-show-feature-v1.0,29,5
RES-433e10d854d51b155777c58cdeaaad8d,2026-10-26 18:00:00,True,0.004138665833421162,27,False,LOW,TOP_15_PERCENT_DAILY_COHORT,SUCCESS,reservation-no-show-v1.0,reservation-no-show-feature-v1.0,29,5
RES-9419b483972b99ef3791504dc66c6918,2026-11-12 18:00:00,True,0.01698204609995521,5,True,HIGH,TOP_15_PERCENT_DAILY_COHORT,SUCCESS,reservation-no-show-v1.0,reservation-no-show-feature-v1.0,29,5
RES-0ad6229f382b89ce39b8bd61267dc891,2026-11-29 18:00:00,True,0.007937779288850656,12,False,LOW,TOP_15_PERCENT_DAILY_COHORT,SUCCESS,reservation-no-show-v1.0,reservation-no-show-feature-v1.0,29,5
RES-77c8f9256634779b99e1e2cd6787fa1e,2026-12-16 18:00:00,True,0.006517610674327903,28,False,LOW,TOP_15_PERCENT_DAILY_COHORT,SUCCESS,reservation-no-show-v1.0,reservation-no-show-feature-v1.0,29,5
RES-7c7325545e3588731fb541fe7a2b154a,2026-08-01 18:00:00,True,0.00667301284437434,22,False,LOW,TOP_15_PERCENT_DAILY_COHORT,SUCCESS,reservation-no-show-v1.0,reservation-no-show-feature-v1.0,29,5
RES-5c7d503ecaaa2c51e0eaa5f1241bc856,2026-08-18 18:00:00,True,0.025801434945077445,3,True,HIGH,TOP_15_PERCENT_DAILY_COHORT,SUCCESS,reservation-no-show-v1.0,reservation-no-show-feature-v1.0,29,5
RES-2626bceef6c62fcce35e26c5b1bf1ec9,2026-09-04 18:00:00,True,0.00438202987651471,24,False,LOW,TOP_15_PERCENT_DAILY_COHORT,SUCCESS,reservation-no-show-v1.0,reservation-no-show-feature-v1.0,29,5
RES-184f570cd2641e3ed45dc22e8137bc4d,2026-09-21 18:00:00,True,0.005021796512286192,20,False,LOW,TOP_15_PERCENT_DAILY_COHORT,SUCCESS,reservation-no-show-v1.0,reservation-no-show-feature-v1.0,29,5
RES-4082a2445073dc8a6d30cabf43c58fe9,2026-10-08 18:00:00,True,0.022852917046469395,2,True,HIGH,TOP_15_PERCENT_DAILY_COHORT,SUCCESS,reservation-no-show-v1.0,reservation-no-show-feature-v1.0,29,5
RES-ed9fe9d20ea3291aa5d63c716273f8c5,2026-10-25 18:00:00,True,0.006555560728130974,28,False,LOW,TOP_15_PERCENT_DAILY_COHORT,SUCCESS,reservation-no-show-v1.0,reservation-no-show-feature-v1.0,29,5
RES-7c1f09f5423a28f46178d2947b8c8e63,2026-11-11 18:00:00,True,0.004430828927854897,22,False,LOW,TOP_15_PERCENT_DAILY_COHORT,SUCCESS,reservation-no-show-v1.0,reservation-no-show-feature-v1.0,29,5
RES-4e46676835930886b93d5457fd7cb457,2026-11-28 18:00:00,True,0.015753259205170216,7,False,LOW,TOP_15_PERCENT_DAILY_COHORT,SUCCESS,reservation-no-show-v1.0,reservation-no-show-feature-v1.0,29,5
RES-640e7ec6d640f85fec29e53e07345c1b,2026-12-15 18:00:00,True,0.007721128162875898,14,False,LOW,TOP_15_PERCENT_DAILY_COHORT,SUCCESS,reservation-no-show-v1.0,reservation-no-show-feature-v1.0,29,5
RES-eafe7143a92e0f11c11bf4082a296426,2026-07-31 18:00:00,True,0.004388602392063097,29,False,LOW,TOP_15_PERCENT_DAILY_COHORT,SUCCESS,reservation-no-show-v1.0,reservation-no-show-feature-v1.0,29,5
RES-ec40fc32473de0c62ee648737c90163c,2026-08-17 18:00:00,True,0.007468068815729564,13,False,LOW,TOP_15_PERCENT_DAILY_COHORT,SUCCESS,reservation-no-show-v1.0,reservation-no-show-feature-v1.0,29,5
RES-393ac2b990870ef2ad7f4afab28a544a,2026-09-03 18:00:00,True,0.030287035727172652,1,True,HIGH,TOP_15_PERCENT_DAILY_COHORT,SUCCESS,reservation-no-show-v1.0,reservation-no-show-feature-v1.0,29,5
RES-e9a3aabbc818b3226147b6483012f566,2026-09-20 18:00:00,True,0.004048782876044451,26,False,LOW,TOP_15_PERCENT_DAILY_COHORT,SUCCESS,reservation-no-show-v1.0,reservation-no-show-feature-v1.0,29,5
RES-24eb1ecfae1510fbeb696d59b870ddcd,2026-10-07 18:00:00,True,0.0053759663839133935,14,False,LOW,TOP_15_PERCENT_DAILY_COHORT,SUCCESS,reservation-no-show-v1.0,reservation-no-show-feature-v1.0,29,5
RES-8f3c6c8dc315ace39ccdb25c7093fe30,2026-10-24 18:00:00,True,0.02560270919926173,2,True,HIGH,TOP_15_PERCENT_DAILY_COHORT,SUCCESS,reservation-no-show-v1.0,reservation-no-show-feature-v1.0,29,5
RES-dbdc95cf695ba911792a2eaec682f346,2026-11-10 18:00:00,True,0.00637639293961072,27,False,LOW,TOP_15_PERCENT_DAILY_COHORT,SUCCESS,reservation-no-show-v1.0,reservation-no-show-feature-v1.0,29,5
RES-49a43ff8bee304244b39f7e517f0d5bb,2026-11-27 18:00:00,True,0.004520110416969211,20,False,LOW,TOP_15_PERCENT_DAILY_COHORT,SUCCESS,reservation-no-show-v1.0,reservation-no-show-feature-v1.0,29,5
RES-3f3e6ab6eaa1a3d07acb9bddac49e28f,2026-12-14 18:00:00,True,0.019297650743560338,3,True,HIGH,TOP_15_PERCENT_DAILY_COHORT,SUCCESS,reservation-no-show-v1.0,reservation-no-show-feature-v1.0,29,5
RES-3ad70e12e79c7d2ca63ea14370895a62,2026-07-30 18:00:00,True,0.017227413019629285,2,True,HIGH,TOP_15_PERCENT_DAILY_COHORT,SUCCESS,reservation-no-show-v1.0,reservation-no-show-feature-v1.0,29,5
RES-78bea41d4e6957eb78e1bae9bf40df5b,2026-08-16 18:00:00,True,0.007207580381687881,10,False,LOW,TOP_15_PERCENT_DAILY_COHORT,SUCCESS,reservation-no-show-v1.0,reservation-no-show-feature-v1.0,29,5
RES-ea60e0ba680629b7b2f4c8beab5d0e7b,2026-09-02 18:00:00,True,0.007264143939904476,18,False,LOW,TOP_15_PERCENT_DAILY_COHORT,SUCCESS,reservation-no-show-v1.0,reservation-no-show-feature-v1.0,29,5
RES-3c3b9160fdabc7e4b4397def28d05348,2026-09-19 18:00:00,True,0.021210232543447036,9,False,LOW,TOP_15_PERCENT_DAILY_COHORT,SUCCESS,reservation-no-show-v1.0,reservation-no-show-feature-v1.0,29,5
RES-91cbc8dba07906fc95c79782afb2b957,2026-10-06 18:00:00,True,0.0047711882780563965,23,False,LOW,TOP_15_PERCENT_DAILY_COHORT,SUCCESS,reservation-no-show-v1.0,reservation-no-show-feature-v1.0,29,5
RES-62fd1e1abac2d1cb2ad32c32bdda5d4d,2026-10-23 18:00:00,True,0.004982715471068861,22,False,LOW,TOP_15_PERCENT_DAILY_COHORT,SUCCESS,reservation-no-show-v1.0,reservation-no-show-feature-v1.0,29,5
RES-be98c93aeae88b934f71ae0721884469,2026-11-09 18:00:00,True,0.023619692196321703,4,True,HIGH,TOP_15_PERCENT_DAILY_COHORT,SUCCESS,reservation-no-show-v1.0,reservation-no-show-feature-v1.0,29,5
RES-2828a2d558eed74f9c6f4f87d89d456d,2026-11-26 18:00:00,True,0.00829121381179185,12,False,LOW,TOP_15_PERCENT_DAILY_COHORT,SUCCESS,reservation-no-show-v1.0,reservation-no-show-feature-v1.0,29,5
RES-f67eb893d47930f9ba2b45dba3ed6a14,2026-12-13 18:00:00,True,0.0041630359559737306,26,False,LOW,TOP_15_PERCENT_DAILY_COHORT,SUCCESS,reservation-no-show-v1.0,reservation-no-show-feature-v1.0,29,5
RES-bccd1dce9f7de35d93abaffea58099e7,2026-07-29 18:00:00,True,0.006622694320065838,26,False,LOW,TOP_15_PERCENT_DAILY_COHORT,SUCCESS,reservation-no-show-v1.0,reservation-no-show-feature-v1.0,29,5
RES-ae3f93a792e2ce153f2f45c00ec393b0,2026-08-15 18:00:00,True,0.014487828725237068,7,False,LOW,TOP_15_PERCENT_DAILY_COHORT,SUCCESS,reservation-no-show-v1.0,reservation-no-show-feature-v1.0,29,5
RES-98a0b1d74564807f8a11287b6aefc938,2026-09-01 18:00:00,True,0.0047783416828554035,25,False,LOW,TOP_15_PERCENT_DAILY_COHORT,SUCCESS,reservation-no-show-v1.0,reservation-no-show-feature-v1.0,29,5
RES-d5b953aef17896eaf8da30ef5fdb1fd2,2026-09-18 18:00:00,True,0.006733708285560988,20,False,LOW,TOP_15_PERCENT_DAILY_COHORT,SUCCESS,reservation-no-show-v1.0,reservation-no-show-feature-v1.0,29,5
RES-291bc0fbb853ff3e11e7dbc97feb04a6,2026-10-05 18:00:00,True,0.025950040211764846,7,False,LOW,TOP_15_PERCENT_DAILY_COHORT,SUCCESS,reservation-no-show-v1.0,reservation-no-show-feature-v1.0,29,5
RES-fa23046abca1da51e8e2d277da8d2cd5,2026-10-22 18:00:00,True,0.004229442351526366,25,False,LOW,TOP_15_PERCENT_DAILY_COHORT,SUCCESS,reservation-no-show-v1.0,reservation-no-show-feature-v1.0,29,5
RES-66a781c9495a79da0d12b840fb7e0957,2026-11-08 18:00:00,True,0.005559680548997125,16,False,LOW,TOP_15_PERCENT_DAILY_COHORT,SUCCESS,reservation-no-show-v1.0,reservation-no-show-feature-v1.0,29,5
RES-309ebc019f6fd83b3d420ea1c65fbc24,2026-11-25 18:00:00,True,0.01909144566978123,9,False,LOW,TOP_15_PERCENT_DAILY_COHORT,SUCCESS,reservation-no-show-v1.0,reservation-no-show-feature-v1.0,29,5
RES-1a53e18a78fc380d15e6df1a716e6225,2026-12-12 18:00:00,True,0.006326837078966969,25,False,LOW,TOP_15_PERCENT_DAILY_COHORT,SUCCESS,reservation-no-show-v1.0,reservation-no-show-feature-v1.0,29,5
RES-3d12dd4ad85c1d8d5f4147d36c6f5d01,2026-07-28 18:00:00,True,0.006478674500914219,27,False,LOW,TOP_15_PERCENT_DAILY_COHORT,SUCCESS,reservation-no-show-v1.0,reservation-no-show-feature-v1.0,29,5
RES-fd45a2ce45e5be7c864e2c922a6429f6,2026-08-14 18:00:00,True,0.008972350631270989,13,False,LOW,TOP_15_PERCENT_DAILY_COHORT,SUCCESS,reservation-no-show-v1.0,reservation-no-show-feature-v1.0,29,5
RES-54cea75e6553ab944be0698274ec5bf5,2026-08-31 18:00:00,True,0.01614756079050066,4,True,HIGH,TOP_15_PERCENT_DAILY_COHORT,SUCCESS,reservation-no-show-v1.0,reservation-no-show-feature-v1.0,29,5
RES-c8c9cf91b6b028059b6298697e068bee,2026-09-17 18:00:00,True,0.005131843591074755,20,False,LOW,TOP_15_PERCENT_DAILY_COHORT,SUCCESS,reservation-no-show-v1.0,reservation-no-show-feature-v1.0,29,5
RES-e9540b7650c53a1bf1d0965dd7a69b62,2026-10-04 18:00:00,True,0.006826283601063676,24,False,LOW,TOP_15_PERCENT_DAILY_COHORT,SUCCESS,reservation-no-show-v1.0,reservation-no-show-feature-v1.0,29,5
RES-913631488f190dc0ecbe0eed70e8816e,2026-10-21 18:00:00,True,0.02533367074836862,5,True,HIGH,TOP_15_PERCENT_DAILY_COHORT,SUCCESS,reservation-no-show-v1.0,reservation-no-show-feature-v1.0,29,5
RES-f53ba1ce16791bccd2e4c016253c58fa,2026-11-07 18:00:00,True,0.004300872011226031,19,False,LOW,TOP_15_PERCENT_DAILY_COHORT,SUCCESS,reservation-no-show-v1.0,reservation-no-show-feature-v1.0,29,5
RES-471b3b9c0cfe8c49ab8ee134383ee43f,2026-11-24 18:00:00,True,0.004477927722079296,28,False,LOW,TOP_15_PERCENT_DAILY_COHORT,SUCCESS,reservation-no-show-v1.0,reservation-no-show-feature-v1.0,29,5
RES-3be725f9bd0b0520f0c01103b720eca0,2026-12-11 18:00:00,True,0.021331221869224707,6,False,LOW,TOP_15_PERCENT_DAILY_COHORT,SUCCESS,reservation-no-show-v1.0,reservation-no-show-feature-v1.0,29,5
RES-480080bf3b4f40013847e510752a3cdd,2026-10-31 18:00:00,True,0.01731983560886393,3,True,HIGH,TOP_15_PERCENT_DAILY_COHORT,SUCCESS,reservation-no-show-v1.0,reservation-no-show-feature-v1.0,29,5
RES-2832b02f424e5b3b4f383476545b936b,2026-08-13 18:00:00,True,0.006934876773754703,17,False,LOW,TOP_15_PERCENT_DAILY_COHORT,SUCCESS,reservation-no-show-v1.0,reservation-no-show-feature-v1.0,29,5
RES-46488876207e3eb482807636f91a1e0d,2026-08-30 18:00:00,True,0.008292924107324443,16,False,LOW,TOP_15_PERCENT_DAILY_COHORT,SUCCESS,reservation-no-show-v1.0,reservation-no-show-feature-v1.0,29,5
RES-c780854fa9502397b1a7b677fa44c8c1,2026-09-16 18:00:00,True,0.015116123030870315,8,False,LOW,TOP_15_PERCENT_DAILY_COHORT,SUCCESS,reservation-no-show-v1.0,reservation-no-show-feature-v1.0,29,5
RES-2d8d253e24900eb35f4686970e20d8f5,2026-10-03 18:00:00,True,0.004307323326404034,27,False,LOW,TOP_15_PERCENT_DAILY_COHORT,SUCCESS,reservation-no-show-v1.0,reservation-no-show-feature-v1.0,29,5
RES-2d9fd530809630b9b03f1c9011941c13,2026-10-20 18:00:00,True,0.00806598727074308,14,False,LOW,TOP_15_PERCENT_DAILY_COHORT,SUCCESS,reservation-no-show-v1.0,reservation-no-show-feature-v1.0,29,5
RES-6edfc2003597421cd8f0b1bab584456f,2026-11-06 18:00:00,True,0.023441207242540802,7,False,LOW,TOP_15_PERCENT_DAILY_COHORT,SUCCESS,reservation-no-show-v1.0,reservation-no-show-feature-v1.0,29,5
RES-e6ed8246661da7ed716ca7c02a4acbd1,2026-11-23 18:00:00,True,0.006418909219399364,10,False,LOW,TOP_15_PERCENT_DAILY_COHORT,SUCCESS,reservation-no-show-v1.0,reservation-no-show-feature-v1.0,29,5
RES-43787efde91e8c9826067b12415f5eaf,2026-12-10 18:00:00,True,0.005276497767361063,15,False,LOW,TOP_15_PERCENT_DAILY_COHORT,SUCCESS,reservation-no-show-v1.0,reservation-no-show-feature-v1.0,29,5
RES-156ab75742e857587251943d0d2c6eb9,2026-08-12 18:00:00,True,0.01907575945187335,2,True,HIGH,TOP_15_PERCENT_DAILY_COHORT,SUCCESS,reservation-no-show-v1.0,reservation-no-show-feature-v1.0,29,5
RES-867832006901a9a1621bd883d32ff198,2026-08-29 18:00:00,True,0.005841031915897434,26,False,LOW,TOP_15_PERCENT_DAILY_COHORT,SUCCESS,reservation-no-show-v1.0,reservation-no-show-feature-v1.0,29,5
RES-a5dab90e4c267052466b1675a08bdf9d,2026-09-15 18:00:00,True,0.00806665859339608,17,False,LOW,TOP_15_PERCENT_DAILY_COHORT,SUCCESS,reservation-no-show-v1.0,reservation-no-show-feature-v1.0,29,5
RES-2dc626156527bd385504772ee5fe238f,2026-10-02 18:00:00,True,0.013250838556859238,7,False,LOW,TOP_15_PERCENT_DAILY_COHORT,SUCCESS,reservation-no-show-v1.0,reservation-no-show-feature-v1.0,29,5
RES-0f751edefac64f866d0146f3533277c2,2026-10-19 18:00:00,True,0.004821887498725107,20,False,LOW,TOP_15_PERCENT_DAILY_COHORT,SUCCESS,reservation-no-show-v1.0,reservation-no-show-feature-v1.0,29,5
RES-4c6e0ef4b39b51ea3e75ee20301707a8,2026-11-05 18:00:00,True,0.007845864552902166,13,False,LOW,TOP_15_PERCENT_DAILY_COHORT,SUCCESS,reservation-no-show-v1.0,reservation-no-show-feature-v1.0,29,5
RES-dcbf127dad0830396ae4ce600a0e1460,2026-11-22 18:00:00,True,0.026181451474525518,3,True,HIGH,TOP_15_PERCENT_DAILY_COHORT,SUCCESS,reservation-no-show-v1.0,reservation-no-show-feature-v1.0,29,5
RES-95fc89758548b9f8af7e56e2d839bfb5,2026-12-09 18:00:00,True,0.004682856861890625,17,False,LOW,TOP_15_PERCENT_DAILY_COHORT,SUCCESS,reservation-no-show-v1.0,reservation-no-show-feature-v1.0,29,5
RES-0b307cfd058d30dc0b7c1c303b88efbc,2026-08-11 18:00:00,True,0.004528922114182016,20,False,LOW,TOP_15_PERCENT_DAILY_COHORT,SUCCESS,reservation-no-show-v1.0,reservation-no-show-feature-v1.0,29,5
RES-423d3700754d9f1f76c15b972f52d3ee,2026-08-28 18:00:00,True,0.01609796413204813,6,False,LOW,TOP_15_PERCENT_DAILY_COHORT,SUCCESS,reservation-no-show-v1.0,reservation-no-show-feature-v1.0,29,5
RES-b134a59c27f56af731ef6248608d2013,2026-09-14 18:00:00,True,0.007171479839357994,17,False,LOW,TOP_15_PERCENT_DAILY_COHORT,SUCCESS,reservation-no-show-v1.0,reservation-no-show-feature-v1.0,29,5
RES-e5b202cc9f743d5288283c8bde71f58d,2026-10-01 18:00:00,True,0.00863370862460166,14,False,LOW,TOP_15_PERCENT_DAILY_COHORT,SUCCESS,reservation-no-show-v1.0,reservation-no-show-feature-v1.0,29,5
RES-20493a8c2e6f8ea06bf84001b542ef92,2026-10-18 18:00:00,True,0.016293019957393313,2,True,HIGH,TOP_15_PERCENT_DAILY_COHORT,SUCCESS,reservation-no-show-v1.0,reservation-no-show-feature-v1.0,29,5
RES-ab6f2fc62d7ad77694e8ea844c23efde,2026-11-04 18:00:00,True,0.00516203162797253,19,False,LOW,TOP_15_PERCENT_DAILY_COHORT,SUCCESS,reservation-no-show-v1.0,reservation-no-show-feature-v1.0,29,5
RES-a14eb5b339bb845e9e99e95dbfd55c13,2026-11-21 18:00:00,True,0.006005555712309425,28,False,LOW,TOP_15_PERCENT_DAILY_COHORT,SUCCESS,reservation-no-show-v1.0,reservation-no-show-feature-v1.0,29,5
RES-ce0a8c92ca5c19cb39a3986c7b42d839,2026-12-08 18:00:00,True,0.025479652356038045,3,True,HIGH,TOP_15_PERCENT_DAILY_COHORT,SUCCESS,reservation-no-show-v1.0,reservation-no-show-feature-v1.0,29,5
RES-24e4da39334771e60019fe2c0d54615d,2026-08-10 18:00:00,True,0.007172077251501871,26,False,LOW,TOP_15_PERCENT_DAILY_COHORT,SUCCESS,reservation-no-show-v1.0,reservation-no-show-feature-v1.0,30,5
RES-b9b05b6f032cc40975ae9cdd0c1ba115,2026-08-27 18:00:00,True,0.004864062135704201,15,False,LOW,TOP_15_PERCENT_DAILY_COHORT,SUCCESS,reservation-no-show-v1.0,reservation-no-show-feature-v1.0,30,5
RES-87783d193b46eeac5c6a95ffa0607379,2026-09-13 18:00:00,True,0.017938796425887988,3,True,HIGH,TOP_15_PERCENT_DAILY_COHORT,SUCCESS,reservation-no-show-v1.0,reservation-no-show-feature-v1.0,30,5
RES-c67dcd05a396952b6cef9c954129f331,2026-09-30 18:00:00,True,0.006338619983432935,27,False,LOW,TOP_15_PERCENT_DAILY_COHORT,SUCCESS,reservation-no-show-v1.0,reservation-no-show-feature-v1.0,30,5
RES-fe031b41e5b9c5c7c8afafa8963a699c,2026-10-17 18:00:00,True,0.006609835924315348,27,False,LOW,TOP_15_PERCENT_DAILY_COHORT,SUCCESS,reservation-no-show-v1.0,reservation-no-show-feature-v1.0,30,5
RES-6442a79682b6360ffe5f91576600f4c2,2026-11-03 18:00:00,True,0.014416211820820079,8,False,LOW,TOP_15_PERCENT_DAILY_COHORT,SUCCESS,reservation-no-show-v1.0,reservation-no-show-feature-v1.0,30,5
RES-6f90ab2ced4036ca538d1334a222f071,2026-11-20 18:00:00,True,0.005265968965783267,17,False,LOW,TOP_15_PERCENT_DAILY_COHORT,SUCCESS,reservation-no-show-v1.0,reservation-no-show-feature-v1.0,30,5
RES-ebb238d70bdded97fae620e4bd426d04,2026-12-07 18:00:00,True,0.008113294630477884,14,False,LOW,TOP_15_PERCENT_DAILY_COHORT,SUCCESS,reservation-no-show-v1.0,reservation-no-show-feature-v1.0,30,5
RES-c2ef06a07a80d10a20c1ada1104c7cf6,2026-12-24 18:00:00,True,0.02060234793038615,10,False,LOW,TOP_15_PERCENT_DAILY_COHORT,SUCCESS,reservation-no-show-v1.0,reservation-no-show-feature-v1.0,30,5
RES-d5cf3c8e664cf6a15cebef22cae83687,2026-08-09 18:00:00,True,0.02196331485531846,7,False,LOW,TOP_15_PERCENT_DAILY_COHORT,SUCCESS,reservation-no-show-v1.0,reservation-no-show-feature-v1.0,29,5
RES-5dddce5c02999b0a82a36a047675e5bd,2026-08-26 18:00:00,True,0.008474043793198561,16,False,LOW,TOP_15_PERCENT_DAILY_COHORT,SUCCESS,reservation-no-show-v1.0,reservation-no-show-feature-v1.0,29,5
RES-760d9ffaee2d836efa7d4b7efef0287a,2026-09-12 18:00:00,True,0.004493659437704418,23,False,LOW,TOP_15_PERCENT_DAILY_COHORT,SUCCESS,reservation-no-show-v1.0,reservation-no-show-feature-v1.0,29,5
RES-50ca6771f1410992612923ebbd83e79c,2026-09-29 18:00:00,True,0.021153630871371336,1,True,HIGH,TOP_15_PERCENT_DAILY_COHORT,SUCCESS,reservation-no-show-v1.0,reservation-no-show-feature-v1.0,29,5
RES-b154e8da074d9462f87a97a40b7313c5,2026-10-16 18:00:00,True,0.006466093908967617,26,False,LOW,TOP_15_PERCENT_DAILY_COHORT,SUCCESS,reservation-no-show-v1.0,reservation-no-show-feature-v1.0,29,5
RES-40d66a0ff6b598ac3971a3353cd55d9c,2026-11-02 18:00:00,True,0.006700719725892287,25,False,LOW,TOP_15_PERCENT_DAILY_COHORT,SUCCESS,reservation-no-show-v1.0,reservation-no-show-feature-v1.0,29,5
RES-04a9d22165a511117d2b25e902ed5ad6,2026-11-19 18:00:00,True,0.015471639347246017,2,True,HIGH,TOP_15_PERCENT_DAILY_COHORT,SUCCESS,reservation-no-show-v1.0,reservation-no-show-feature-v1.0,29,5
RES-729897a66aca6c9c2df9f112f94988be,2026-12-06 18:00:00,True,0.005338474189964402,18,False,LOW,TOP_15_PERCENT_DAILY_COHORT,SUCCESS,reservation-no-show-v1.0,reservation-no-show-feature-v1.0,29,5
RES-176a454afeead27018fa595e10900fd7,2026-12-23 18:00:00,True,0.006537949058139997,18,False,LOW,TOP_15_PERCENT_DAILY_COHORT,SUCCESS,reservation-no-show-v1.0,reservation-no-show-feature-v1.0,29,5
RES-fda5426c8ad0f7611cc602d252d59703,2026-08-08 18:00:00,True,0.004500398627289822,26,False,LOW,TOP_15_PERCENT_DAILY_COHORT,SUCCESS,reservation-no-show-v1.0,reservation-no-show-feature-v1.0,29,5
RES-62e60d4677a401bb0af843b841616ac2,2026-08-25 18:00:00,True,0.023558067532133648,4,True,HIGH,TOP_15_PERCENT_DAILY_COHORT,SUCCESS,reservation-no-show-v1.0,reservation-no-show-feature-v1.0,29,5
RES-43e915ba391cb11dd587ec2fedf220a8,2026-09-11 18:00:00,True,0.007116381804458322,22,False,LOW,TOP_15_PERCENT_DAILY_COHORT,SUCCESS,reservation-no-show-v1.0,reservation-no-show-feature-v1.0,29,5
RES-ef7e01bf905bdf2171ad11a1424d728e,2026-09-28 18:00:00,True,0.0050303713504333955,13,False,LOW,TOP_15_PERCENT_DAILY_COHORT,SUCCESS,reservation-no-show-v1.0,reservation-no-show-feature-v1.0,29,5
RES-7181b4c4a6a641305255a9dc6d5f32c6,2026-10-15 18:00:00,True,0.017035884080487635,5,True,HIGH,TOP_15_PERCENT_DAILY_COHORT,SUCCESS,reservation-no-show-v1.0,reservation-no-show-feature-v1.0,29,5
RES-88ec86da7803b0cdcedf38bd614ff352,2026-11-01 18:00:00,True,0.006555014330874124,24,False,LOW,TOP_15_PERCENT_DAILY_COHORT,SUCCESS,reservation-no-show-v1.0,reservation-no-show-feature-v1.0,29,5
RES-5ab8385a626310292b8ebe97b026239a,2026-11-18 18:00:00,True,0.007195411011047145,20,False,LOW,TOP_15_PERCENT_DAILY_COHORT,SUCCESS,reservation-no-show-v1.0,reservation-no-show-feature-v1.0,29,5
RES-289e711ec8f5877f0bd071071a05d544,2026-12-05 18:00:00,True,0.015729935510057635,6,False,LOW,TOP_15_PERCENT_DAILY_COHORT,SUCCESS,reservation-no-show-v1.0,reservation-no-show-feature-v1.0,29,5
RES-6704583741e453c3dbe725581ff798f2,2026-12-22 18:00:00,True,0.004299575624549733,29,False,LOW,TOP_15_PERCENT_DAILY_COHORT,SUCCESS,reservation-no-show-v1.0,reservation-no-show-feature-v1.0,29,5
RES-18ff9995939b2199d3f05b67a92facab,2026-08-07 18:00:00,True,0.005325889517360638,14,False,LOW,TOP_15_PERCENT_DAILY_COHORT,SUCCESS,reservation-no-show-v1.0,reservation-no-show-feature-v1.0,29,5
RES-85e03f8035d3d131fe99db1d8729b31f,2026-08-24 18:00:00,True,0.0061026129157761575,12,False,LOW,TOP_15_PERCENT_DAILY_COHORT,SUCCESS,reservation-no-show-v1.0,reservation-no-show-feature-v1.0,29,5
RES-53e13c0757564353bb0c83a40ff88683,2026-09-10 18:00:00,True,0.025186443846304994,5,True,HIGH,TOP_15_PERCENT_DAILY_COHORT,SUCCESS,reservation-no-show-v1.0,reservation-no-show-feature-v1.0,29,5
RES-271eaa897c25fc43e6f130666602cd55,2026-09-27 18:00:00,True,0.007237278938730523,21,False,LOW,TOP_15_PERCENT_DAILY_COHORT,SUCCESS,reservation-no-show-v1.0,reservation-no-show-feature-v1.0,29,5
RES-f1b985ae4b87e3db40f9fc8382b9e8c1,2026-10-14 18:00:00,True,0.004445055861232639,22,False,LOW,TOP_15_PERCENT_DAILY_COHORT,SUCCESS,reservation-no-show-v1.0,reservation-no-show-feature-v1.0,29,5
RES-34f8c5d8faba361fd48dd74e5088c395,2026-11-17 18:00:00,True,0.0063962934867587435,26,False,LOW,TOP_15_PERCENT_DAILY_COHORT,SUCCESS,reservation-no-show-v1.0,reservation-no-show-feature-v1.0,29,5
RES-0c3269b08151ebdafcaa3bc2d6765b95,2026-12-04 18:00:00,True,0.010721988049678272,11,False,LOW,TOP_15_PERCENT_DAILY_COHORT,SUCCESS,reservation-no-show-v1.0,reservation-no-show-feature-v1.0,29,5
RES-a7d0de3f5444949effbec58ad50e3bce,2026-12-21 18:00:00,True,0.014546305378817043,6,False,LOW,TOP_15_PERCENT_DAILY_COHORT,SUCCESS,reservation-no-show-v1.0,reservation-no-show-feature-v1.0,29,5
RES-2ecdcb3ff6084e915d7b6faefdd58c97,2026-08-06 18:00:00,True,0.0251885039011193,5,True,HIGH,TOP_15_PERCENT_DAILY_COHORT,SUCCESS,reservation-no-show-v1.0,reservation-no-show-feature-v1.0,29,5
RES-7b91a04c73d6371af69d7b862c7d0c45,2026-08-23 18:00:00,True,0.004921218159209462,21,False,LOW,TOP_15_PERCENT_DAILY_COHORT,SUCCESS,reservation-no-show-v1.0,reservation-no-show-feature-v1.0,29,5
RES-19a5f6a044c54a1fab61c632ff29811b,2026-09-09 18:00:00,True,0.005393211616071198,15,False,LOW,TOP_15_PERCENT_DAILY_COHORT,SUCCESS,reservation-no-show-v1.0,reservation-no-show-feature-v1.0,29,5
RES-4689f9baea39732822640a96c68e539a,2026-09-26 18:00:00,True,0.022429738695866525,7,False,LOW,TOP_15_PERCENT_DAILY_COHORT,SUCCESS,reservation-no-show-v1.0,reservation-no-show-feature-v1.0,29,5
RES-29978389eecc459a250320b273dba4d8,2026-10-13 18:00:00,True,0.007746482594318871,22,False,LOW,TOP_15_PERCENT_DAILY_COHORT,SUCCESS,reservation-no-show-v1.0,reservation-no-show-feature-v1.0,29,5
RES-3a15a4e12fdab85b68f08bd89c7f93cd,2026-10-30 18:00:00,True,0.00499122391215413,14,False,LOW,TOP_15_PERCENT_DAILY_COHORT,SUCCESS,reservation-no-show-v1.0,reservation-no-show-feature-v1.0,29,5
RES-a82e71cb6373b589656d463e0ee4bc64,2026-11-16 18:00:00,True,0.01761100020192565,4,True,HIGH,TOP_15_PERCENT_DAILY_COHORT,SUCCESS,reservation-no-show-v1.0,reservation-no-show-feature-v1.0,29,5
RES-95f0efac4d8c73b89d46bdafdb2f6be6,2026-12-03 18:00:00,True,0.008290523957419495,13,False,LOW,TOP_15_PERCENT_DAILY_COHORT,SUCCESS,reservation-no-show-v1.0,reservation-no-show-feature-v1.0,29,5
RES-fa7ea8a2481773bed0b7b929a24c9ee9,2026-12-20 18:00:00,True,0.010903466601004223,11,False,LOW,TOP_15_PERCENT_DAILY_COHORT,SUCCESS,reservation-no-show-v1.0,reservation-no-show-feature-v1.0,29,5
RES-040a0dfb71ffdcef0b33be86e1665712,2026-08-05 18:00:00,True,0.007287401762657338,18,False,LOW,TOP_15_PERCENT_DAILY_COHORT,SUCCESS,reservation-no-show-v1.0,reservation-no-show-feature-v1.0,29,5
RES-f92cf6b068987069d6b26c1687ac33d1,2026-08-22 18:00:00,True,0.028211213419583017,2,True,HIGH,TOP_15_PERCENT_DAILY_COHORT,SUCCESS,reservation-no-show-v1.0,reservation-no-show-feature-v1.0,29,5
RES-057c44f08d2a93ffba1f893472733ff9,2026-09-08 18:00:00,True,0.004348547824780853,22,False,LOW,TOP_15_PERCENT_DAILY_COHORT,SUCCESS,reservation-no-show-v1.0,reservation-no-show-feature-v1.0,29,5
RES-03b1106bb3349049c28fbcb29a727c61,2026-09-25 18:00:00,True,0.0049987055576696466,18,False,LOW,TOP_15_PERCENT_DAILY_COHORT,SUCCESS,reservation-no-show-v1.0,reservation-no-show-feature-v1.0,29,5
RES-7e0b6723206fa27d2026c7da39f02b1d,2026-10-12 18:00:00,True,0.026029429262977223,2,True,HIGH,TOP_15_PERCENT_DAILY_COHORT,SUCCESS,reservation-no-show-v1.0,reservation-no-show-feature-v1.0,29,5
RES-352f366814cde56ca3b811e792ab5783,2026-10-29 18:00:00,True,0.00624191212817099,29,False,LOW,TOP_15_PERCENT_DAILY_COHORT,SUCCESS,reservation-no-show-v1.0,reservation-no-show-feature-v1.0,29,5
RES-8a7cc3bd8f0fb3ffc83531baa3e96f60,2026-11-15 18:00:00,True,0.005059965513451534,14,False,LOW,TOP_15_PERCENT_DAILY_COHORT,SUCCESS,reservation-no-show-v1.0,reservation-no-show-feature-v1.0,29,5
RES-c06a4d9c81b98e916a794e6c031e8d96,2026-12-02 18:00:00,True,0.014172873810129227,7,False,LOW,TOP_15_PERCENT_DAILY_COHORT,SUCCESS,reservation-no-show-v1.0,reservation-no-show-feature-v1.0,29,5
RES-62d13539b83c8ee769778f13454db44f,2026-12-19 18:00:00,True,0.006346583951513169,26,False,LOW,TOP_15_PERCENT_DAILY_COHORT,SUCCESS,reservation-no-show-v1.0,reservation-no-show-feature-v1.0,29,5
RES-9a6a4bda63d23935dd4a7b45b48e3225,2026-08-04 18:00:00,True,0.004793679071019329,25,False,LOW,TOP_15_PERCENT_DAILY_COHORT,SUCCESS,reservation-no-show-v1.0,reservation-no-show-feature-v1.0,29,5
RES-98f799820326e6e4f486cdd8b5ed52cc,2026-08-21 18:00:00,True,0.00817994190465659,14,False,LOW,TOP_15_PERCENT_DAILY_COHORT,SUCCESS,reservation-no-show-v1.0,reservation-no-show-feature-v1.0,29,5
RES-cd6b7e7bf5ce2caf2f450774bafe2108,2026-09-07 18:00:00,True,0.023696007171440072,6,False,LOW,TOP_15_PERCENT_DAILY_COHORT,SUCCESS,reservation-no-show-v1.0,reservation-no-show-feature-v1.0,29,5
RES-6d45b5e83fefde93c66e3ccf75d1f033,2026-09-24 18:00:00,True,0.005140605366415498,17,False,LOW,TOP_15_PERCENT_DAILY_COHORT,SUCCESS,reservation-no-show-v1.0,reservation-no-show-feature-v1.0,29,5
RES-003018084ec0b05152652b70ac16b802,2026-10-11 18:00:00,True,0.0067554770684694595,11,False,LOW,TOP_15_PERCENT_DAILY_COHORT,SUCCESS,reservation-no-show-v1.0,reservation-no-show-feature-v1.0,29,5
RES-0b708023b538dc463508bcce99aee810,2026-10-28 18:00:00,True,0.0210491598615607,7,False,LOW,TOP_15_PERCENT_DAILY_COHORT,SUCCESS,reservation-no-show-v1.0,reservation-no-show-feature-v1.0,29,5
RES-c541528ef75488b1524d2a83205da7ca,2026-11-14 18:00:00,True,0.006984937361306198,18,False,LOW,TOP_15_PERCENT_DAILY_COHORT,SUCCESS,reservation-no-show-v1.0,reservation-no-show-feature-v1.0,29,5
RES-a6393a19ea317dfa670bdce01b9aee90,2026-12-01 18:00:00,True,0.004471222030754659,18,False,LOW,TOP_15_PERCENT_DAILY_COHORT,SUCCESS,reservation-no-show-v1.0,reservation-no-show-feature-v1.0,29,5
RES-9862b9d4c1cde5726a4a36590aeabbab,2026-12-18 18:00:00,True,0.015895223841157647,7,False,LOW,TOP_15_PERCENT_DAILY_COHORT,SUCCESS,reservation-no-show-v1.0,reservation-no-show-feature-v1.0,29,5
RES-0e3fd272e3d76e023cc4d128853c6c7b,2026-08-03 18:00:00,True,0.014732098056201424,6,False,LOW,TOP_15_PERCENT_DAILY_COHORT,SUCCESS,reservation-no-show-v1.0,reservation-no-show-feature-v1.0,29,5
RES-ee75d159ea81c16ea30ad479e89badff,2026-08-20 18:00:00,True,0.004249390324813937,29,False,LOW,TOP_15_PERCENT_DAILY_COHORT,SUCCESS,reservation-no-show-v1.0,reservation-no-show-feature-v1.0,29,5
RES-2d685efdf6a6fdf2acac561fa9dc0804,2026-09-06 18:00:00,True,0.006848149184265105,23,False,LOW,TOP_15_PERCENT_DAILY_COHORT,SUCCESS,reservation-no-show-v1.0,reservation-no-show-feature-v1.0,29,5
RES-11d895ae3a0cf6767601e5f5b231db0f,2026-09-23 18:00:00,True,0.02105088882641225,9,False,LOW,TOP_15_PERCENT_DAILY_COHORT,SUCCESS,reservation-no-show-v1.0,reservation-no-show-feature-v1.0,29,5
RES-4f7882e334e7b21bdced7a7f868186e1,2026-10-10 18:00:00,True,0.005227342576606589,14,False,LOW,TOP_15_PERCENT_DAILY_COHORT,SUCCESS,reservation-no-show-v1.0,reservation-no-show-feature-v1.0,29,5
RES-dfc3bf255d477f4bab72c10dd4105a07,2026-10-27 18:00:00,True,0.00449230520242157,27,False,LOW,TOP_15_PERCENT_DAILY_COHORT,SUCCESS,reservation-no-show-v1.0,reservation-no-show-feature-v1.0,29,5
RES-50194db492fec201e42213d57574555f,2026-11-13 18:00:00,True,0.021398547847187702,6,False,LOW,TOP_15_PERCENT_DAILY_COHORT,SUCCESS,reservation-no-show-v1.0,reservation-no-show-feature-v1.0,29,5
RES-a79d590a714d03a10eaffc4fdc85731c,2026-11-30 18:00:00,True,0.007080941962384378,25,False,LOW,TOP_15_PERCENT_DAILY_COHORT,SUCCESS,reservation-no-show-v1.0,reservation-no-show-feature-v1.0,29,5
RES-23a091f5c51a6b45369e8bf66fb85743,2026-12-17 18:00:00,True,0.005817272580333026,13,False,LOW,TOP_15_PERCENT_DAILY_COHORT,SUCCESS,reservation-no-show-v1.0,reservation-no-show-feature-v1.0,29,5
RES-296a490ec3f8cca159d59ee2f101b0dd,2026-08-02 18:00:00,True,0.007536568493960822,22,False,LOW,TOP_15_PERCENT_DAILY_COHORT,SUCCESS,reservation-no-show-v1.0,reservation-no-show-feature-v1.0,29,5
RES-875969ecb9c87467c10daf8778924854,2026-08-19 18:00:00,True,0.014378245776904138,5,True,HIGH,TOP_15_PERCENT_DAILY_COHORT,SUCCESS,reservation-no-show-v1.0,reservation-no-show-feature-v1.0,29,5
RES-1084e248ddd7c6fa7fc29e9779795f7e,2026-09-05 18:00:00,True,0.0047563648177982205,27,False,LOW,TOP_15_PERCENT_DAILY_COHORT,SUCCESS,reservation-no-show-v1.0,reservation-no-show-feature-v1.0,29,5
RES-dba5a64a2526b3f1875bf15b77b26ed3,2026-09-22 18:00:00,True,0.0066823782180346035,22,False,LOW,TOP_15_PERCENT_DAILY_COHORT,SUCCESS,reservation-no-show-v1.0,reservation-no-show-feature-v1.0,29,5
RES-1030b68517b016c4fce942c2a394d072,2026-10-09 18:00:00,True,0.0235150327801244,5,True,HIGH,TOP_15_PERCENT_DAILY_COHORT,SUCCESS,reservation-no-show-v1.0,reservation-no-show-feature-v1.0,29,5
RES-ee01bf1f75edc4d7c9ffa51bff1e26b6,2026-10-26 18:00:00,True,0.007086518293507471,11,False,LOW,TOP_15_PERCENT_DAILY_COHORT,SUCCESS,reservation-no-show-v1.0,reservation-no-show-feature-v1.0,29,5
RES-a464edc237fb21b99f3956e66470ece2,2026-11-12 18:00:00,True,0.005825985189843475,14,False,LOW,TOP_15_PERCENT_DAILY_COHORT,SUCCESS,reservation-no-show-v1.0,reservation-no-show-feature-v1.0,29,5
RES-bfc034cea4a96e27a74c512d9078e29c,2026-11-29 18:00:00,True,0.021756761770290258,5,True,HIGH,TOP_15_PERCENT_DAILY_COHORT,SUCCESS,reservation-no-show-v1.0,reservation-no-show-feature-v1.0,29,5
RES-f2abbfc3838a9ed2e191fe4be10e69fd,2026-12-16 18:00:00,True,0.009205377683088751,12,False,LOW,TOP_15_PERCENT_DAILY_COHORT,SUCCESS,reservation-no-show-v1.0,reservation-no-show-feature-v1.0,29,5
RES-79399de44765fe89e09db63ae3a524a9,2026-08-01 18:00:00,True,0.005841031915897434,27,False,LOW,TOP_15_PERCENT_DAILY_COHORT,SUCCESS,reservation-no-show-v1.0,reservation-no-show-feature-v1.0,29,5
RES-6dc1f4761bce7dbda1082b4601ba591a,2026-08-18 18:00:00,True,0.007354256579693499,23,False,LOW,TOP_15_PERCENT_DAILY_COHORT,SUCCESS,reservation-no-show-v1.0,reservation-no-show-feature-v1.0,29,5
RES-7a768ab78d645a9f237c7876ff04e407,2026-09-04 18:00:00,True,0.013293007493577055,8,False,LOW,TOP_15_PERCENT_DAILY_COHORT,SUCCESS,reservation-no-show-v1.0,reservation-no-show-feature-v1.0,29,5
RES-9330be907eaf94d3999bf1d455573274,2026-09-21 18:00:00,True,0.006449116834195371,13,False,LOW,TOP_15_PERCENT_DAILY_COHORT,SUCCESS,reservation-no-show-v1.0,reservation-no-show-feature-v1.0,29,5
RES-5c3bacd9feb066f1544efb37cbcfad53,2026-10-08 18:00:00,True,0.005905982288215956,26,False,LOW,TOP_15_PERCENT_DAILY_COHORT,SUCCESS,reservation-no-show-v1.0,reservation-no-show-feature-v1.0,29,5
RES-7b5972ed4cc6f7d63a1aaa9fc367a6f8,2026-10-25 18:00:00,True,0.026263675014989253,4,True,HIGH,TOP_15_PERCENT_DAILY_COHORT,SUCCESS,reservation-no-show-v1.0,reservation-no-show-feature-v1.0,29,5
RES-8ed638f61adb8fcbf430d6df32088442,2026-11-11 18:00:00,True,0.004697889212276684,20,False,LOW,TOP_15_PERCENT_DAILY_COHORT,SUCCESS,reservation-no-show-v1.0,reservation-no-show-feature-v1.0,29,5
RES-5d445aa5e1d17fdf00fc6bf7c527b40a,2026-11-28 18:00:00,True,0.006540714523904734,13,False,LOW,TOP_15_PERCENT_DAILY_COHORT,SUCCESS,reservation-no-show-v1.0,reservation-no-show-feature-v1.0,29,5
RES-2b7e4c1da6d15dfe9212df0bdc48627f,2026-12-15 18:00:00,True,0.021170988869571698,7,False,LOW,TOP_15_PERCENT_DAILY_COHORT,SUCCESS,reservation-no-show-v1.0,reservation-no-show-feature-v1.0,29,5
RES-217ebbe0406be72fb83a58d843d1bbd0,2026-07-31 18:00:00,True,0.014640259280007813,8,False,LOW,TOP_15_PERCENT_DAILY_COHORT,SUCCESS,reservation-no-show-v1.0,reservation-no-show-feature-v1.0,29,5
RES-943126fa3f4e66c283af5504f4051e12,2026-08-17 18:00:00,True,0.007194443126846437,17,False,LOW,TOP_15_PERCENT_DAILY_COHORT,SUCCESS,reservation-no-show-v1.0,reservation-no-show-feature-v1.0,29,5
RES-2e3cc634a3d550c7182e035532865eaf,2026-09-03 18:00:00,True,0.006500308923174729,28,False,LOW,TOP_15_PERCENT_DAILY_COHORT,SUCCESS,reservation-no-show-v1.0,reservation-no-show-feature-v1.0,29,5
RES-d94114f6c9555a13a9440b1cd186a91b,2026-09-20 18:00:00,True,0.014864999214131737,8,False,LOW,TOP_15_PERCENT_DAILY_COHORT,SUCCESS,reservation-no-show-v1.0,reservation-no-show-feature-v1.0,29,5
RES-6fb3df54ea797251a9de99d8e0a456f4,2026-10-07 18:00:00,True,0.004704933239902353,25,False,LOW,TOP_15_PERCENT_DAILY_COHORT,SUCCESS,reservation-no-show-v1.0,reservation-no-show-feature-v1.0,29,5
RES-7267d61e2bba6fe6870be06f7d16fdf5,2026-10-24 18:00:00,True,0.006024808331783133,28,False,LOW,TOP_15_PERCENT_DAILY_COHORT,SUCCESS,reservation-no-show-v1.0,reservation-no-show-feature-v1.0,29,5
RES-a9feb5511ac7164ec14537dc6e80d075,2026-11-10 18:00:00,True,0.021172727624951655,9,False,LOW,TOP_15_PERCENT_DAILY_COHORT,SUCCESS,reservation-no-show-v1.0,reservation-no-show-feature-v1.0,29,5
RES-153da8829b8c74d0306b2cc9fc327756,2026-11-27 18:00:00,True,0.004792526078659786,16,False,LOW,TOP_15_PERCENT_DAILY_COHORT,SUCCESS,reservation-no-show-v1.0,reservation-no-show-feature-v1.0,29,5
RES-366d799c22726dc991f8e2db7e828ad4,2026-12-14 18:00:00,True,0.004518748246449211,28,False,LOW,TOP_15_PERCENT_DAILY_COHORT,SUCCESS,reservation-no-show-v1.0,reservation-no-show-feature-v1.0,29,5
RES-f5aa9bf4bfbea69f48bdc9da8cd82dcd,2026-07-30 18:00:00,True,0.0044332313955489245,19,False,LOW,TOP_15_PERCENT_DAILY_COHORT,SUCCESS,reservation-no-show-v1.0,reservation-no-show-feature-v1.0,29,5
RES-bab1b07c73fd64748d8e4bc4e1327f0e,2026-08-16 18:00:00,True,0.016368929944048705,9,False,LOW,TOP_15_PERCENT_DAILY_COHORT,SUCCESS,reservation-no-show-v1.0,reservation-no-show-feature-v1.0,29,5
RES-e43065b9c188405019226ce5c97d2169,2026-09-02 18:00:00,True,0.006997937259795882,24,False,LOW,TOP_15_PERCENT_DAILY_COHORT,SUCCESS,reservation-no-show-v1.0,reservation-no-show-feature-v1.0,29,5
RES-b6d065a4c2d6d0fa2de197ee8927ded0,2026-09-19 18:00:00,True,0.00663101282297024,27,False,LOW,TOP_15_PERCENT_DAILY_COHORT,SUCCESS,reservation-no-show-v1.0,reservation-no-show-feature-v1.0,29,5
RES-85233af0ad9b4c8863c0bccf7c94d71a,2026-10-06 18:00:00,True,0.020263706567526223,2,True,HIGH,TOP_15_PERCENT_DAILY_COHORT,SUCCESS,reservation-no-show-v1.0,reservation-no-show-feature-v1.0,29,5
RES-183d53cc6160cb081a82fc0fb20f3dcd,2026-10-23 18:00:00,True,0.005282863218138439,19,False,LOW,TOP_15_PERCENT_DAILY_COHORT,SUCCESS,reservation-no-show-v1.0,reservation-no-show-feature-v1.0,29,5
RES-823f2cbcb8b1cf222c1376d01e922b07,2026-11-09 18:00:00,True,0.007396804696191391,13,False,LOW,TOP_15_PERCENT_DAILY_COHORT,SUCCESS,reservation-no-show-v1.0,reservation-no-show-feature-v1.0,29,5
RES-5204c0de20261ccc7d494436018c81bc,2026-11-26 18:00:00,True,0.022711408905457448,5,True,HIGH,TOP_15_PERCENT_DAILY_COHORT,SUCCESS,reservation-no-show-v1.0,reservation-no-show-feature-v1.0,29,5
RES-2ab23807a18d16e9abab6967ed7f851e,2026-12-13 18:00:00,True,0.004414027061000147,24,False,LOW,TOP_15_PERCENT_DAILY_COHORT,SUCCESS,reservation-no-show-v1.0,reservation-no-show-feature-v1.0,29,5
RES-bbd2987e95a4e734e13a88cf34fe3af8,2026-07-29 18:00:00,True,0.007020933699561822,20,False,LOW,TOP_15_PERCENT_DAILY_COHORT,SUCCESS,reservation-no-show-v1.0,reservation-no-show-feature-v1.0,29,5
RES-a7eb42965020c922edc19d4cb2fac54e,2026-08-15 18:00:00,True,0.004095501822573043,23,False,LOW,TOP_15_PERCENT_DAILY_COHORT,SUCCESS,reservation-no-show-v1.0,reservation-no-show-feature-v1.0,29,5
RES-7efe8e5b14035ddd1ddaec321add4a66,2026-09-01 18:00:00,True,0.01924708016034372,2,True,HIGH,TOP_15_PERCENT_DAILY_COHORT,SUCCESS,reservation-no-show-v1.0,reservation-no-show-feature-v1.0,29,5
RES-fd5bf63128c79ca9549b231d7ebfb8c3,2026-09-18 18:00:00,True,0.006486813287524404,25,False,LOW,TOP_15_PERCENT_DAILY_COHORT,SUCCESS,reservation-no-show-v1.0,reservation-no-show-feature-v1.0,29,5
RES-88dbd3d37830d25775aa39b8b1bd01f7,2026-10-05 18:00:00,True,0.007397420738915821,20,False,LOW,TOP_15_PERCENT_DAILY_COHORT,SUCCESS,reservation-no-show-v1.0,reservation-no-show-feature-v1.0,29,5
RES-a921a3430dc6a78438c4814cdfcee081,2026-10-22 18:00:00,True,0.014114576515456943,8,False,LOW,TOP_15_PERCENT_DAILY_COHORT,SUCCESS,reservation-no-show-v1.0,reservation-no-show-feature-v1.0,29,5
RES-e239ea2adbdbe747fb93fc30fdbc6129,2026-11-08 18:00:00,True,0.00589437750928278,13,False,LOW,TOP_15_PERCENT_DAILY_COHORT,SUCCESS,reservation-no-show-v1.0,reservation-no-show-feature-v1.0,29,5
RES-9023eadc433256ad73c7fd5eb72f8c4b,2026-11-25 18:00:00,True,0.007217849122910789,15,False,LOW,TOP_15_PERCENT_DAILY_COHORT,SUCCESS,reservation-no-show-v1.0,reservation-no-show-feature-v1.0,29,5
RES-f6825879abba2545f8bd8d00975c5f4a,2026-12-12 18:00:00,True,0.030593363443803458,1,True,HIGH,TOP_15_PERCENT_DAILY_COHORT,SUCCESS,reservation-no-show-v1.0,reservation-no-show-feature-v1.0,29,5
RES-f2210bb5eaa1510ea710e6045374580d,2026-07-28 18:00:00,True,0.023632252202152204,4,True,HIGH,TOP_15_PERCENT_DAILY_COHORT,SUCCESS,reservation-no-show-v1.0,reservation-no-show-feature-v1.0,29,5
RES-7ea815c096ffe4f3169075516b6b1a9e,2026-08-14 18:00:00,True,0.007855959080245138,19,False,LOW,TOP_15_PERCENT_DAILY_COHORT,SUCCESS,reservation-no-show-v1.0,reservation-no-show-feature-v1.0,29,5
RES-840245889ade4130e11b129d30f28db3,2026-08-31 18:00:00,True,0.005536612935164615,13,False,LOW,TOP_15_PERCENT_DAILY_COHORT,SUCCESS,reservation-no-show-v1.0,reservation-no-show-feature-v1.0,29,5
RES-156591219adc7583d0db2c71502e8fa1,2026-09-17 18:00:00,True,0.015543782949965695,6,False,LOW,TOP_15_PERCENT_DAILY_COHORT,SUCCESS,reservation-no-show-v1.0,reservation-no-show-feature-v1.0,29,5
RES-ab68b238b5102de48cb812b5209887c1,2026-10-04 18:00:00,True,0.005975308064113023,28,False,LOW,TOP_15_PERCENT_DAILY_COHORT,SUCCESS,reservation-no-show-v1.0,reservation-no-show-feature-v1.0,29,5
RES-682e3ba61bfac6cb76e86d54f7edd02d,2026-10-21 18:00:00,True,0.007218450369711794,21,False,LOW,TOP_15_PERCENT_DAILY_COHORT,SUCCESS,reservation-no-show-v1.0,reservation-no-show-feature-v1.0,29,5
RES-33b750654228baf6bcd8145d26c4814b,2026-11-07 18:00:00,True,0.01577986766026054,6,False,LOW,TOP_15_PERCENT_DAILY_COHORT,SUCCESS,reservation-no-show-v1.0,reservation-no-show-feature-v1.0,29,5
RES-309d9482f953a70b2a77219a87bc5bb2,2026-11-24 18:00:00,True,0.004747813263981251,24,False,LOW,TOP_15_PERCENT_DAILY_COHORT,SUCCESS,reservation-no-show-v1.0,reservation-no-show-feature-v1.0,29,5
RES-d67871ff891257c23b76192bb4cd1cf5,2026-12-11 18:00:00,True,0.007339377007616063,20,False,LOW,TOP_15_PERCENT_DAILY_COHORT,SUCCESS,reservation-no-show-v1.0,reservation-no-show-feature-v1.0,29,5
RES-2aa2d4fcaaa356fb96f8992b931bfd08,2026-08-13 18:00:00,True,0.025265623612867875,3,True,HIGH,TOP_15_PERCENT_DAILY_COHORT,SUCCESS,reservation-no-show-v1.0,reservation-no-show-feature-v1.0,29,5
RES-e701fbb450c57eca28781b1f43d97278,2026-08-30 18:00:00,True,0.007989319473015687,22,False,LOW,TOP_15_PERCENT_DAILY_COHORT,SUCCESS,reservation-no-show-v1.0,reservation-no-show-feature-v1.0,29,5
RES-9f3a445162eb4f039e6e982676950448,2026-09-16 18:00:00,True,0.005945876633947265,11,False,LOW,TOP_15_PERCENT_DAILY_COHORT,SUCCESS,reservation-no-show-v1.0,reservation-no-show-feature-v1.0,29,5
RES-ae0eb6a0e6f3167564bffad29be86b66,2026-10-03 18:00:00,True,0.017374725551638655,6,False,LOW,TOP_15_PERCENT_DAILY_COHORT,SUCCESS,reservation-no-show-v1.0,reservation-no-show-feature-v1.0,29,5
RES-4a11a9ca897f61c64fedd69959fb0594,2026-10-20 18:00:00,True,0.007061567092304982,19,False,LOW,TOP_15_PERCENT_DAILY_COHORT,SUCCESS,reservation-no-show-v1.0,reservation-no-show-feature-v1.0,29,5
RES-c2cc69a15fcfc73b28720a19e5ea640d,2026-11-06 18:00:00,True,0.009777393723018512,12,False,LOW,TOP_15_PERCENT_DAILY_COHORT,SUCCESS,reservation-no-show-v1.0,reservation-no-show-feature-v1.0,29,5
RES-40a067c668fcc3d133bc27751abf2610,2026-11-23 18:00:00,True,0.014592535989478515,5,True,HIGH,TOP_15_PERCENT_DAILY_COHORT,SUCCESS,reservation-no-show-v1.0,reservation-no-show-feature-v1.0,29,5
RES-fef7336e7d75b14fc1633e1e65f7e231,2026-12-10 18:00:00,True,0.0050827587587075965,19,False,LOW,TOP_15_PERCENT_DAILY_COHORT,SUCCESS,reservation-no-show-v1.0,reservation-no-show-feature-v1.0,29,5
RES-5536ae4723ace91f9bbb23ba6533f8f0,2026-08-12 18:00:00,True,0.004466016204950935,27,False,LOW,TOP_15_PERCENT_DAILY_COHORT,SUCCESS,reservation-no-show-v1.0,reservation-no-show-feature-v1.0,29,5
RES-0fb3bfb4564a349780ac1e19cd343eb1,2026-08-29 18:00:00,True,0.02345175303278055,5,True,HIGH,TOP_15_PERCENT_DAILY_COHORT,SUCCESS,reservation-no-show-v1.0,reservation-no-show-feature-v1.0,29,5
RES-524d73ac605f14e325c21beba47ea1a6,2026-09-15 18:00:00,True,0.0077712726457594096,21,False,LOW,TOP_15_PERCENT_DAILY_COHORT,SUCCESS,reservation-no-show-v1.0,reservation-no-show-feature-v1.0,29,5
RES-e366b7479f4326b096d219021d794711,2026-10-02 18:00:00,True,0.004534622718231271,17,False,LOW,TOP_15_PERCENT_DAILY_COHORT,SUCCESS,reservation-no-show-v1.0,reservation-no-show-feature-v1.0,29,5
RES-16303abe0950fc625a36bae1e52fdb08,2026-10-19 18:00:00,True,0.01941990905050494,3,True,HIGH,TOP_15_PERCENT_DAILY_COHORT,SUCCESS,reservation-no-show-v1.0,reservation-no-show-feature-v1.0,29,5
RES-124e07b9904761e6c2e608bdbf6d1542,2026-11-05 18:00:00,True,0.005671075989147776,27,False,LOW,TOP_15_PERCENT_DAILY_COHORT,SUCCESS,reservation-no-show-v1.0,reservation-no-show-feature-v1.0,29,5
RES-a2f8357e65d7252a5704fb1235d23a49,2026-11-22 18:00:00,True,0.00903756166613076,13,False,LOW,TOP_15_PERCENT_DAILY_COHORT,SUCCESS,reservation-no-show-v1.0,reservation-no-show-feature-v1.0,29,5
RES-183f490e68d433c6c6bc3e22ef94d5ec,2026-12-09 18:00:00,True,0.018867950318200793,1,True,HIGH,TOP_15_PERCENT_DAILY_COHORT,SUCCESS,reservation-no-show-v1.0,reservation-no-show-feature-v1.0,29,5
RES-389af2540b58a3f0e0fbcc6a8371edb6,2026-08-11 18:00:00,True,0.004801866273001128,18,False,LOW,TOP_15_PERCENT_DAILY_COHORT,SUCCESS,reservation-no-show-v1.0,reservation-no-show-feature-v1.0,29,5
RES-83f03f701e9736abcad0f95b8d5ebdcb,2026-08-28 18:00:00,True,0.005014746699616734,22,False,LOW,TOP_15_PERCENT_DAILY_COHORT,SUCCESS,reservation-no-show-v1.0,reservation-no-show-feature-v1.0,29,5
RES-d45c2b691832851eea38b68c7d3f06cb,2026-09-14 18:00:00,True,0.021631636410848483,6,False,LOW,TOP_15_PERCENT_DAILY_COHORT,SUCCESS,reservation-no-show-v1.0,reservation-no-show-feature-v1.0,29,5
RES-cd082e609e076d416d1958a4400d80fa,2026-10-01 18:00:00,True,0.00831773248211133,17,False,LOW,TOP_15_PERCENT_DAILY_COHORT,SUCCESS,reservation-no-show-v1.0,reservation-no-show-feature-v1.0,29,5
RES-a271abfb07c7b721065132357fd9e28e,2026-10-18 18:00:00,True,0.006148946074032065,12,False,LOW,TOP_15_PERCENT_DAILY_COHORT,SUCCESS,reservation-no-show-v1.0,reservation-no-show-feature-v1.0,29,5
RES-c70ba956dfe57c1180eda572c1f35f33,2026-11-04 18:00:00,True,0.014217934715644585,9,False,LOW,TOP_15_PERCENT_DAILY_COHORT,SUCCESS,reservation-no-show-v1.0,reservation-no-show-feature-v1.0,29,5
RES-cf2e477aa845f4f9a01164154918bf2b,2026-11-21 18:00:00,True,0.007006723765950607,22,False,LOW,TOP_15_PERCENT_DAILY_COHORT,SUCCESS,reservation-no-show-v1.0,reservation-no-show-feature-v1.0,29,5
RES-4051c15ecf26597357369320b8b7d216,2026-12-08 18:00:00,True,0.00798972840617282,15,False,LOW,TOP_15_PERCENT_DAILY_COHORT,SUCCESS,reservation-no-show-v1.0,reservation-no-show-feature-v1.0,29,5
RES-80d1622468e73edba54cfa8efa9f8559,2026-08-10 18:00:00,True,0.023770615640783883,6,False,LOW,TOP_15_PERCENT_DAILY_COHORT,SUCCESS,reservation-no-show-v1.0,reservation-no-show-feature-v1.0,30,5
RES-1a66aa54fcd32c3826afa5efb5522288,2026-08-27 18:00:00,True,0.0042566519032884755,27,False,LOW,TOP_15_PERCENT_DAILY_COHORT,SUCCESS,reservation-no-show-v1.0,reservation-no-show-feature-v1.0,30,5
RES-ad6d9363c1b2b77e2a6753d422c0913d,2026-09-13 18:00:00,True,0.006158152358542228,12,False,LOW,TOP_15_PERCENT_DAILY_COHORT,SUCCESS,reservation-no-show-v1.0,reservation-no-show-feature-v1.0,30,5
RES-b8a7d2465e68bb078b5f18da91a940b6,2026-09-30 18:00:00,True,0.02541122333180306,1,True,HIGH,TOP_15_PERCENT_DAILY_COHORT,SUCCESS,reservation-no-show-v1.0,reservation-no-show-feature-v1.0,30,5
RES-8c68e505717d2515ebae279d48f18d13,2026-10-17 18:00:00,True,0.006367453656276683,28,False,LOW,TOP_15_PERCENT_DAILY_COHORT,SUCCESS,reservation-no-show-v1.0,reservation-no-show-feature-v1.0,30,5
RES-f7ecdf2c56656754f207d259248d9c3b,2026-11-03 18:00:00,True,0.0054341882014680735,13,False,LOW,TOP_15_PERCENT_DAILY_COHORT,SUCCESS,reservation-no-show-v1.0,reservation-no-show-feature-v1.0,30,5
RES-bebe3df640e18708c661f70f4fcea512,2026-11-20 18:00:00,True,0.01594567217248112,7,False,LOW,TOP_15_PERCENT_DAILY_COHORT,SUCCESS,reservation-no-show-v1.0,reservation-no-show-feature-v1.0,30,5
RES-34ac2c3940e97a17b0b6576da921c930,2026-12-07 18:00:00,True,0.007103025668754352,19,False,LOW,TOP_15_PERCENT_DAILY_COHORT,SUCCESS,reservation-no-show-v1.0,reservation-no-show-feature-v1.0,30,5
RES-ffd5af92a8540405b4ee34d82b9de267,2026-12-24 18:00:00,True,0.007796540529286192,16,False,LOW,TOP_15_PERCENT_DAILY_COHORT,SUCCESS,reservation-no-show-v1.0,reservation-no-show-feature-v1.0,30,5
RES-a6fc4b15337445cd16b34a18a34590f0,2026-08-09 18:00:00,True,0.009152886529722305,12,False,LOW,TOP_15_PERCENT_DAILY_COHORT,SUCCESS,reservation-no-show-v1.0,reservation-no-show-feature-v1.0,29,5
RES-fd84001ad6fbd65e6843f88da6965315,2026-08-26 18:00:00,True,0.021117349104003643,10,False,LOW,TOP_15_PERCENT_DAILY_COHORT,SUCCESS,reservation-no-show-v1.0,reservation-no-show-feature-v1.0,29,5
RES-756eb30ddff01009551ac381083f89f6,2026-09-12 18:00:00,True,0.0047644885952653,18,False,LOW,TOP_15_PERCENT_DAILY_COHORT,SUCCESS,reservation-no-show-v1.0,reservation-no-show-feature-v1.0,29,5
RES-bf85ada4b010614d4928918879284133,2026-09-29 18:00:00,True,0.004960535109493708,25,False,LOW,TOP_15_PERCENT_DAILY_COHORT,SUCCESS,reservation-no-show-v1.0,reservation-no-show-feature-v1.0,29,5
RES-db55fdf97ab64ced8229ec521e7a96ff,2026-10-16 18:00:00,True,0.022630486783532668,7,False,LOW,TOP_15_PERCENT_DAILY_COHORT,SUCCESS,reservation-no-show-v1.0,reservation-no-show-feature-v1.0,29,5
RES-24773070951e5b1a5aedae3535f5d40a,2026-11-02 18:00:00,True,0.00710361741920073,21,False,LOW,TOP_15_PERCENT_DAILY_COHORT,SUCCESS,reservation-no-show-v1.0,reservation-no-show-feature-v1.0,29,5
RES-541936df5c5248b20e4e67855707960b,2026-11-19 18:00:00,True,0.004376745085900799,24,False,LOW,TOP_15_PERCENT_DAILY_COHORT,SUCCESS,reservation-no-show-v1.0,reservation-no-show-feature-v1.0,29,5
RES-b3fb30f69f435a4fa7a4e86a71347900,2026-12-06 18:00:00,True,0.021466700628280978,2,True,HIGH,TOP_15_PERCENT_DAILY_COHORT,SUCCESS,reservation-no-show-v1.0,reservation-no-show-feature-v1.0,29,5
RES-03f3a63ff4f29d0474bea4fe7a1b080f,2026-12-23 18:00:00,True,0.006298186163930969,21,False,LOW,TOP_15_PERCENT_DAILY_COHORT,SUCCESS,reservation-no-show-v1.0,reservation-no-show-feature-v1.0,29,5
RES-efe771d00d17818c81c201f423751b2e,2026-08-08 18:00:00,True,0.005780385557600167,15,False,LOW,TOP_15_PERCENT_DAILY_COHORT,SUCCESS,reservation-no-show-v1.0,reservation-no-show-feature-v1.0,29,5
RES-f6836405bbdb3a1257ae84b56a9b9cc7,2026-08-25 18:00:00,True,0.006091477327392184,24,False,LOW,TOP_15_PERCENT_DAILY_COHORT,SUCCESS,reservation-no-show-v1.0,reservation-no-show-feature-v1.0,29,5
RES-16f884f6c5a5bc9e4c6b88b3386c19d7,2026-09-11 18:00:00,True,0.025914375641842007,6,False,LOW,TOP_15_PERCENT_DAILY_COHORT,SUCCESS,reservation-no-show-v1.0,reservation-no-show-feature-v1.0,29,5
RES-b5a6025be4e3b6d2b080f1b76388a904,2026-09-28 18:00:00,True,0.004402284771241655,24,False,LOW,TOP_15_PERCENT_DAILY_COHORT,SUCCESS,reservation-no-show-v1.0,reservation-no-show-feature-v1.0,29,5
RES-fa10bb85548a1cef688bdbffb09c2981,2026-10-15 18:00:00,True,0.0048247487070679305,21,False,LOW,TOP_15_PERCENT_DAILY_COHORT,SUCCESS,reservation-no-show-v1.0,reservation-no-show-feature-v1.0,29,5
RES-c696c120ad97ca871564babf4768ee13,2026-11-01 18:00:00,True,0.023905853420240614,2,True,HIGH,TOP_15_PERCENT_DAILY_COHORT,SUCCESS,reservation-no-show-v1.0,reservation-no-show-feature-v1.0,29,5
RES-5f3d18fa5c9e892e7df2759e45e1b9df,2026-11-18 18:00:00,True,0.0062987112888507595,28,False,LOW,TOP_15_PERCENT_DAILY_COHORT,SUCCESS,reservation-no-show-v1.0,reservation-no-show-feature-v1.0,29,5
RES-43c91b737f792b4d1ca83306004759ba,2026-12-05 18:00:00,True,0.004898838916994144,18,False,LOW,TOP_15_PERCENT_DAILY_COHORT,SUCCESS,reservation-no-show-v1.0,reservation-no-show-feature-v1.0,29,5
RES-451b598a6ccc1683bcae6879344777df,2026-12-22 18:00:00,True,0.02302624317866363,2,True,HIGH,TOP_15_PERCENT_DAILY_COHORT,SUCCESS,reservation-no-show-v1.0,reservation-no-show-feature-v1.0,29,5
RES-eb06c845ba20020e0d6f06e79ed48f08,2026-08-07 18:00:00,True,0.01333530881343996,9,False,LOW,TOP_15_PERCENT_DAILY_COHORT,SUCCESS,reservation-no-show-v1.0,reservation-no-show-feature-v1.0,29,5
RES-09247294c0700d3a07e4fe4134fe238d,2026-08-24 18:00:00,True,0.004852889892166706,23,False,LOW,TOP_15_PERCENT_DAILY_COHORT,SUCCESS,reservation-no-show-v1.0,reservation-no-show-feature-v1.0,29,5
RES-aa80c4f94368c29d112024e31b4d0bd4,2026-09-10 18:00:00,True,0.005924917597793488,25,False,LOW,TOP_15_PERCENT_DAILY_COHORT,SUCCESS,reservation-no-show-v1.0,reservation-no-show-feature-v1.0,29,5
RES-0c6cf601b454be14ece34dea44b73435,2026-09-27 18:00:00,True,0.026346149794508084,3,True,HIGH,TOP_15_PERCENT_DAILY_COHORT,SUCCESS,reservation-no-show-v1.0,reservation-no-show-feature-v1.0,29,5
RES-3657b36fc876fb3a955642ca09d0753c,2026-10-14 18:00:00,True,0.00471296958923221,18,False,LOW,TOP_15_PERCENT_DAILY_COHORT,SUCCESS,reservation-no-show-v1.0,reservation-no-show-feature-v1.0,29,5
RES-5a2182a705366850e0216297030a66f1,2026-10-31 18:00:00,True,0.006540714523904734,11,False,LOW,TOP_15_PERCENT_DAILY_COHORT,SUCCESS,reservation-no-show-v1.0,reservation-no-show-feature-v1.0,29,5
RES-e3c5842dbda88da2a8352301624209f3,2026-11-17 18:00:00,True,0.023336874522855086,4,True,HIGH,TOP_15_PERCENT_DAILY_COHORT,SUCCESS,reservation-no-show-v1.0,reservation-no-show-feature-v1.0,29,5
RES-f788632d5b789d14c0852b6d005f4ada,2026-12-04 18:00:00,True,0.008534409652515331,14,False,LOW,TOP_15_PERCENT_DAILY_COHORT,SUCCESS,reservation-no-show-v1.0,reservation-no-show-feature-v1.0,29,5
RES-b4f07190047456775c07c079d0dbcdae,2026-12-21 18:00:00,True,0.004526468025311758,21,False,LOW,TOP_15_PERCENT_DAILY_COHORT,SUCCESS,reservation-no-show-v1.0,reservation-no-show-feature-v1.0,29,5
RES-c028521de4c7aae92adcd63fc6bcba84,2026-08-06 18:00:00,True,0.007176322957590612,20,False,LOW,TOP_15_PERCENT_DAILY_COHORT,SUCCESS,reservation-no-show-v1.0,reservation-no-show-feature-v1.0,29,5
RES-2bc0b9b71c927a37495b23c6a70fb900,2026-08-23 18:00:00,True,0.016396560989992297,1,True,HIGH,TOP_15_PERCENT_DAILY_COHORT,SUCCESS,reservation-no-show-v1.0,reservation-no-show-feature-v1.0,29,5
RES-6674d82de5a54814c5869b8cbbaab6b6,2026-09-09 18:00:00,True,0.005717944644164021,13,False,LOW,TOP_15_PERCENT_DAILY_COHORT,SUCCESS,reservation-no-show-v1.0,reservation-no-show-feature-v1.0,29,5
RES-3ca7cd6203f71c3e2431583184df4300,2026-09-26 18:00:00,True,0.006044122296035554,28,False,LOW,TOP_15_PERCENT_DAILY_COHORT,SUCCESS,reservation-no-show-v1.0,reservation-no-show-feature-v1.0,29,5
RES-f87507a12711b4473b6cd781c7e8ecac,2026-10-13 18:00:00,True,0.023338786919236847,8,False,LOW,TOP_15_PERCENT_DAILY_COHORT,SUCCESS,reservation-no-show-v1.0,reservation-no-show-feature-v1.0,29,5
RES-97153002331ec40f3a5f4a42570c99c5,2026-10-30 18:00:00,True,0.004807908775553922,17,False,LOW,TOP_15_PERCENT_DAILY_COHORT,SUCCESS,reservation-no-show-v1.0,reservation-no-show-feature-v1.0,29,5
RES-59e5416c3285c67eb7a395c88b559e85,2026-11-16 18:00:00,True,0.004989720479534652,23,False,LOW,TOP_15_PERCENT_DAILY_COHORT,SUCCESS,reservation-no-show-v1.0,reservation-no-show-feature-v1.0,29,5
RES-d907d73eff71a85788a1a6bfc8a94406,2026-12-03 18:00:00,True,0.02066572387040343,9,False,LOW,TOP_15_PERCENT_DAILY_COHORT,SUCCESS,reservation-no-show-v1.0,reservation-no-show-feature-v1.0,29,5
RES-53ca4e509665bf12ce22cc5ce72351ff,2026-12-20 18:00:00,True,0.00788788202550477,18,False,LOW,TOP_15_PERCENT_DAILY_COHORT,SUCCESS,reservation-no-show-v1.0,reservation-no-show-feature-v1.0,29,5
RES-7814fb5e1c99743b1a60a2b9c1853b86,2026-08-05 18:00:00,True,0.007725300840774852,16,False,LOW,TOP_15_PERCENT_DAILY_COHORT,SUCCESS,reservation-no-show-v1.0,reservation-no-show-feature-v1.0,29,5
RES-436c57bd58d968c19c70448e89a4e7a2,2026-08-22 18:00:00,True,0.0066522571148121155,24,False,LOW,TOP_15_PERCENT_DAILY_COHORT,SUCCESS,reservation-no-show-v1.0,reservation-no-show-feature-v1.0,29,5
RES-0b52a867ae50f42298672a171fa2e99f,2026-09-08 18:00:00,True,0.01450800176823347,6,False,LOW,TOP_15_PERCENT_DAILY_COHORT,SUCCESS,reservation-no-show-v1.0,reservation-no-show-feature-v1.0,29,5
RES-4df88c3d9278e7718d3cb2250f98f37d,2026-09-25 18:00:00,True,0.004815116968738063,24,False,LOW,TOP_15_PERCENT_DAILY_COHORT,SUCCESS,reservation-no-show-v1.0,reservation-no-show-feature-v1.0,29,5
RES-0124a2d2eb975ef449eacbd75bffd4d0,2026-10-12 18:00:00,True,0.0067431582651854656,17,False,LOW,TOP_15_PERCENT_DAILY_COHORT,SUCCESS,reservation-no-show-v1.0,reservation-no-show-feature-v1.0,29,5
RES-7de7dc1acba4d6b7f806441d80067036,2026-10-29 18:00:00,True,0.025030856355386284,5,True,HIGH,TOP_15_PERCENT_DAILY_COHORT,SUCCESS,reservation-no-show-v1.0,reservation-no-show-feature-v1.0,29,5
RES-7666f8144905093535ea900041df9d1c,2026-11-15 18:00:00,True,0.0044282002852817975,25,False,LOW,TOP_15_PERCENT_DAILY_COHORT,SUCCESS,reservation-no-show-v1.0,reservation-no-show-feature-v1.0,29,5
RES-27ced3403874f66ce8287ad3c9216c7f,2026-12-02 18:00:00,True,0.006470113830115861,10,False,LOW,TOP_15_PERCENT_DAILY_COHORT,SUCCESS,reservation-no-show-v1.0,reservation-no-show-feature-v1.0,29,5
RES-cf41f3bfe5f21332127f5231bbf6129d,2026-12-19 18:00:00,True,0.021075214434339812,8,False,LOW,TOP_15_PERCENT_DAILY_COHORT,SUCCESS,reservation-no-show-v1.0,reservation-no-show-feature-v1.0,29,5
RES-8fd43d5750c8e7acb1f2fb62901720b8,2026-08-04 18:00:00,True,0.014529540376545158,9,False,LOW,TOP_15_PERCENT_DAILY_COHORT,SUCCESS,reservation-no-show-v1.0,reservation-no-show-feature-v1.0,29,5
RES-2e55d3c760d562e5dba807f4292919e4,2026-08-21 18:00:00,True,0.007161433930294381,20,False,LOW,TOP_15_PERCENT_DAILY_COHORT,SUCCESS,reservation-no-show-v1.0,reservation-no-show-feature-v1.0,29,5
RES-50aa70a4b94e2cec368a74fcb8fbb632,2026-09-07 18:00:00,True,0.007421102088029401,21,False,LOW,TOP_15_PERCENT_DAILY_COHORT,SUCCESS,reservation-no-show-v1.0,reservation-no-show-feature-v1.0,29,5
RES-86e5f0051624b93b04be980ea546e5c8,2026-09-24 18:00:00,True,0.015570043180888029,4,True,HIGH,TOP_15_PERCENT_DAILY_COHORT,SUCCESS,reservation-no-show-v1.0,reservation-no-show-feature-v1.0,29,5
RES-15afd3ff34520d7fbf2bc20dcb990d74,2026-10-11 18:00:00,True,0.0053727800531742,21,False,LOW,TOP_15_PERCENT_DAILY_COHORT,SUCCESS,reservation-no-show-v1.0,reservation-no-show-feature-v1.0,29,5
RES-1108346ff3d5ee7a54912bf8627c4636,2026-10-28 18:00:00,True,0.006579911942659048,20,False,LOW,TOP_15_PERCENT_DAILY_COHORT,SUCCESS,reservation-no-show-v1.0,reservation-no-show-feature-v1.0,29,5
RES-296c650740ff4fab73300667493fcc8f,2026-11-14 18:00:00,True,0.023160476019067386,6,False,LOW,TOP_15_PERCENT_DAILY_COHORT,SUCCESS,reservation-no-show-v1.0,reservation-no-show-feature-v1.0,29,5
RES-89d921ddbfb190126c359c03bc6cdd79,2026-12-01 18:00:00,True,0.003912675670946826,28,False,LOW,TOP_15_PERCENT_DAILY_COHORT,SUCCESS,reservation-no-show-v1.0,reservation-no-show-feature-v1.0,29,5
RES-8be1519e643d59c9d0f931b3fc84c472,2026-12-18 18:00:00,True,0.004950887820977323,20,False,LOW,TOP_15_PERCENT_DAILY_COHORT,SUCCESS,reservation-no-show-v1.0,reservation-no-show-feature-v1.0,29,5
RES-c8e2508d28b15fd654e0d3ebd83d5ff9,2026-08-03 18:00:00,True,0.00555437061772616,13,False,LOW,TOP_15_PERCENT_DAILY_COHORT,SUCCESS,reservation-no-show-v1.0,reservation-no-show-feature-v1.0,29,5
RES-45be6b6c8fc01bc5f4de13f50a550de5,2026-08-20 18:00:00,True,0.014180483334537598,9,False,LOW,TOP_15_PERCENT_DAILY_COHORT,SUCCESS,reservation-no-show-v1.0,reservation-no-show-feature-v1.0,29,5
RES-78be2086bff21dc7b7f4d459c1c776ad,2026-09-06 18:00:00,True,0.00725984665648374,21,False,LOW,TOP_15_PERCENT_DAILY_COHORT,SUCCESS,reservation-no-show-v1.0,reservation-no-show-feature-v1.0,29,5
RES-2fb94479e409e7f7a9a5756b94ce3360,2026-09-23 18:00:00,True,0.010612451861155647,10,False,LOW,TOP_15_PERCENT_DAILY_COHORT,SUCCESS,reservation-no-show-v1.0,reservation-no-show-feature-v1.0,29,5
RES-609687ed6281e9684153b0c3990141f4,2026-10-10 18:00:00,True,0.023105625843318118,1,True,HIGH,TOP_15_PERCENT_DAILY_COHORT,SUCCESS,reservation-no-show-v1.0,reservation-no-show-feature-v1.0,29,5
RES-35f7857dd4b354c13ac2e598bb770707,2026-10-27 18:00:00,True,0.00432723440863413,29,False,LOW,TOP_15_PERCENT_DAILY_COHORT,SUCCESS,reservation-no-show-v1.0,reservation-no-show-feature-v1.0,29,5
RES-30730055b46adeab30b1a1ef375f65b8,2026-11-13 18:00:00,True,0.006690771182581051,24,False,LOW,TOP_15_PERCENT_DAILY_COHORT,SUCCESS,reservation-no-show-v1.0,reservation-no-show-feature-v1.0,29,5
RES-1f5f4f3c1cb5ddc255b8d72d9b92f05e,2026-11-30 18:00:00,True,0.031100607789686558,2,True,HIGH,TOP_15_PERCENT_DAILY_COHORT,SUCCESS,reservation-no-show-v1.0,reservation-no-show-feature-v1.0,29,5
RES-11267d76f859bedd1e50744e16c86bcb,2026-12-17 18:00:00,True,0.005091437158689088,15,False,LOW,TOP_15_PERCENT_DAILY_COHORT,SUCCESS,reservation-no-show-v1.0,reservation-no-show-feature-v1.0,29,5
RES-49ce48a4062c60fc34a73e131d461bab,2026-08-02 18:00:00,True,0.006597635899926322,28,False,LOW,TOP_15_PERCENT_DAILY_COHORT,SUCCESS,reservation-no-show-v1.0,reservation-no-show-feature-v1.0,29,5
RES-713eec8066958e74117af808cc769fd3,2026-08-19 18:00:00,True,0.004064200126905056,25,False,LOW,TOP_15_PERCENT_DAILY_COHORT,SUCCESS,reservation-no-show-v1.0,reservation-no-show-feature-v1.0,29,5
RES-d2113e375549dceaa80352abd7f09ee5,2026-09-05 18:00:00,True,0.01585342537513054,5,True,HIGH,TOP_15_PERCENT_DAILY_COHORT,SUCCESS,reservation-no-show-v1.0,reservation-no-show-feature-v1.0,29,5
RES-d0c9228097aec2b842e9448e5e6f7468,2026-09-22 18:00:00,True,0.007795492419607382,14,False,LOW,TOP_15_PERCENT_DAILY_COHORT,SUCCESS,reservation-no-show-v1.0,reservation-no-show-feature-v1.0,29,5
RES-1520d35da072af381076eb9a412db616,2026-10-09 18:00:00,True,0.008102614470795197,14,False,LOW,TOP_15_PERCENT_DAILY_COHORT,SUCCESS,reservation-no-show-v1.0,reservation-no-show-feature-v1.0,29,5
RES-e7d1c3e7ba37df39d02c05617a3b77a1,2026-10-26 18:00:00,True,0.01866041039784643,1,True,HIGH,TOP_15_PERCENT_DAILY_COHORT,SUCCESS,reservation-no-show-v1.0,reservation-no-show-feature-v1.0,29,5
RES-209dea0f2fa94136a05e43f8d830a1a7,2026-11-12 18:00:00,True,0.005099068250060915,20,False,LOW,TOP_15_PERCENT_DAILY_COHORT,SUCCESS,reservation-no-show-v1.0,reservation-no-show-feature-v1.0,29,5
RES-b5719d3f09fb272de69889526dbe34b2,2026-11-29 18:00:00,True,0.007487927021245467,15,False,LOW,TOP_15_PERCENT_DAILY_COHORT,SUCCESS,reservation-no-show-v1.0,reservation-no-show-feature-v1.0,29,5
RES-dab1273f83be13a83ffb9b76ef505ab6,2026-12-16 18:00:00,True,0.025175138109489875,3,True,HIGH,TOP_15_PERCENT_DAILY_COHORT,SUCCESS,reservation-no-show-v1.0,reservation-no-show-feature-v1.0,29,5
RES-05658160c18f89a696816af1b0969d96,2026-08-01 18:00:00,True,0.02576386317412577,3,True,HIGH,TOP_15_PERCENT_DAILY_COHORT,SUCCESS,reservation-no-show-v1.0,reservation-no-show-feature-v1.0,29,5
RES-4841395a6c5133483b88be3848b3d943,2026-08-18 18:00:00,True,0.008578322096758026,16,False,LOW,TOP_15_PERCENT_DAILY_COHORT,SUCCESS,reservation-no-show-v1.0,reservation-no-show-feature-v1.0,29,5
RES-0c0b19e12f29a7c81a5838c6ea925c8c,2026-09-04 18:00:00,True,0.0060655004386285655,10,False,LOW,TOP_15_PERCENT_DAILY_COHORT,SUCCESS,reservation-no-show-v1.0,reservation-no-show-feature-v1.0,29,5
RES-97dd2aff96a2c131bb9633e4854467ec,2026-09-21 18:00:00,True,0.014660641411899641,10,False,LOW,TOP_15_PERCENT_DAILY_COHORT,SUCCESS,reservation-no-show-v1.0,reservation-no-show-feature-v1.0,29,5
RES-1e09ac6e8088e310896d398a48a08805,2026-10-08 18:00:00,True,0.00626139560924254,24,False,LOW,TOP_15_PERCENT_DAILY_COHORT,SUCCESS,reservation-no-show-v1.0,reservation-no-show-feature-v1.0,29,5
RES-7ca34fa1a7b26e2176c52bd78cc3d0de,2026-10-25 18:00:00,True,0.009066445636442518,10,False,LOW,TOP_15_PERCENT_DAILY_COHORT,SUCCESS,reservation-no-show-v1.0,reservation-no-show-feature-v1.0,29,5
RES-303ac917cab27ac5a38d4d929c539d14,2026-11-11 18:00:00,True,0.01566066729308177,6,False,LOW,TOP_15_PERCENT_DAILY_COHORT,SUCCESS,reservation-no-show-v1.0,reservation-no-show-feature-v1.0,29,5
RES-0805911bb01fc038457ee76042c4ae87,2026-11-28 18:00:00,True,0.005725133276520735,16,False,LOW,TOP_15_PERCENT_DAILY_COHORT,SUCCESS,reservation-no-show-v1.0,reservation-no-show-feature-v1.0,29,5
RES-88dee7b48351fe37a9966689fa6cf7e2,2026-12-15 18:00:00,True,0.0060139900013638755,26,False,LOW,TOP_15_PERCENT_DAILY_COHORT,SUCCESS,reservation-no-show-v1.0,reservation-no-show-feature-v1.0,29,5
RES-250bcdc4b9cbfd2755262d859670fd8f,2026-07-31 18:00:00,True,0.006074582550843628,14,False,LOW,TOP_15_PERCENT_DAILY_COHORT,SUCCESS,reservation-no-show-v1.0,reservation-no-show-feature-v1.0,29,5
RES-bffc6be8c358bec6d70ffa516140635c,2026-08-17 18:00:00,True,0.03158687459809217,1,True,HIGH,TOP_15_PERCENT_DAILY_COHORT,SUCCESS,reservation-no-show-v1.0,reservation-no-show-feature-v1.0,29,5
RES-6bacf6e348cc45da3cb29d7e7f649a67,2026-09-03 18:00:00,True,0.0068912400119643,24,False,LOW,TOP_15_PERCENT_DAILY_COHORT,SUCCESS,reservation-no-show-v1.0,reservation-no-show-feature-v1.0,29,5
RES-1841b4459ff67aa2b90555f6ce73c10d,2026-09-20 18:00:00,True,0.00509249079985734,19,False,LOW,TOP_15_PERCENT_DAILY_COHORT,SUCCESS,reservation-no-show-v1.0,reservation-no-show-feature-v1.0,29,5
RES-0aa96c0d91a08aa2eea883f33d51e4cb,2026-10-07 18:00:00,True,0.015683889916764133,8,False,LOW,TOP_15_PERCENT_DAILY_COHORT,SUCCESS,reservation-no-show-v1.0,reservation-no-show-feature-v1.0,29,5
RES-7a2e71a0ba9b94a5efc89a143d3fc782,2026-10-24 18:00:00,True,0.0063873264835123044,26,False,LOW,TOP_15_PERCENT_DAILY_COHORT,SUCCESS,reservation-no-show-v1.0,reservation-no-show-feature-v1.0,29,5
RES-320cab1641c645e67bbbf4d114318724,2026-11-10 18:00:00,True,0.008015290597222589,13,False,LOW,TOP_15_PERCENT_DAILY_COHORT,SUCCESS,reservation-no-show-v1.0,reservation-no-show-feature-v1.0,29,5
RES-907861edc29b3bb44eb8e3266b2d4470,2026-11-27 18:00:00,True,0.015972600353550526,7,False,LOW,TOP_15_PERCENT_DAILY_COHORT,SUCCESS,reservation-no-show-v1.0,reservation-no-show-feature-v1.0,29,5
RES-1fdcbbff802abdbf7d8666f69e916774,2026-12-14 18:00:00,True,0.004352710045313412,29,False,LOW,TOP_15_PERCENT_DAILY_COHORT,SUCCESS,reservation-no-show-v1.0,reservation-no-show-feature-v1.0,29,5
RES-cb7ae0e47cec18b2b430b6e73340f5c9,2026-10-17 18:00:00,True,0.025524587524976074,4,True,HIGH,TOP_15_PERCENT_DAILY_COHORT,SUCCESS,reservation-no-show-v1.0,reservation-no-show-feature-v1.0,30,5
RES-badc3179cb98910f42af08cadc39522b,2026-07-30 18:00:00,True,0.004700435800738409,17,False,LOW,TOP_15_PERCENT_DAILY_COHORT,SUCCESS,reservation-no-show-v1.0,reservation-no-show-feature-v1.0,29,5
RES-7ec2ebc8f09600a055956bf7e1071906,2026-08-16 18:00:00,True,0.004633606442186502,26,False,LOW,TOP_15_PERCENT_DAILY_COHORT,SUCCESS,reservation-no-show-v1.0,reservation-no-show-feature-v1.0,29,5
RES-2a26332bb45e62fc3c1422419153e013,2026-09-02 18:00:00,True,0.021115614798334036,9,False,LOW,TOP_15_PERCENT_DAILY_COHORT,SUCCESS,reservation-no-show-v1.0,reservation-no-show-feature-v1.0,29,5
RES-2061b0004c2e41ef9111c63a4e81f13b,2026-09-19 18:00:00,True,0.008511799944933314,13,False,LOW,TOP_15_PERCENT_DAILY_COHORT,SUCCESS,reservation-no-show-v1.0,reservation-no-show-feature-v1.0,29,5
RES-316bb6d3d9f8fd046f20234eea366b38,2026-10-06 18:00:00,True,0.005451619176134699,14,False,LOW,TOP_15_PERCENT_DAILY_COHORT,SUCCESS,reservation-no-show-v1.0,reservation-no-show-feature-v1.0,29,5
RES-6ff61c95114e1a933c9b9534bc12f9e9,2026-10-23 18:00:00,True,0.017586589507944863,5,True,HIGH,TOP_15_PERCENT_DAILY_COHORT,SUCCESS,reservation-no-show-v1.0,reservation-no-show-feature-v1.0,29,5
RES-11121ee9c973fce0ec7efcb78aa8378f,2026-11-09 18:00:00,True,0.006475170771150847,20,False,LOW,TOP_15_PERCENT_DAILY_COHORT,SUCCESS,reservation-no-show-v1.0,reservation-no-show-feature-v1.0,29,5
RES-03bbb21b536d41c5fb4ef1055c2e08cc,2026-11-26 18:00:00,True,0.0071078228887679834,21,False,LOW,TOP_15_PERCENT_DAILY_COHORT,SUCCESS,reservation-no-show-v1.0,reservation-no-show-feature-v1.0,29,5
RES-b422b75c271987914fb4b87f89947d19,2026-12-13 18:00:00,True,0.013389196796655603,9,False,LOW,TOP_15_PERCENT_DAILY_COHORT,SUCCESS,reservation-no-show-v1.0,reservation-no-show-feature-v1.0,29,5
RES-12a31eab94f1f420c8a4e2b8d2884497,2026-07-29 18:00:00,True,0.02327787767458437,7,False,LOW,TOP_15_PERCENT_DAILY_COHORT,SUCCESS,reservation-no-show-v1.0,reservation-no-show-feature-v1.0,29,5
RES-8c95771525fc4c6aca267ba73631383b,2026-08-15 18:00:00,True,0.003944953881279764,28,False,LOW,TOP_15_PERCENT_DAILY_COHORT,SUCCESS,reservation-no-show-v1.0,reservation-no-show-feature-v1.0,29,5
RES-6a78b6478bda1aa7efa644dcdd2729f6,2026-09-01 18:00:00,True,0.008007964112349872,10,False,LOW,TOP_15_PERCENT_DAILY_COHORT,SUCCESS,reservation-no-show-v1.0,reservation-no-show-feature-v1.0,29,5
RES-04ea42f5205548cf05fccb208a685883,2026-09-18 18:00:00,True,0.023661426836779142,6,False,LOW,TOP_15_PERCENT_DAILY_COHORT,SUCCESS,reservation-no-show-v1.0,reservation-no-show-feature-v1.0,29,5
RES-7a3ed152f252f9698626340d081c9ed5,2026-10-05 18:00:00,True,0.011488975675102795,12,False,LOW,TOP_15_PERCENT_DAILY_COHORT,SUCCESS,reservation-no-show-v1.0,reservation-no-show-feature-v1.0,29,5
RES-d932de2b1d9839e641bb2c6b06553e85,2026-10-22 18:00:00,True,0.004832988715688793,16,False,LOW,TOP_15_PERCENT_DAILY_COHORT,SUCCESS,reservation-no-show-v1.0,reservation-no-show-feature-v1.0,29,5
RES-fd54f6d5d89ba4767394dc25ad5a0ce8,2026-11-08 18:00:00,True,0.016214116803755094,8,False,LOW,TOP_15_PERCENT_DAILY_COHORT,SUCCESS,reservation-no-show-v1.0,reservation-no-show-feature-v1.0,29,5
RES-0ffbebfb30a5082c858cd0a2e205fb5d,2026-11-25 18:00:00,True,0.006953327110654264,18,False,LOW,TOP_15_PERCENT_DAILY_COHORT,SUCCESS,reservation-no-show-v1.0,reservation-no-show-feature-v1.0,29,5
RES-a984b2232e69f86cf2b14307773a01a7,2026-12-12 18:00:00,True,0.011651315734386205,10,False,LOW,TOP_15_PERCENT_DAILY_COHORT,SUCCESS,reservation-no-show-v1.0,reservation-no-show-feature-v1.0,29,5
RES-44f245f04a417ff4148fa4af6fbbeb5f,2026-07-28 18:00:00,True,0.007400803409364872,18,False,LOW,TOP_15_PERCENT_DAILY_COHORT,SUCCESS,reservation-no-show-v1.0,reservation-no-show-feature-v1.0,29,5
RES-71e18a0e9baaba40af7e65d6f0834b3b,2026-08-14 18:00:00,True,0.021535591818033894,8,False,LOW,TOP_15_PERCENT_DAILY_COHORT,SUCCESS,reservation-no-show-v1.0,reservation-no-show-feature-v1.0,29,5
RES-bebfd0eafe5d9bdf64e94d956cc64989,2026-08-31 18:00:00,True,0.0039993436534902895,28,False,LOW,TOP_15_PERCENT_DAILY_COHORT,SUCCESS,reservation-no-show-v1.0,reservation-no-show-feature-v1.0,29,5
RES-d0948f1c9aef0a02b649cbcd09c99a05,2026-09-17 18:00:00,True,0.005327443543024324,15,False,LOW,TOP_15_PERCENT_DAILY_COHORT,SUCCESS,reservation-no-show-v1.0,reservation-no-show-feature-v1.0,29,5
RES-6111239b6c26cd4785ebf0b00c099ba9,2026-10-04 18:00:00,True,0.028932806160757676,2,True,HIGH,TOP_15_PERCENT_DAILY_COHORT,SUCCESS,reservation-no-show-v1.0,reservation-no-show-feature-v1.0,29,5
RES-b22cfa0330c13c75f4b09d2ac6549886,2026-10-21 18:00:00,True,0.007652238105200794,20,False,LOW,TOP_15_PERCENT_DAILY_COHORT,SUCCESS,reservation-no-show-v1.0,reservation-no-show-feature-v1.0,29,5
RES-2d4b2c066fe42eb3956e9ccd2d180457,2026-11-07 18:00:00,True,0.004056288931689668,26,False,LOW,TOP_15_PERCENT_DAILY_COHORT,SUCCESS,reservation-no-show-v1.0,reservation-no-show-feature-v1.0,29,5
RES-9800558e242e210d206b149935bc07ed,2026-11-24 18:00:00,True,0.021020691872378997,2,True,HIGH,TOP_15_PERCENT_DAILY_COHORT,SUCCESS,reservation-no-show-v1.0,reservation-no-show-feature-v1.0,29,5
RES-ccdddc50a1834d22aefbdb07b8417f29,2026-12-11 18:00:00,True,0.006424852195772518,27,False,LOW,TOP_15_PERCENT_DAILY_COHORT,SUCCESS,reservation-no-show-v1.0,reservation-no-show-feature-v1.0,29,5
RES-0c57034b0ba4a91f24fd1d745d234885,2026-08-13 18:00:00,True,0.006541486533719427,21,False,LOW,TOP_15_PERCENT_DAILY_COHORT,SUCCESS,reservation-no-show-v1.0,reservation-no-show-feature-v1.0,29,5
RES-546da87145abe4bc0f40dd0e4b78073d,2026-08-30 18:00:00,True,0.029025777422639624,3,True,HIGH,TOP_15_PERCENT_DAILY_COHORT,SUCCESS,reservation-no-show-v1.0,reservation-no-show-feature-v1.0,29,5
RES-e04da7209fc4426e6dc12a1f38175067,2026-09-16 18:00:00,True,0.004295463993890856,25,False,LOW,TOP_15_PERCENT_DAILY_COHORT,SUCCESS,reservation-no-show-v1.0,reservation-no-show-feature-v1.0,29,5
RES-549218b21339e9b9b6425be0eae19d71,2026-10-03 18:00:00,True,0.0059622653003564945,11,False,LOW,TOP_15_PERCENT_DAILY_COHORT,SUCCESS,reservation-no-show-v1.0,reservation-no-show-feature-v1.0,29,5
RES-f95911a9f726fb48c843490fb815c4b8,2026-10-20 18:00:00,True,0.02341037935279812,4,True,HIGH,TOP_15_PERCENT_DAILY_COHORT,SUCCESS,reservation-no-show-v1.0,reservation-no-show-feature-v1.0,29,5
RES-383e1cc300d2cbd86fd2d9d1a777ba63,2026-11-06 18:00:00,True,0.0064253878134582325,28,False,LOW,TOP_15_PERCENT_DAILY_COHORT,SUCCESS,reservation-no-show-v1.0,reservation-no-show-feature-v1.0,29,5
RES-a1dc76acd74022026cae2c87bac40899,2026-11-23 18:00:00,True,0.005501266764723467,12,False,LOW,TOP_15_PERCENT_DAILY_COHORT,SUCCESS,reservation-no-show-v1.0,reservation-no-show-feature-v1.0,29,5
RES-fc2679da8f7551dd7db1cef36a1f2fa5,2026-12-10 18:00:00,True,0.015396651682803143,8,False,LOW,TOP_15_PERCENT_DAILY_COHORT,SUCCESS,reservation-no-show-v1.0,reservation-no-show-feature-v1.0,29,5
RES-dd063d465203aa7754654e7d0eb6f94d,2026-08-12 18:00:00,True,0.0043019072320818145,29,False,LOW,TOP_15_PERCENT_DAILY_COHORT,SUCCESS,reservation-no-show-v1.0,reservation-no-show-feature-v1.0,29,5
RES-b65aa032f28d607492553d14a898a2bd,2026-08-29 18:00:00,True,0.00667301284437434,21,False,LOW,TOP_15_PERCENT_DAILY_COHORT,SUCCESS,reservation-no-show-v1.0,reservation-no-show-feature-v1.0,29,5
RES-925d8251abd0b6b97f7246f1f0fedf7d,2026-09-15 18:00:00,True,0.025720620311941077,3,True,HIGH,TOP_15_PERCENT_DAILY_COHORT,SUCCESS,reservation-no-show-v1.0,reservation-no-show-feature-v1.0,29,5
RES-81d777e19b51eb8fc890d093f49db038,2026-10-02 18:00:00,True,0.0043680037802880595,26,False,LOW,TOP_15_PERCENT_DAILY_COHORT,SUCCESS,reservation-no-show-v1.0,reservation-no-show-feature-v1.0,29,5
RES-a92d036bc685fd90e353eae989c19ec8,2026-10-19 18:00:00,True,0.0045478105086113494,26,False,LOW,TOP_15_PERCENT_DAILY_COHORT,SUCCESS,reservation-no-show-v1.0,reservation-no-show-feature-v1.0,29,5
RES-0f6d307835261f13cc26dcf65e831673,2026-11-05 18:00:00,True,0.021856415565030828,9,False,LOW,TOP_15_PERCENT_DAILY_COHORT,SUCCESS,reservation-no-show-v1.0,reservation-no-show-feature-v1.0,29,5
RES-46f4586ce68e30558e90645e4b41bb35,2026-11-22 18:00:00,True,0.007913120970327005,20,False,LOW,TOP_15_PERCENT_DAILY_COHORT,SUCCESS,reservation-no-show-v1.0,reservation-no-show-feature-v1.0,29,5
RES-229a16b1bf7019b28ac8bde3ee33cd87,2026-12-09 18:00:00,True,0.005350758326905192,13,False,LOW,TOP_15_PERCENT_DAILY_COHORT,SUCCESS,reservation-no-show-v1.0,reservation-no-show-feature-v1.0,29,5
RES-3b0e6996563b31c115dd5e532de6effb,2026-08-11 18:00:00,True,0.013234326222770576,8,False,LOW,TOP_15_PERCENT_DAILY_COHORT,SUCCESS,reservation-no-show-v1.0,reservation-no-show-feature-v1.0,29,5
RES-e31954983c748ece4e52db06b119a8a7,2026-08-28 18:00:00,True,0.004388602392063097,29,False,LOW,TOP_15_PERCENT_DAILY_COHORT,SUCCESS,reservation-no-show-v1.0,reservation-no-show-feature-v1.0,29,5
RES-3822d85c0ed2fd54d5dbbc8a54e98827,2026-09-14 18:00:00,True,0.006146916052745707,24,False,LOW,TOP_15_PERCENT_DAILY_COHORT,SUCCESS,reservation-no-show-v1.0,reservation-no-show-feature-v1.0,29,5
RES-a8cd62cbd0f168deeb0bd4f102519081,2026-10-01 18:00:00,True,0.022782989644255285,7,False,LOW,TOP_15_PERCENT_DAILY_COHORT,SUCCESS,reservation-no-show-v1.0,reservation-no-show-feature-v1.0,29,5
RES-0524885514922511088fd404093becee,2026-10-18 18:00:00,True,0.0040358191202304215,27,False,LOW,TOP_15_PERCENT_DAILY_COHORT,SUCCESS,reservation-no-show-v1.0,reservation-no-show-feature-v1.0,29,5
RES-f9bbfdfa8bf1651bace8ee35ae24980c,2026-11-04 18:00:00,True,0.007143010236181847,11,False,LOW,TOP_15_PERCENT_DAILY_COHORT,SUCCESS,reservation-no-show-v1.0,reservation-no-show-feature-v1.0,29,5
RES-c8d5dbb8e22ba7e7a6f64543a670b315,2026-11-21 18:00:00,True,0.021141749852325555,8,False,LOW,TOP_15_PERCENT_DAILY_COHORT,SUCCESS,reservation-no-show-v1.0,reservation-no-show-feature-v1.0,29,5
RES-ea77e39762c28658a1bf40654e5fc9aa,2026-12-08 18:00:00,True,0.006356023995754527,26,False,LOW,TOP_15_PERCENT_DAILY_COHORT,SUCCESS,reservation-no-show-v1.0,reservation-no-show-feature-v1.0,29,5
RES-fe0d2b6d45593783421421c6c953ddf3,2026-08-10 18:00:00,True,0.009013631105958413,14,False,LOW,TOP_15_PERCENT_DAILY_COHORT,SUCCESS,reservation-no-show-v1.0,reservation-no-show-feature-v1.0,30,5
RES-2a82de9695f5c92c64621a09b725eb64,2026-08-27 18:00:00,True,0.015619475833008673,5,True,HIGH,TOP_15_PERCENT_DAILY_COHORT,SUCCESS,reservation-no-show-v1.0,reservation-no-show-feature-v1.0,30,5
RES-9aae97c4f3c91fccba5e5eab94ffbdeb,2026-09-13 18:00:00,True,0.005390015119487846,19,False,LOW,TOP_15_PERCENT_DAILY_COHORT,SUCCESS,reservation-no-show-v1.0,reservation-no-show-feature-v1.0,30,5
RES-bbeacda66132f1ee4eb34a5114cbb8ae,2026-09-30 18:00:00,True,0.0072409598033237104,16,False,LOW,TOP_15_PERCENT_DAILY_COHORT,SUCCESS,reservation-no-show-v1.0,reservation-no-show-feature-v1.0,30,5
RES-4480b51a4fd0d45b4345a28151233248,2026-11-03 18:00:00,True,0.004755922505359204,19,False,LOW,TOP_15_PERCENT_DAILY_COHORT,SUCCESS,reservation-no-show-v1.0,reservation-no-show-feature-v1.0,30,5
RES-b8882b3aff5c31ce66cf549a182c1974,2026-11-20 18:00:00,True,0.005466653008743596,15,False,LOW,TOP_15_PERCENT_DAILY_COHORT,SUCCESS,reservation-no-show-v1.0,reservation-no-show-feature-v1.0,30,5
RES-9164a6d6e08ad4eec0a5e978bda2663d,2026-12-07 18:00:00,True,0.021428134241184373,7,False,LOW,TOP_15_PERCENT_DAILY_COHORT,SUCCESS,reservation-no-show-v1.0,reservation-no-show-feature-v1.0,30,5
RES-c71344e46013d7212b7843c7d1f31530,2026-12-24 18:00:00,True,0.0068254424343003935,23,False,LOW,TOP_15_PERCENT_DAILY_COHORT,SUCCESS,reservation-no-show-v1.0,reservation-no-show-feature-v1.0,30,5
RES-a212822bf3859526f85f8353c4c7bcd9,2026-08-09 18:00:00,True,0.007283090821437592,20,False,LOW,TOP_15_PERCENT_DAILY_COHORT,SUCCESS,reservation-no-show-v1.0,reservation-no-show-feature-v1.0,29,5
RES-1f03481de59e986c1cda7d945c73bca8,2026-08-26 18:00:00,True,0.007994045072485752,18,False,LOW,TOP_15_PERCENT_DAILY_COHORT,SUCCESS,reservation-no-show-v1.0,reservation-no-show-feature-v1.0,29,5
RES-ba1be4ee83e2075843c971674000f702,2026-09-12 18:00:00,True,0.013132176494650918,8,False,LOW,TOP_15_PERCENT_DAILY_COHORT,SUCCESS,reservation-no-show-v1.0,reservation-no-show-feature-v1.0,29,5
RES-67a403b3d6a425550c80cce34133a7ef,2026-09-29 18:00:00,True,0.0047783416828554035,27,False,LOW,TOP_15_PERCENT_DAILY_COHORT,SUCCESS,reservation-no-show-v1.0,reservation-no-show-feature-v1.0,29,5
RES-fbd16034f3187143cfa55cac321c08a4,2026-10-16 18:00:00,True,0.007386445497208154,16,False,LOW,TOP_15_PERCENT_DAILY_COHORT,SUCCESS,reservation-no-show-v1.0,reservation-no-show-feature-v1.0,29,5
RES-b937ee6193f387cf7f368de2969ccc04,2026-11-02 18:00:00,True,0.025868772480512583,6,False,LOW,TOP_15_PERCENT_DAILY_COHORT,SUCCESS,reservation-no-show-v1.0,reservation-no-show-feature-v1.0,29,5
RES-a8ba5645fb47e3a0a843a1e46755d67c,2026-11-19 18:00:00,True,0.005107774354217813,10,False,LOW,TOP_15_PERCENT_DAILY_COHORT,SUCCESS,reservation-no-show-v1.0,reservation-no-show-feature-v1.0,29,5
RES-0655bae0e2a248c959bc5b5db7213e71,2026-12-06 18:00:00,True,0.006712402096146877,13,False,LOW,TOP_15_PERCENT_DAILY_COHORT,SUCCESS,reservation-no-show-v1.0,reservation-no-show-feature-v1.0,29,5
RES-80b547703cb1e9b889e6f894b6faa239,2026-12-23 18:00:00,True,0.020916863376118987,6,False,LOW,TOP_15_PERCENT_DAILY_COHORT,SUCCESS,reservation-no-show-v1.0,reservation-no-show-feature-v1.0,29,5
RES-27e3a5425faace325d8f42d7342ba506,2026-08-08 18:00:00,True,0.017485018563962895,5,True,HIGH,TOP_15_PERCENT_DAILY_COHORT,SUCCESS,reservation-no-show-v1.0,reservation-no-show-feature-v1.0,29,5
RES-52c2a4dc31ef93296624446622621f45,2026-08-25 18:00:00,True,0.008605035289627205,12,False,LOW,TOP_15_PERCENT_DAILY_COHORT,SUCCESS,reservation-no-show-v1.0,reservation-no-show-feature-v1.0,29,5
RES-72438abef8626c088b5d19f1f51ecb2f,2026-09-11 18:00:00,True,0.00738706068358771,18,False,LOW,TOP_15_PERCENT_DAILY_COHORT,SUCCESS,reservation-no-show-v1.0,reservation-no-show-feature-v1.0,29,5
RES-4096c5ceb624e1ecae37687f39584fc5,2026-09-28 18:00:00,True,0.021446525891326604,1,True,HIGH,TOP_15_PERCENT_DAILY_COHORT,SUCCESS,reservation-no-show-v1.0,reservation-no-show-feature-v1.0,29,5
RES-3fe11126f344b2cc2ef11ab8edd6735a,2026-10-15 18:00:00,True,0.00422222699399914,29,False,LOW,TOP_15_PERCENT_DAILY_COHORT,SUCCESS,reservation-no-show-v1.0,reservation-no-show-feature-v1.0,29,5
RES-1cb3df6db9cae8d1250538c119983e03,2026-11-01 18:00:00,True,0.00680448735455934,18,False,LOW,TOP_15_PERCENT_DAILY_COHORT,SUCCESS,reservation-no-show-v1.0,reservation-no-show-feature-v1.0,29,5
RES-7ce7159d0f902bd571c29636efcd858a,2026-11-18 18:00:00,True,0.02525428325448298,4,True,HIGH,TOP_15_PERCENT_DAILY_COHORT,SUCCESS,reservation-no-show-v1.0,reservation-no-show-feature-v1.0,29,5
RES-8a5081ae0e34befd9409b74b075b81d8,2026-12-05 18:00:00,True,0.005716570621193071,12,False,LOW,TOP_15_PERCENT_DAILY_COHORT,SUCCESS,reservation-no-show-v1.0,reservation-no-show-feature-v1.0,29,5
RES-89cfbc04e74627b60100c8852441e51e,2026-12-22 18:00:00,True,0.005407582665948542,16,False,LOW,TOP_15_PERCENT_DAILY_COHORT,SUCCESS,reservation-no-show-v1.0,reservation-no-show-feature-v1.0,29,5
RES-86462c6072bfd84eab70bc2f89d21988,2026-08-07 18:00:00,True,0.004563786608761287,23,False,LOW,TOP_15_PERCENT_DAILY_COHORT,SUCCESS,reservation-no-show-v1.0,reservation-no-show-feature-v1.0,29,5
RES-df1bed76b5aa694d546e6a56fde465ae,2026-08-24 18:00:00,True,0.01777890981527635,5,True,HIGH,TOP_15_PERCENT_DAILY_COHORT,SUCCESS,reservation-no-show-v1.0,reservation-no-show-feature-v1.0,29,5
RES-84117c31aa073532448a2331b3572587,2026-09-10 18:00:00,True,0.006912736203849654,13,False,LOW,TOP_15_PERCENT_DAILY_COHORT,SUCCESS,reservation-no-show-v1.0,reservation-no-show-feature-v1.0,29,5
RES-5c7a0cf8829ef1fb75b3db566f5fc92e,2026-09-27 18:00:00,True,0.006826852454751524,27,False,LOW,TOP_15_PERCENT_DAILY_COHORT,SUCCESS,reservation-no-show-v1.0,reservation-no-show-feature-v1.0,29,5
RES-7563880c2751fc1038b087ca28192fb9,2026-10-14 18:00:00,True,0.01428726487439948,5,True,HIGH,TOP_15_PERCENT_DAILY_COHORT,SUCCESS,reservation-no-show-v1.0,reservation-no-show-feature-v1.0,29,5
RES-c24ee915e403872ab8d4d824f2957315,2026-10-31 18:00:00,True,0.0042935353213235635,26,False,LOW,TOP_15_PERCENT_DAILY_COHORT,SUCCESS,reservation-no-show-v1.0,reservation-no-show-feature-v1.0,29,5
RES-dd1f6f5b1bad31051b9afaa28cdd130b,2026-11-17 18:00:00,True,0.007306783096361508,17,False,LOW,TOP_15_PERCENT_DAILY_COHORT,SUCCESS,reservation-no-show-v1.0,reservation-no-show-feature-v1.0,29,5
RES-79d1dd2cb776eb83a974e66baf60be5f,2026-12-04 18:00:00,True,0.021265849351953525,9,False,LOW,TOP_15_PERCENT_DAILY_COHORT,SUCCESS,reservation-no-show-v1.0,reservation-no-show-feature-v1.0,29,5
RES-6f110397307c8d5413f83b1a5f2e046e,2026-12-21 18:00:00,True,0.005282372204479151,14,False,LOW,TOP_15_PERCENT_DAILY_COHORT,SUCCESS,reservation-no-show-v1.0,reservation-no-show-feature-v1.0,29,5
RES-761bc78195bcf8eca3251bfeeb01bcb9,2026-08-06 18:00:00,True,0.0076075984752225784,17,False,LOW,TOP_15_PERCENT_DAILY_COHORT,SUCCESS,reservation-no-show-v1.0,reservation-no-show-feature-v1.0,29,5
RES-e2c489d01ed201aec2dd0e9671104939,2026-08-23 18:00:00,True,0.005108831358906059,19,False,LOW,TOP_15_PERCENT_DAILY_COHORT,SUCCESS,reservation-no-show-v1.0,reservation-no-show-feature-v1.0,29,5
RES-b0d8e4b3728a648a4b972b422571dcfc,2026-09-09 18:00:00,True,0.017298341644458846,2,True,HIGH,TOP_15_PERCENT_DAILY_COHORT,SUCCESS,reservation-no-show-v1.0,reservation-no-show-feature-v1.0,29,5
RES-32fe20761832b7a6b033956dabcec56e,2026-09-26 18:00:00,True,0.006407795094531577,26,False,LOW,TOP_15_PERCENT_DAILY_COHORT,SUCCESS,reservation-no-show-v1.0,reservation-no-show-feature-v1.0,29,5
RES-cb2aa987915e789313669b4195ac2b19,2026-10-13 18:00:00,True,0.008040933908569421,19,False,LOW,TOP_15_PERCENT_DAILY_COHORT,SUCCESS,reservation-no-show-v1.0,reservation-no-show-feature-v1.0,29,5
RES-1ddfbb8c48c133e448ac652b476aa834,2026-10-30 18:00:00,True,0.017616239173437596,4,True,HIGH,TOP_15_PERCENT_DAILY_COHORT,SUCCESS,reservation-no-show-v1.0,reservation-no-show-feature-v1.0,29,5
RES-b8d93cf41b55387e9f5774000635c6e2,2026-11-16 18:00:00,True,0.005290287949302044,20,False,LOW,TOP_15_PERCENT_DAILY_COHORT,SUCCESS,reservation-no-show-v1.0,reservation-no-show-feature-v1.0,29,5
RES-6496aa734e8c3df6f99258d0c9549f28,2026-12-03 18:00:00,True,0.007107230790502343,18,False,LOW,TOP_15_PERCENT_DAILY_COHORT,SUCCESS,reservation-no-show-v1.0,reservation-no-show-feature-v1.0,29,5
RES-c9e53bb1602d1c6772844e111fa56edc,2026-12-20 18:00:00,True,0.021621890969242396,10,False,LOW,TOP_15_PERCENT_DAILY_COHORT,SUCCESS,reservation-no-show-v1.0,reservation-no-show-feature-v1.0,29,5
RES-2e573a7068b08c494466ec3a56b745d6,2026-08-05 18:00:00,True,0.025571203646476696,3,True,HIGH,TOP_15_PERCENT_DAILY_COHORT,SUCCESS,reservation-no-show-v1.0,reservation-no-show-feature-v1.0,29,5
RES-8b6bd6701934246e0bdc1c9212136acf,2026-08-22 18:00:00,True,0.007052261559730432,20,False,LOW,TOP_15_PERCENT_DAILY_COHORT,SUCCESS,reservation-no-show-v1.0,reservation-no-show-feature-v1.0,29,5
RES-1be30f3d1ed6a56edcca1806c2bb8ed4,2026-09-08 18:00:00,True,0.004514427974013743,16,False,LOW,TOP_15_PERCENT_DAILY_COHORT,SUCCESS,reservation-no-show-v1.0,reservation-no-show-feature-v1.0,29,5
RES-645f2aa3d6965b9830d9921746234a17,2026-09-25 18:00:00,True,0.01939304051565499,1,True,HIGH,TOP_15_PERCENT_DAILY_COHORT,SUCCESS,reservation-no-show-v1.0,reservation-no-show-feature-v1.0,29,5
RES-0fec9a8b1addf72adf9e49c0e45e3109,2026-10-12 18:00:00,True,0.006495919044636758,23,False,LOW,TOP_15_PERCENT_DAILY_COHORT,SUCCESS,reservation-no-show-v1.0,reservation-no-show-feature-v1.0,29,5
RES-f1f45820bf5bbf5f414f9776cc9d6c6d,2026-10-29 18:00:00,True,0.009499117264362,12,False,LOW,TOP_15_PERCENT_DAILY_COHORT,SUCCESS,reservation-no-show-v1.0,reservation-no-show-feature-v1.0,29,5
RES-ec5ec4dbfb35112b3c70616777bf0f6e,2026-11-15 18:00:00,True,0.020693993419160575,2,True,HIGH,TOP_15_PERCENT_DAILY_COHORT,SUCCESS,reservation-no-show-v1.0,reservation-no-show-feature-v1.0,29,5
RES-b1b4868cb360628d460f17249169316e,2026-12-02 18:00:00,True,0.006232823015511681,13,False,LOW,TOP_15_PERCENT_DAILY_COHORT,SUCCESS,reservation-no-show-v1.0,reservation-no-show-feature-v1.0,29,5
RES-e72106ff5d7c7d71be12f3c1cab9ec27,2026-12-19 18:00:00,True,0.007250049217139316,18,False,LOW,TOP_15_PERCENT_DAILY_COHORT,SUCCESS,reservation-no-show-v1.0,reservation-no-show-feature-v1.0,29,5
RES-027e5e0db6d2cb53485afd6ca9e90a5b,2026-08-04 18:00:00,True,0.00497645437284814,22,False,LOW,TOP_15_PERCENT_DAILY_COHORT,SUCCESS,reservation-no-show-v1.0,reservation-no-show-feature-v1.0,29,5
RES-dcc210c243270bafb2125165135ad041,2026-08-21 18:00:00,True,0.026075308059509247,2,True,HIGH,TOP_15_PERCENT_DAILY_COHORT,SUCCESS,reservation-no-show-v1.0,reservation-no-show-feature-v1.0,29,5
RES-7d655e0d74e1c07db30981ac8bcc666f,2026-09-07 18:00:00,True,0.007866971534795753,17,False,LOW,TOP_15_PERCENT_DAILY_COHORT,SUCCESS,reservation-no-show-v1.0,reservation-no-show-feature-v1.0,29,5
RES-bf7b6aa5b38a84c85ad5b2c846d67c9a,2026-09-24 18:00:00,True,0.004001718743947017,27,False,LOW,TOP_15_PERCENT_DAILY_COHORT,SUCCESS,reservation-no-show-v1.0,reservation-no-show-feature-v1.0,29,5
RES-b162a12647a473b65725f5d0f2c2274c,2026-10-11 18:00:00,True,0.023736611906008644,1,True,HIGH,TOP_15_PERCENT_DAILY_COHORT,SUCCESS,reservation-no-show-v1.0,reservation-no-show-feature-v1.0,29,5
RES-e691ba1102029d928388dcf533935735,2026-10-28 18:00:00,True,0.0076760897686543,12,False,LOW,TOP_15_PERCENT_DAILY_COHORT,SUCCESS,reservation-no-show-v1.0,reservation-no-show-feature-v1.0,29,5
RES-ef0fccc22cb937209df2d08d4ddfa228,2026-11-14 18:00:00,True,0.006588726207935242,23,False,LOW,TOP_15_PERCENT_DAILY_COHORT,SUCCESS,reservation-no-show-v1.0,reservation-no-show-feature-v1.0,29,5
RES-c360647a66f734cdcc87a01f8c15ec7e,2026-12-01 18:00:00,True,0.014370531676289057,6,False,LOW,TOP_15_PERCENT_DAILY_COHORT,SUCCESS,reservation-no-show-v1.0,reservation-no-show-feature-v1.0,29,5
RES-1ac7e7ca515bd49421a65f51f282be8e,2026-12-18 18:00:00,True,0.0052491284550470136,18,False,LOW,TOP_15_PERCENT_DAILY_COHORT,SUCCESS,reservation-no-show-v1.0,reservation-no-show-feature-v1.0,29,5
RES-37c55494ce50b597acb041daf43fec5c,2026-08-03 18:00:00,True,0.004012190715730711,28,False,LOW,TOP_15_PERCENT_DAILY_COHORT,SUCCESS,reservation-no-show-v1.0,reservation-no-show-feature-v1.0,29,5
RES-db8d9aecbdc5fc8edbcfcc8b4ff4db88,2026-08-20 18:00:00,True,0.006473614841386174,16,False,LOW,TOP_15_PERCENT_DAILY_COHORT,SUCCESS,reservation-no-show-v1.0,reservation-no-show-feature-v1.0,29,5
RES-e4dc4fee92f254d6c77975d5e587a935,2026-09-06 18:00:00,True,0.021894251713142913,7,False,LOW,TOP_15_PERCENT_DAILY_COHORT,SUCCESS,reservation-no-show-v1.0,reservation-no-show-feature-v1.0,29,5
RES-be52c142abd06f02064d0bc850e3d92a,2026-09-23 18:00:00,True,0.0069761779835980035,23,False,LOW,TOP_15_PERCENT_DAILY_COHORT,SUCCESS,reservation-no-show-v1.0,reservation-no-show-feature-v1.0,29,5
RES-8fcc1e854a24004ca62351f165f85c51,2026-10-10 18:00:00,True,0.004479277642676701,19,False,LOW,TOP_15_PERCENT_DAILY_COHORT,SUCCESS,reservation-no-show-v1.0,reservation-no-show-feature-v1.0,29,5
RES-3b8eec7c3a785fa104270076ba229d62,2026-10-27 18:00:00,True,0.015875469262263815,6,False,LOW,TOP_15_PERCENT_DAILY_COHORT,SUCCESS,reservation-no-show-v1.0,reservation-no-show-feature-v1.0,29,5
RES-fe7c3a4a18265ab314a36d157465b048,2026-11-13 18:00:00,True,0.0078052724529126885,15,False,LOW,TOP_15_PERCENT_DAILY_COHORT,SUCCESS,reservation-no-show-v1.0,reservation-no-show-feature-v1.0,29,5
RES-ae504fc1aaf3a097ac07e1c3dedbfb03,2026-11-30 18:00:00,True,0.007350282829908609,22,False,LOW,TOP_15_PERCENT_DAILY_COHORT,SUCCESS,reservation-no-show-v1.0,reservation-no-show-feature-v1.0,29,5
RES-6d7f9dd0eda13b3bf23071a63ee19995,2026-12-17 18:00:00,True,0.016956934451698567,4,True,HIGH,TOP_15_PERCENT_DAILY_COHORT,SUCCESS,reservation-no-show-v1.0,reservation-no-show-feature-v1.0,29,5
RES-071a8b2132f2cbb2055eaa57b9fb197a,2026-08-02 18:00:00,True,0.024058560302430355,5,True,HIGH,TOP_15_PERCENT_DAILY_COHORT,SUCCESS,reservation-no-show-v1.0,reservation-no-show-feature-v1.0,29,5
RES-ae1dee4bae59b79799bb12ad03a57434,2026-08-19 18:00:00,True,0.005220775701750244,14,False,LOW,TOP_15_PERCENT_DAILY_COHORT,SUCCESS,reservation-no-show-v1.0,reservation-no-show-feature-v1.0,29,5
RES-7ef7f1980c2aa83fa55d377d5d113ef2,2026-09-05 18:00:00,True,0.005434693249817026,16,False,LOW,TOP_15_PERCENT_DAILY_COHORT,SUCCESS,reservation-no-show-v1.0,reservation-no-show-feature-v1.0,29,5
RES-a5c2877c255045b91fa2ac50452f65b5,2026-09-22 18:00:00,True,0.023484110136070477,4,True,HIGH,TOP_15_PERCENT_DAILY_COHORT,SUCCESS,reservation-no-show-v1.0,reservation-no-show-feature-v1.0,29,5
RES-b1a6ef32aef8ca57d5e80f5218226853,2026-10-09 18:00:00,True,0.006445977603261389,28,False,LOW,TOP_15_PERCENT_DAILY_COHORT,SUCCESS,reservation-no-show-v1.0,reservation-no-show-feature-v1.0,29,5
RES-815c8dd2419dfec5c1bdef42b8ea9813,2026-10-26 18:00:00,True,0.004555579709907269,21,False,LOW,TOP_15_PERCENT_DAILY_COHORT,SUCCESS,reservation-no-show-v1.0,reservation-no-show-feature-v1.0,29,5
RES-6edd5cbc5f81b7fa8fe24d6005976f02,2026-11-12 18:00:00,True,0.01544554247895215,9,False,LOW,TOP_15_PERCENT_DAILY_COHORT,SUCCESS,reservation-no-show-v1.0,reservation-no-show-feature-v1.0,29,5
RES-48fdbab4c3e80e5d8912be62f3d214b4,2026-11-29 18:00:00,True,0.005956212677704646,26,False,LOW,TOP_15_PERCENT_DAILY_COHORT,SUCCESS,reservation-no-show-v1.0,reservation-no-show-feature-v1.0,29,5
RES-92115afdf20971214bd966ed0a5d0be9,2026-12-16 18:00:00,True,0.006517610674327903,29,False,LOW,TOP_15_PERCENT_DAILY_COHORT,SUCCESS,reservation-no-show-v1.0,reservation-no-show-feature-v1.0,29,5
RES-f24d3f37395b56c883eefa7687a45e5f,2026-08-01 18:00:00,True,0.007343344905052837,16,False,LOW,TOP_15_PERCENT_DAILY_COHORT,SUCCESS,reservation-no-show-v1.0,reservation-no-show-feature-v1.0,29,5
RES-ae3d8833184bf6c61bb0c542ad050339,2026-08-18 18:00:00,True,0.023486034307885536,6,False,LOW,TOP_15_PERCENT_DAILY_COHORT,SUCCESS,reservation-no-show-v1.0,reservation-no-show-feature-v1.0,29,5
RES-6c8bc5ad5b6cfd01dd750b582529448b,2026-09-04 18:00:00,True,0.004823340607398871,19,False,LOW,TOP_15_PERCENT_DAILY_COHORT,SUCCESS,reservation-no-show-v1.0,reservation-no-show-feature-v1.0,29,5
RES-e2de1d3e6dec67dea60cc2096e9b3ae6,2026-09-21 18:00:00,True,0.008919598072959986,11,False,LOW,TOP_15_PERCENT_DAILY_COHORT,SUCCESS,reservation-no-show-v1.0,reservation-no-show-feature-v1.0,29,5
RES-78531dda46b0329d52a07cf38faa0a08,2026-10-08 18:00:00,True,0.02079646566994662,7,False,LOW,TOP_15_PERCENT_DAILY_COHORT,SUCCESS,reservation-no-show-v1.0,reservation-no-show-feature-v1.0,29,5
RES-59e153c4c3d62830fb7f16742be6e7aa,2026-10-25 18:00:00,True,0.008734771741004734,14,False,LOW,TOP_15_PERCENT_DAILY_COHORT,SUCCESS,reservation-no-show-v1.0,reservation-no-show-feature-v1.0,29,5
RES-728bb73392d48eb8c19d96c33c0461e6,2026-11-11 18:00:00,True,0.004430828927854897,23,False,LOW,TOP_15_PERCENT_DAILY_COHORT,SUCCESS,reservation-no-show-v1.0,reservation-no-show-feature-v1.0,29,5
RES-e5907891bf25e62c506e30698d900bca,2026-11-28 18:00:00,True,0.014326313621976842,9,False,LOW,TOP_15_PERCENT_DAILY_COHORT,SUCCESS,reservation-no-show-v1.0,reservation-no-show-feature-v1.0,29,5
RES-f810f34a0ac6154424c67b8fff7b39bf,2026-12-15 18:00:00,True,0.005793329941497163,28,False,LOW,TOP_15_PERCENT_DAILY_COHORT,SUCCESS,reservation-no-show-v1.0,reservation-no-show-feature-v1.0,29,5
RES-56cb2247cca9e7185fe2de7730ccd888,2026-07-31 18:00:00,True,0.004830571824251446,27,False,LOW,TOP_15_PERCENT_DAILY_COHORT,SUCCESS,reservation-no-show-v1.0,reservation-no-show-feature-v1.0,29,5
RES-cf9d5051dc7e62f659c777c5d310974d,2026-08-17 18:00:00,True,0.007468068815729564,14,False,LOW,TOP_15_PERCENT_DAILY_COHORT,SUCCESS,reservation-no-show-v1.0,reservation-no-show-feature-v1.0,29,5
RES-3999a107b5bc94a7ba50f59151406eea,2026-09-03 18:00:00,True,0.027580496909223127,3,True,HIGH,TOP_15_PERCENT_DAILY_COHORT,SUCCESS,reservation-no-show-v1.0,reservation-no-show-feature-v1.0,29,5
RES-314778bf60a7dc4f5755187c9951b292,2026-09-20 18:00:00,True,0.004905474720792155,22,False,LOW,TOP_15_PERCENT_DAILY_COHORT,SUCCESS,reservation-no-show-v1.0,reservation-no-show-feature-v1.0,29,5
RES-de64dde01c54f2cd8e160fe93837b779,2026-10-07 18:00:00,True,0.004884341412324339,21,False,LOW,TOP_15_PERCENT_DAILY_COHORT,SUCCESS,reservation-no-show-v1.0,reservation-no-show-feature-v1.0,29,5
RES-0ca932e435eeadf79c04460277551efc,2026-10-24 18:00:00,True,0.02120849077480785,8,False,LOW,TOP_15_PERCENT_DAILY_COHORT,SUCCESS,reservation-no-show-v1.0,reservation-no-show-feature-v1.0,29,5
RES-fef2c8a675fa98c110216a91d63bc4c4,2026-11-10 18:00:00,True,0.007721771006744313,18,False,LOW,TOP_15_PERCENT_DAILY_COHORT,SUCCESS,reservation-no-show-v1.0,reservation-no-show-feature-v1.0,29,5
RES-494d630ae897bdb8396cf3bfb0fd478c,2026-11-27 18:00:00,True,0.004520110416969211,21,False,LOW,TOP_15_PERCENT_DAILY_COHORT,SUCCESS,reservation-no-show-v1.0,reservation-no-show-feature-v1.0,29,5
RES-6da21a85ccd55e7c915b5b24794e5c8d,2026-12-14 18:00:00,True,0.021209102476793106,2,True,HIGH,TOP_15_PERCENT_DAILY_COHORT,SUCCESS,reservation-no-show-v1.0,reservation-no-show-feature-v1.0,29,5
RES-234b3b7a64ec8c992f0922317deca740,2026-07-30 18:00:00,True,0.01566906292868235,3,True,HIGH,TOP_15_PERCENT_DAILY_COHORT,SUCCESS,reservation-no-show-v1.0,reservation-no-show-feature-v1.0,29,5
RES-e4df5d3f35af21569501aaf10b104e2a,2026-08-16 18:00:00,True,0.00446336678069101,29,False,LOW,TOP_15_PERCENT_DAILY_COHORT,SUCCESS,reservation-no-show-v1.0,reservation-no-show-feature-v1.0,29,5
RES-887b612f3d6f3405712b9c696618fd4d,2026-09-02 18:00:00,True,0.007993379744170815,13,False,LOW,TOP_15_PERCENT_DAILY_COHORT,SUCCESS,reservation-no-show-v1.0,reservation-no-show-feature-v1.0,29,5
RES-f5ccabfe5b093218c952645df3bb1e34,2026-09-19 18:00:00,True,0.023306625267654812,6,False,LOW,TOP_15_PERCENT_DAILY_COHORT,SUCCESS,reservation-no-show-v1.0,reservation-no-show-feature-v1.0,29,5
RES-d3c758b55541585f7b818fd08b0a3fc3,2026-10-06 18:00:00,True,0.004334628432044189,25,False,LOW,TOP_15_PERCENT_DAILY_COHORT,SUCCESS,reservation-no-show-v1.0,reservation-no-show-feature-v1.0,29,5
RES-ba7a9711d35b8df12796890d76a3c8d1,2026-10-23 18:00:00,True,0.00603582278534142,13,False,LOW,TOP_15_PERCENT_DAILY_COHORT,SUCCESS,reservation-no-show-v1.0,reservation-no-show-feature-v1.0,29,5
RES-bd181d80c0a03d53a5b46e49dd3125ef,2026-11-09 18:00:00,True,0.023619692196321703,5,True,HIGH,TOP_15_PERCENT_DAILY_COHORT,SUCCESS,reservation-no-show-v1.0,reservation-no-show-feature-v1.0,29,5
RES-72ec389aa0fc8821ab336502f9439fa4,2026-11-26 18:00:00,True,0.006847305341697887,25,False,LOW,TOP_15_PERCENT_DAILY_COHORT,SUCCESS,reservation-no-show-v1.0,reservation-no-show-feature-v1.0,29,5
RES-9c0256d32dded2bec2a42ee2534b2231,2026-12-13 18:00:00,True,0.005043780459069448,17,False,LOW,TOP_15_PERCENT_DAILY_COHORT,SUCCESS,reservation-no-show-v1.0,reservation-no-show-feature-v1.0,29,5
RES-243806ae38d81f2ad1eb1b21181fe48c,2026-07-29 18:00:00,True,0.007288008760661159,16,False,LOW,TOP_15_PERCENT_DAILY_COHORT,SUCCESS,reservation-no-show-v1.0,reservation-no-show-feature-v1.0,29,5
RES-8a284a13cec38406d4d1318ea2cfc389,2026-08-15 18:00:00,True,0.01593060171014343,2,True,HIGH,TOP_15_PERCENT_DAILY_COHORT,SUCCESS,reservation-no-show-v1.0,reservation-no-show-feature-v1.0,29,5
RES-c5f4a35b1f9590b0b6dc07b13cc7bfde,2026-09-01 18:00:00,True,0.005788505456013496,15,False,LOW,TOP_15_PERCENT_DAILY_COHORT,SUCCESS,reservation-no-show-v1.0,reservation-no-show-feature-v1.0,29,5
RES-9aa649422b3e1876fdae01d706decb25,2026-09-18 18:00:00,True,0.0074100919735951105,14,False,LOW,TOP_15_PERCENT_DAILY_COHORT,SUCCESS,reservation-no-show-v1.0,reservation-no-show-feature-v1.0,29,5
RES-b85b69a924635fe6fb35fa4bd28ba478,2026-10-05 18:00:00,True,0.02850126805033162,5,True,HIGH,TOP_15_PERCENT_DAILY_COHORT,SUCCESS,reservation-no-show-v1.0,reservation-no-show-feature-v1.0,29,5
RES-783d24aa5edc80df52c095d69202cbb5,2026-10-22 18:00:00,True,0.004655457969717068,19,False,LOW,TOP_15_PERCENT_DAILY_COHORT,SUCCESS,reservation-no-show-v1.0,reservation-no-show-feature-v1.0,29,5
RES-b1d989f6940080242f5688f5d303be7a,2026-11-08 18:00:00,True,0.0061188626463155,11,False,LOW,TOP_15_PERCENT_DAILY_COHORT,SUCCESS,reservation-no-show-v1.0,reservation-no-show-feature-v1.0,29,5
RES-5b50e769295fcdf0e5a3b549f469c644,2026-11-25 18:00:00,True,0.022121698058952803,3,True,HIGH,TOP_15_PERCENT_DAILY_COHORT,SUCCESS,reservation-no-show-v1.0,reservation-no-show-feature-v1.0,29,5
RES-a6c9039fc0e600d3569ad5d2ad7503c3,2026-12-12 18:00:00,True,0.007661839802992357,17,False,LOW,TOP_15_PERCENT_DAILY_COHORT,SUCCESS,reservation-no-show-v1.0,reservation-no-show-feature-v1.0,29,5
RES-9dc2f12f5d1a04f4b806b75a3489004d,2026-11-01 18:00:00,True,0.006555014330874124,25,False,LOW,TOP_15_PERCENT_DAILY_COHORT,SUCCESS,reservation-no-show-v1.0,reservation-no-show-feature-v1.0,29,5
RES-145888b91298e2077b70b3c038f8adc9,2026-07-28 18:00:00,True,0.007246742100684548,20,False,LOW,TOP_15_PERCENT_DAILY_COHORT,SUCCESS,reservation-no-show-v1.0,reservation-no-show-feature-v1.0,29,5
RES-00806fc6c19dd5dbd6a2c1de5a3ab51e,2026-08-14 18:00:00,True,0.008972350631270989,14,False,LOW,TOP_15_PERCENT_DAILY_COHORT,SUCCESS,reservation-no-show-v1.0,reservation-no-show-feature-v1.0,29,5
RES-fc2244874bd3fa492d27dff38b5f22fc,2026-08-31 18:00:00,True,0.013353898817735773,7,False,LOW,TOP_15_PERCENT_DAILY_COHORT,SUCCESS,reservation-no-show-v1.0,reservation-no-show-feature-v1.0,29,5
RES-9bdae0212006298dd2b36cd25c666e39,2026-09-17 18:00:00,True,0.005131843591074755,21,False,LOW,TOP_15_PERCENT_DAILY_COHORT,SUCCESS,reservation-no-show-v1.0,reservation-no-show-feature-v1.0,29,5
RES-c08e48157b0efa2b97091dfb34e55824,2026-10-04 18:00:00,True,0.009094664919151852,11,False,LOW,TOP_15_PERCENT_DAILY_COHORT,SUCCESS,reservation-no-show-v1.0,reservation-no-show-feature-v1.0,29,5
RES-217d1791b65261c3fe657a79789e5291,2026-10-21 18:00:00,True,0.020984633227942875,9,False,LOW,TOP_15_PERCENT_DAILY_COHORT,SUCCESS,reservation-no-show-v1.0,reservation-no-show-feature-v1.0,29,5
RES-afac76c967c7295f38b2cc69893553cb,2026-11-07 18:00:00,True,0.004300872011226031,20,False,LOW,TOP_15_PERCENT_DAILY_COHORT,SUCCESS,reservation-no-show-v1.0,reservation-no-show-feature-v1.0,29,5
RES-2d8d226641e6be620b5606d843a5f2c6,2026-11-24 18:00:00,True,0.004928848437118508,20,False,LOW,TOP_15_PERCENT_DAILY_COHORT,SUCCESS,reservation-no-show-v1.0,reservation-no-show-feature-v1.0,29,5
RES-5562161dd62e09976646e8ac08d6c9c0,2026-12-11 18:00:00,True,0.023439286655179154,3,True,HIGH,TOP_15_PERCENT_DAILY_COHORT,SUCCESS,reservation-no-show-v1.0,reservation-no-show-feature-v1.0,29,5
RES-ecd19011c59435448e7e67fd4ba90095,2026-08-13 18:00:00,True,0.005725809576943174,29,False,LOW,TOP_15_PERCENT_DAILY_COHORT,SUCCESS,reservation-no-show-v1.0,reservation-no-show-feature-v1.0,29,5
RES-fd7a9e1b96a81ccdb1d07bb82bd6ff76,2026-08-30 18:00:00,True,0.007536568493960822,24,False,LOW,TOP_15_PERCENT_DAILY_COHORT,SUCCESS,reservation-no-show-v1.0,reservation-no-show-feature-v1.0,29,5
RES-52e98d3a7842684a2e28a6cbb38f1f58,2026-09-16 18:00:00,True,0.01576025415003222,4,True,HIGH,TOP_15_PERCENT_DAILY_COHORT,SUCCESS,reservation-no-show-v1.0,reservation-no-show-feature-v1.0,29,5
RES-134205b451cb672b96b0b2c6e4af11e9,2026-10-03 18:00:00,True,0.0057434921118034495,13,False,LOW,TOP_15_PERCENT_DAILY_COHORT,SUCCESS,reservation-no-show-v1.0,reservation-no-show-feature-v1.0,29,5
RES-fffe6920679428e9d2c6e3a76c5ae9ed,2026-10-20 18:00:00,True,0.0073301764301213455,16,False,LOW,TOP_15_PERCENT_DAILY_COHORT,SUCCESS,reservation-no-show-v1.0,reservation-no-show-feature-v1.0,29,5
RES-42206952dd3e2c76b424daa067e04912,2026-11-06 18:00:00,True,0.03409392837583744,1,True,HIGH,TOP_15_PERCENT_DAILY_COHORT,SUCCESS,reservation-no-show-v1.0,reservation-no-show-feature-v1.0,29,5
RES-0873ead969bdd7f8ae6ef911004cf5c1,2026-11-23 18:00:00,True,0.004814669219144343,17,False,LOW,TOP_15_PERCENT_DAILY_COHORT,SUCCESS,reservation-no-show-v1.0,reservation-no-show-feature-v1.0,29,5
RES-2c682853a9c70c4e2cf0870e27f3bd7e,2026-12-10 18:00:00,True,0.005807364209009349,12,False,LOW,TOP_15_PERCENT_DAILY_COHORT,SUCCESS,reservation-no-show-v1.0,reservation-no-show-feature-v1.0,29,5
RES-ec3dc9c0a51896a1ac73defc9f7bc20f,2026-08-12 18:00:00,True,0.017353164671568094,4,True,HIGH,TOP_15_PERCENT_DAILY_COHORT,SUCCESS,reservation-no-show-v1.0,reservation-no-show-feature-v1.0,29,5
RES-2c854068540034be46e3ad1dd38c0ea8,2026-08-29 18:00:00,True,0.005841031915897434,27,False,LOW,TOP_15_PERCENT_DAILY_COHORT,SUCCESS,reservation-no-show-v1.0,reservation-no-show-feature-v1.0,29,5
RES-0f17e438879c31897dfc88eec7521a5a,2026-09-15 18:00:00,True,0.010742759481355002,11,False,LOW,TOP_15_PERCENT_DAILY_COHORT,SUCCESS,reservation-no-show-v1.0,reservation-no-show-feature-v1.0,29,5
RES-8552c1ca29e031ed3aa81af69c73c1f4,2026-10-02 18:00:00,True,0.01602329026426562,2,True,HIGH,TOP_15_PERCENT_DAILY_COHORT,SUCCESS,reservation-no-show-v1.0,reservation-no-show-feature-v1.0,29,5
RES-93c143efc7da3edfc6a3d4256103b4a1,2026-10-19 18:00:00,True,0.004821887498725107,21,False,LOW,TOP_15_PERCENT_DAILY_COHORT,SUCCESS,reservation-no-show-v1.0,reservation-no-show-feature-v1.0,29,5
RES-f746da94247757a1c0b38c012438d9cd,2026-11-05 18:00:00,True,0.006479006616745291,22,False,LOW,TOP_15_PERCENT_DAILY_COHORT,SUCCESS,reservation-no-show-v1.0,reservation-no-show-feature-v1.0,29,5
RES-6583bcbbdd9cce6f56d9b60b447c001e,2026-11-22 18:00:00,True,0.021690114029582954,8,False,LOW,TOP_15_PERCENT_DAILY_COHORT,SUCCESS,reservation-no-show-v1.0,reservation-no-show-feature-v1.0,29,5
RES-a130007f3fb96b558a816824dcc1af89,2026-12-09 18:00:00,True,0.005672949761075335,10,False,LOW,TOP_15_PERCENT_DAILY_COHORT,SUCCESS,reservation-no-show-v1.0,reservation-no-show-feature-v1.0,29,5
RES-7c7131899a475132578d318fcd2c2f29,2026-08-11 18:00:00,True,0.00411443778244516,27,False,LOW,TOP_15_PERCENT_DAILY_COHORT,SUCCESS,reservation-no-show-v1.0,reservation-no-show-feature-v1.0,29,5
RES-59d5c6be339649cce4387d7fa2ffb5a0,2026-08-28 18:00:00,True,0.021381007349842267,2,True,HIGH,TOP_15_PERCENT_DAILY_COHORT,SUCCESS,reservation-no-show-v1.0,reservation-no-show-feature-v1.0,29,5
RES-c0d8be8ee247280988b292bb95c03b9b,2026-09-14 18:00:00,True,0.00651673336536526,23,False,LOW,TOP_15_PERCENT_DAILY_COHORT,SUCCESS,reservation-no-show-v1.0,reservation-no-show-feature-v1.0,29,5
RES-e2a9791e64f24eb4bf52a93a2ac35c80,2026-10-01 18:00:00,True,0.00784651769992123,19,False,LOW,TOP_15_PERCENT_DAILY_COHORT,SUCCESS,reservation-no-show-v1.0,reservation-no-show-feature-v1.0,29,5
RES-d5d8d5c4b66c2d4f3ef5661e8895ab37,2026-10-18 18:00:00,True,0.016293019957393313,3,True,HIGH,TOP_15_PERCENT_DAILY_COHORT,SUCCESS,reservation-no-show-v1.0,reservation-no-show-feature-v1.0,29,5
RES-b63d740a26a8c9b2cfb1ec18396d9a98,2026-11-04 18:00:00,True,0.00426072654187438,27,False,LOW,TOP_15_PERCENT_DAILY_COHORT,SUCCESS,reservation-no-show-v1.0,reservation-no-show-feature-v1.0,29,5
RES-3f02a4b84cf80b530403c9eda543db02,2026-11-21 18:00:00,True,0.007273262243030585,17,False,LOW,TOP_15_PERCENT_DAILY_COHORT,SUCCESS,reservation-no-show-v1.0,reservation-no-show-feature-v1.0,29,5
RES-1c20f5d7daa5f346937ddcad6735edac,2026-12-08 18:00:00,True,0.023192440783025823,7,False,LOW,TOP_15_PERCENT_DAILY_COHORT,SUCCESS,reservation-no-show-v1.0,reservation-no-show-feature-v1.0,29,5
RES-200acafe8a9670ea64098f772756f891,2026-08-10 18:00:00,True,0.00868387237031302,17,False,LOW,TOP_15_PERCENT_DAILY_COHORT,SUCCESS,reservation-no-show-v1.0,reservation-no-show-feature-v1.0,30,5
RES-6ca4f4df2f133ce05da4b0feafbe0767,2026-08-27 18:00:00,True,0.0044190421398009536,25,False,LOW,TOP_15_PERCENT_DAILY_COHORT,SUCCESS,reservation-no-show-v1.0,reservation-no-show-feature-v1.0,30,5
RES-55441e741dbe43ead3720e63fed502d2,2026-09-13 18:00:00,True,0.017938796425887988,4,True,HIGH,TOP_15_PERCENT_DAILY_COHORT,SUCCESS,reservation-no-show-v1.0,reservation-no-show-feature-v1.0,30,5
RES-926ed152f2f318e7ca2bbdad66e8a407,2026-09-30 18:00:00,True,0.006338619983432935,28,False,LOW,TOP_15_PERCENT_DAILY_COHORT,SUCCESS,reservation-no-show-v1.0,reservation-no-show-feature-v1.0,30,5
RES-a589da259344b14c81ede05fb1ac8e58,2026-10-17 18:00:00,True,0.008004072195598752,17,False,LOW,TOP_15_PERCENT_DAILY_COHORT,SUCCESS,reservation-no-show-v1.0,reservation-no-show-feature-v1.0,30,5
RES-c4590d480422b9a1cc5e1f298b3f8757,2026-11-03 18:00:00,True,0.013108764267030754,10,False,LOW,TOP_15_PERCENT_DAILY_COHORT,SUCCESS,reservation-no-show-v1.0,reservation-no-show-feature-v1.0,30,5
RES-d646b2f49aedd6738d67dc557e4aeea0,2026-11-20 18:00:00,True,0.005265968965783267,18,False,LOW,TOP_15_PERCENT_DAILY_COHORT,SUCCESS,reservation-no-show-v1.0,reservation-no-show-feature-v1.0,30,5
RES-d874606dde39d376a201703e9b998915,2026-12-07 18:00:00,True,0.007373200306104887,16,False,LOW,TOP_15_PERCENT_DAILY_COHORT,SUCCESS,reservation-no-show-v1.0,reservation-no-show-feature-v1.0,30,5
RES-674b386e1df8c2c6a181f2b10b3e159a,2026-12-24 18:00:00,True,0.024874170303182057,4,True,HIGH,TOP_15_PERCENT_DAILY_COHORT,SUCCESS,reservation-no-show-v1.0,reservation-no-show-feature-v1.0,30,5
RES-9583d8fdbe68466ebdc50e55cce06b93,2026-08-09 18:00:00,True,0.024132306106955003,3,True,HIGH,TOP_15_PERCENT_DAILY_COHORT,SUCCESS,reservation-no-show-v1.0,reservation-no-show-feature-v1.0,29,5
RES-f1b744295da46133ffa1423e3ccf04ac,2026-08-26 18:00:00,True,0.009323598780765203,12,False,LOW,TOP_15_PERCENT_DAILY_COHORT,SUCCESS,reservation-no-show-v1.0,reservation-no-show-feature-v1.0,29,5
RES-6cf563c660220ab709ee711f1ceb180d,2026-09-12 18:00:00,True,0.004082389091012343,26,False,LOW,TOP_15_PERCENT_DAILY_COHORT,SUCCESS,reservation-no-show-v1.0,reservation-no-show-feature-v1.0,29,5
RES-1a568c2aa14a15fae63d141a8acbaf3e,2026-09-29 18:00:00,True,0.014483506408902514,7,False,LOW,TOP_15_PERCENT_DAILY_COHORT,SUCCESS,reservation-no-show-v1.0,reservation-no-show-feature-v1.0,29,5
RES-1c20768fd3007409ec292e0bf611e569,2026-10-16 18:00:00,True,0.006466093908967617,27,False,LOW,TOP_15_PERCENT_DAILY_COHORT,SUCCESS,reservation-no-show-v1.0,reservation-no-show-feature-v1.0,29,5
RES-3b66cc213b982caddd76c32a6621dc28,2026-11-02 18:00:00,True,0.008927751105238564,12,False,LOW,TOP_15_PERCENT_DAILY_COHORT,SUCCESS,reservation-no-show-v1.0,reservation-no-show-feature-v1.0,29,5
RES-9a7d40c374d249492b6a72c86c247949,2026-11-19 18:00:00,True,0.017010694198704792,1,True,HIGH,TOP_15_PERCENT_DAILY_COHORT,SUCCESS,reservation-no-show-v1.0,reservation-no-show-feature-v1.0,29,5
RES-c3f5a7892d2fa7a00b6e55f07227aa4a,2026-12-06 18:00:00,True,0.004850261110074704,27,False,LOW,TOP_15_PERCENT_DAILY_COHORT,SUCCESS,reservation-no-show-v1.0,reservation-no-show-feature-v1.0,29,5
RES-5f9e99b6688146936c675c0bb2d9d9f3,2026-12-23 18:00:00,True,0.005940696998331465,24,False,LOW,TOP_15_PERCENT_DAILY_COHORT,SUCCESS,reservation-no-show-v1.0,reservation-no-show-feature-v1.0,29,5
RES-ccf5f912de281aa1ce1f03a65422a86a,2026-08-08 18:00:00,True,0.00495357087003688,22,False,LOW,TOP_15_PERCENT_DAILY_COHORT,SUCCESS,reservation-no-show-v1.0,reservation-no-show-feature-v1.0,29,5
RES-9a2eb5107ee613d5324c8ee7d823562a,2026-08-25 18:00:00,True,0.023558067532133648,5,True,HIGH,TOP_15_PERCENT_DAILY_COHORT,SUCCESS,reservation-no-show-v1.0,reservation-no-show-feature-v1.0,29,5
RES-c560e6902fcb1a380b2753ea5f17709f,2026-09-11 18:00:00,True,0.006466632942454984,26,False,LOW,TOP_15_PERCENT_DAILY_COHORT,SUCCESS,reservation-no-show-v1.0,reservation-no-show-feature-v1.0,29,5
RES-36f684ee5b90f54e54474ebe5225a5c3,2026-09-28 18:00:00,True,0.004151958573632862,27,False,LOW,TOP_15_PERCENT_DAILY_COHORT,SUCCESS,reservation-no-show-v1.0,reservation-no-show-feature-v1.0,29,5
RES-f37be40c3b2a54376b6ae77dcb0c2b95,2026-10-15 18:00:00,True,0.017035884080487635,6,False,LOW,TOP_15_PERCENT_DAILY_COHORT,SUCCESS,reservation-no-show-v1.0,reservation-no-show-feature-v1.0,29,5
RES-249b092d5804d9caa7c98313fe9ac74e,2026-11-18 18:00:00,True,0.007195411011047145,21,False,LOW,TOP_15_PERCENT_DAILY_COHORT,SUCCESS,reservation-no-show-v1.0,reservation-no-show-feature-v1.0,29,5
RES-7f835d11b246c1b440a91fb142e72f78,2026-12-05 18:00:00,True,0.01823655824796202,1,True,HIGH,TOP_15_PERCENT_DAILY_COHORT,SUCCESS,reservation-no-show-v1.0,reservation-no-show-feature-v1.0,29,5
RES-3e00546f68d48da2fac81a3e4f0982f7,2026-12-22 18:00:00,True,0.004732621925734592,24,False,LOW,TOP_15_PERCENT_DAILY_COHORT,SUCCESS,reservation-no-show-v1.0,reservation-no-show-feature-v1.0,29,5
RES-b397bc7c6607afc26fa8ad847bdc1efa,2026-08-07 18:00:00,True,0.005958110350368453,12,False,LOW,TOP_15_PERCENT_DAILY_COHORT,SUCCESS,reservation-no-show-v1.0,reservation-no-show-feature-v1.0,29,5
RES-ae76946e76a691c29ed1ea31e3e78985,2026-08-24 18:00:00,True,0.004577058824882973,27,False,LOW,TOP_15_PERCENT_DAILY_COHORT,SUCCESS,reservation-no-show-v1.0,reservation-no-show-feature-v1.0,29,5
RES-6b277734536e19f0b16e8bb5fc1392cb,2026-09-10 18:00:00,True,0.027664732352729,2,True,HIGH,TOP_15_PERCENT_DAILY_COHORT,SUCCESS,reservation-no-show-v1.0,reservation-no-show-feature-v1.0,29,5
RES-7589ebd17afc0e8db077edd5a9bbb343,2026-09-27 18:00:00,True,0.006576564888601167,29,False,LOW,TOP_15_PERCENT_DAILY_COHORT,SUCCESS,reservation-no-show-v1.0,reservation-no-show-feature-v1.0,29,5
RES-4ace5e05e48467af6cf8a53eb910012b,2026-10-14 18:00:00,True,0.005385142702500903,12,False,LOW,TOP_15_PERCENT_DAILY_COHORT,SUCCESS,reservation-no-show-v1.0,reservation-no-show-feature-v1.0,29,5
RES-f82bb559f8547ca130d01369aefdd4bd,2026-10-31 18:00:00,True,0.014326313621976842,8,False,LOW,TOP_15_PERCENT_DAILY_COHORT,SUCCESS,reservation-no-show-v1.0,reservation-no-show-feature-v1.0,29,5
RES-9016674f8cd0fa85546ae2f2be63abad,2026-11-17 18:00:00,True,0.008523014822757222,13,False,LOW,TOP_15_PERCENT_DAILY_COHORT,SUCCESS,reservation-no-show-v1.0,reservation-no-show-feature-v1.0,29,5
RES-996270e4db342c3a9c5a0f6a11cedebe,2026-12-04 18:00:00,True,0.008051019368151132,16,False,LOW,TOP_15_PERCENT_DAILY_COHORT,SUCCESS,reservation-no-show-v1.0,reservation-no-show-feature-v1.0,29,5
RES-7b95b99514429f76b62ec3b0df7f17bd,2026-12-21 18:00:00,True,0.014546305378817043,7,False,LOW,TOP_15_PERCENT_DAILY_COHORT,SUCCESS,reservation-no-show-v1.0,reservation-no-show-feature-v1.0,29,5
RES-4050d7c62ab9412161d0b58ce792e330,2026-08-06 18:00:00,True,0.030381750698579634,2,True,HIGH,TOP_15_PERCENT_DAILY_COHORT,SUCCESS,reservation-no-show-v1.0,reservation-no-show-feature-v1.0,29,5
RES-ef46bd3a11282d93e503c466703bc2dd,2026-08-23 18:00:00,True,0.005961405760161887,13,False,LOW,TOP_15_PERCENT_DAILY_COHORT,SUCCESS,reservation-no-show-v1.0,reservation-no-show-feature-v1.0,29,5
RES-19b17c11d7d3f5c3beaaca0cc071b8a9,2026-09-09 18:00:00,True,0.00445172248546616,26,False,LOW,TOP_15_PERCENT_DAILY_COHORT,SUCCESS,reservation-no-show-v1.0,reservation-no-show-feature-v1.0,29,5
RES-39448e9bafa7b330112c47605ddf3024,2026-09-26 18:00:00,True,0.023378121405905474,4,True,HIGH,TOP_15_PERCENT_DAILY_COHORT,SUCCESS,reservation-no-show-v1.0,reservation-no-show-feature-v1.0,29,5
RES-44ea0c2551d7ad7dd2eb20c8c6b97b99,2026-10-13 18:00:00,True,0.007746482594318871,23,False,LOW,TOP_15_PERCENT_DAILY_COHORT,SUCCESS,reservation-no-show-v1.0,reservation-no-show-feature-v1.0,29,5
RES-9fbcf11af32d376153b723f6a03aba37,2026-10-30 18:00:00,True,0.005493547567586478,12,False,LOW,TOP_15_PERCENT_DAILY_COHORT,SUCCESS,reservation-no-show-v1.0,reservation-no-show-feature-v1.0,29,5
RES-86b9284ee3c4a969b321d4b620882f50,2026-11-16 18:00:00,True,0.01601851730229907,8,False,LOW,TOP_15_PERCENT_DAILY_COHORT,SUCCESS,reservation-no-show-v1.0,reservation-no-show-feature-v1.0,29,5
RES-cbc4710325c92b1a5d0903c2d9c9e5ac,2026-12-03 18:00:00,True,0.006221451316823547,25,False,LOW,TOP_15_PERCENT_DAILY_COHORT,SUCCESS,reservation-no-show-v1.0,reservation-no-show-feature-v1.0,29,5
RES-503bd7d112718357a3045c1239dde444,2026-12-20 18:00:00,True,0.007440836341442703,20,False,LOW,TOP_15_PERCENT_DAILY_COHORT,SUCCESS,reservation-no-show-v1.0,reservation-no-show-feature-v1.0,29,5
RES-f376ff8a4947d10f7ce002917887b632,2026-08-05 18:00:00,True,0.008018953522812544,13,False,LOW,TOP_15_PERCENT_DAILY_COHORT,SUCCESS,reservation-no-show-v1.0,reservation-no-show-feature-v1.0,29,5
RES-254153a3377696152722f7bd3bac9244,2026-08-22 18:00:00,True,0.028211213419583017,3,True,HIGH,TOP_15_PERCENT_DAILY_COHORT,SUCCESS,reservation-no-show-v1.0,reservation-no-show-feature-v1.0,29,5
RES-c317282d45752b29154ed9e11ad09402,2026-09-08 18:00:00,True,0.004348547824780853,23,False,LOW,TOP_15_PERCENT_DAILY_COHORT,SUCCESS,reservation-no-show-v1.0,reservation-no-show-feature-v1.0,29,5
RES-de39036cb533aa480e47463b95764eff,2026-09-25 18:00:00,True,0.0049987055576696466,19,False,LOW,TOP_15_PERCENT_DAILY_COHORT,SUCCESS,reservation-no-show-v1.0,reservation-no-show-feature-v1.0,29,5
RES-271173d1d5c08f15dc0ea248503847af,2026-10-12 18:00:00,True,0.021563593229061692,6,False,LOW,TOP_15_PERCENT_DAILY_COHORT,SUCCESS,reservation-no-show-v1.0,reservation-no-show-feature-v1.0,29,5
RES-d0dcc09aa71711179015b4b1c6c47c75,2026-10-29 18:00:00,True,0.007559131469175972,19,False,LOW,TOP_15_PERCENT_DAILY_COHORT,SUCCESS,reservation-no-show-v1.0,reservation-no-show-feature-v1.0,29,5
RES-f35c7cc8e7f1a51f520794c1530cbf76,2026-11-15 18:00:00,True,0.004597104836412969,19,False,LOW,TOP_15_PERCENT_DAILY_COHORT,SUCCESS,reservation-no-show-v1.0,reservation-no-show-feature-v1.0,29,5
RES-7f54601c7724ed8e6d6dad1d2920530b,2026-12-02 18:00:00,True,0.017134891491260535,3,True,HIGH,TOP_15_PERCENT_DAILY_COHORT,SUCCESS,reservation-no-show-v1.0,reservation-no-show-feature-v1.0,29,5
RES-4bf598a4d1b7fe4c01b8714eb330a0b3,2026-12-19 18:00:00,True,0.006984355427684086,23,False,LOW,TOP_15_PERCENT_DAILY_COHORT,SUCCESS,reservation-no-show-v1.0,reservation-no-show-feature-v1.0,29,5
RES-7417515b6aa5591b30da961f40334d96,2026-08-04 18:00:00,True,0.00527622696514324,18,False,LOW,TOP_15_PERCENT_DAILY_COHORT,SUCCESS,reservation-no-show-v1.0,reservation-no-show-feature-v1.0,29,5
RES-19e0afe6ce8313103976b24f69638c0b,2026-08-21 18:00:00,True,0.007433813583312969,16,False,LOW,TOP_15_PERCENT_DAILY_COHORT,SUCCESS,reservation-no-show-v1.0,reservation-no-show-feature-v1.0,29,5
RES-7cd3fb19bba2de3d514ee301b3cd34cc,2026-09-07 18:00:00,True,0.028590563141009537,1,True,HIGH,TOP_15_PERCENT_DAILY_COHORT,SUCCESS,reservation-no-show-v1.0,reservation-no-show-feature-v1.0,29,5
RES-205a0afd6b4632d77a3a8e9ad32a2260,2026-09-24 18:00:00,True,0.0042430254093228405,25,False,LOW,TOP_15_PERCENT_DAILY_COHORT,SUCCESS,reservation-no-show-v1.0,reservation-no-show-feature-v1.0,29,5
RES-103619a50d32616dfe50dac06679c505,2026-10-11 18:00:00,True,0.005067549675100604,24,False,LOW,TOP_15_PERCENT_DAILY_COHORT,SUCCESS,reservation-no-show-v1.0,reservation-no-show-feature-v1.0,29,5
RES-64c2efabe04c7f797aa28af724d8bd82,2026-10-28 18:00:00,True,0.027910996346278322,3,True,HIGH,TOP_15_PERCENT_DAILY_COHORT,SUCCESS,reservation-no-show-v1.0,reservation-no-show-feature-v1.0,29,5
RES-4bf1bcb8c70b505ac1895b679e286b63,2026-11-14 18:00:00,True,0.006984937361306198,19,False,LOW,TOP_15_PERCENT_DAILY_COHORT,SUCCESS,reservation-no-show-v1.0,reservation-no-show-feature-v1.0,29,5
RES-beac0ea0095f0fe95be799de6b06405e,2026-12-01 18:00:00,True,0.0049214708307580134,13,False,LOW,TOP_15_PERCENT_DAILY_COHORT,SUCCESS,reservation-no-show-v1.0,reservation-no-show-feature-v1.0,29,5
RES-794e4089abc635dbab4223e338bdc43d,2026-12-18 18:00:00,True,0.015895223841157647,8,False,LOW,TOP_15_PERCENT_DAILY_COHORT,SUCCESS,reservation-no-show-v1.0,reservation-no-show-feature-v1.0,29,5
RES-c076676b222561a95e654d4606d281e1,2026-08-03 18:00:00,True,0.016198796807302598,4,True,HIGH,TOP_15_PERCENT_DAILY_COHORT,SUCCESS,reservation-no-show-v1.0,reservation-no-show-feature-v1.0,29,5
RES-f7db58e3c7db2850fe3a58ae1d5cca8a,2026-08-20 18:00:00,True,0.006236196433461302,17,False,LOW,TOP_15_PERCENT_DAILY_COHORT,SUCCESS,reservation-no-show-v1.0,reservation-no-show-feature-v1.0,29,5
RES-714557a9f544c72b5f472a2fbe1668cb,2026-09-06 18:00:00,True,0.007535940951260562,15,False,LOW,TOP_15_PERCENT_DAILY_COHORT,SUCCESS,reservation-no-show-v1.0,reservation-no-show-feature-v1.0,29,5
RES-37eb2e9d8cdb54b179e6172fcd91f7bd,2026-09-23 18:00:00,True,0.027913272867142038,3,True,HIGH,TOP_15_PERCENT_DAILY_COHORT,SUCCESS,reservation-no-show-v1.0,reservation-no-show-feature-v1.0,29,5
RES-8d99b0029f31348544e994fd9a206d29,2026-10-10 18:00:00,True,0.004314683474823069,25,False,LOW,TOP_15_PERCENT_DAILY_COHORT,SUCCESS,reservation-no-show-v1.0,reservation-no-show-feature-v1.0,29,5
RES-9f86895b6f8e1fc4d8bd53c57fe2fc63,2026-10-27 18:00:00,True,0.00449230520242157,28,False,LOW,TOP_15_PERCENT_DAILY_COHORT,SUCCESS,reservation-no-show-v1.0,reservation-no-show-feature-v1.0,29,5
RES-ee7d526c32aeac267f21361f18355e89,2026-11-13 18:00:00,True,0.01947036214876164,8,False,LOW,TOP_15_PERCENT_DAILY_COHORT,SUCCESS,reservation-no-show-v1.0,reservation-no-show-feature-v1.0,29,5
RES-22053ceb3f99674faab61f804a268c81,2026-11-30 18:00:00,True,0.009433142775653252,13,False,LOW,TOP_15_PERCENT_DAILY_COHORT,SUCCESS,reservation-no-show-v1.0,reservation-no-show-feature-v1.0,29,5
RES-f028394a550dd1ff03774e424190f26f,2026-12-17 18:00:00,True,0.004362735831223098,20,False,LOW,TOP_15_PERCENT_DAILY_COHORT,SUCCESS,reservation-no-show-v1.0,reservation-no-show-feature-v1.0,29,5
RES-b497cdab514030d31330caf871f3c17f,2026-08-02 18:00:00,True,0.009124488258206732,15,False,LOW,TOP_15_PERCENT_DAILY_COHORT,SUCCESS,reservation-no-show-v1.0,reservation-no-show-feature-v1.0,29,5
RES-ae2aa04cca026fa27af3ae200b952f7b,2026-08-19 18:00:00,True,0.017382427763445552,2,True,HIGH,TOP_15_PERCENT_DAILY_COHORT,SUCCESS,reservation-no-show-v1.0,reservation-no-show-feature-v1.0,29,5
RES-78335ddd3c12d2573d1379c8cd144fdb,2026-09-05 18:00:00,True,0.005235176292386534,20,False,LOW,TOP_15_PERCENT_DAILY_COHORT,SUCCESS,reservation-no-show-v1.0,reservation-no-show-feature-v1.0,29,5
RES-5309a31644c2f13e34a6c3f28ec6efbf,2026-09-22 18:00:00,True,0.0066823782180346035,23,False,LOW,TOP_15_PERCENT_DAILY_COHORT,SUCCESS,reservation-no-show-v1.0,reservation-no-show-feature-v1.0,29,5
RES-6b0d49de8c517406724832ab0c967ded,2026-10-09 18:00:00,True,0.025833216639110302,3,True,HIGH,TOP_15_PERCENT_DAILY_COHORT,SUCCESS,reservation-no-show-v1.0,reservation-no-show-feature-v1.0,29,5
RES-b7b108602477a627dc3dcc34cf33557b,2026-10-26 18:00:00,True,0.004388194128457764,22,False,LOW,TOP_15_PERCENT_DAILY_COHORT,SUCCESS,reservation-no-show-v1.0,reservation-no-show-feature-v1.0,29,5
RES-31074a0e13639458d98881089ceb6772,2026-11-12 18:00:00,True,0.005293425618408686,18,False,LOW,TOP_15_PERCENT_DAILY_COHORT,SUCCESS,reservation-no-show-v1.0,reservation-no-show-feature-v1.0,29,5
RES-5a35922fa130b640176c575ef3c84ef3,2026-11-29 18:00:00,True,0.021756761770290258,6,False,LOW,TOP_15_PERCENT_DAILY_COHORT,SUCCESS,reservation-no-show-v1.0,reservation-no-show-feature-v1.0,29,5
RES-2ea39c507d82b9e71f5164088270c6e1,2026-12-16 18:00:00,True,0.0076034888849189925,19,False,LOW,TOP_15_PERCENT_DAILY_COHORT,SUCCESS,reservation-no-show-v1.0,reservation-no-show-feature-v1.0,29,5
RES-3b8171b1a3edd34edbf4454e832e4d3d,2026-08-01 18:00:00,True,0.007074256456303361,20,False,LOW,TOP_15_PERCENT_DAILY_COHORT,SUCCESS,reservation-no-show-v1.0,reservation-no-show-feature-v1.0,29,5
RES-b0568cf808e3c125be03af3e3b015e8a,2026-08-18 18:00:00,True,0.009796353337416804,13,False,LOW,TOP_15_PERCENT_DAILY_COHORT,SUCCESS,reservation-no-show-v1.0,reservation-no-show-feature-v1.0,29,5
RES-58f76ee0dd8e529591f4ee49c53364a1,2026-09-04 18:00:00,True,0.01767205158399918,3,True,HIGH,TOP_15_PERCENT_DAILY_COHORT,SUCCESS,reservation-no-show-v1.0,reservation-no-show-feature-v1.0,29,5
RES-de2715969f40bffd10f61a22b3b9e696,2026-09-21 18:00:00,True,0.006449116834195371,14,False,LOW,TOP_15_PERCENT_DAILY_COHORT,SUCCESS,reservation-no-show-v1.0,reservation-no-show-feature-v1.0,29,5
RES-7972129d411d2849bf97c7d4f5caa74b,2026-10-08 18:00:00,True,0.006499767100952229,22,False,LOW,TOP_15_PERCENT_DAILY_COHORT,SUCCESS,reservation-no-show-v1.0,reservation-no-show-feature-v1.0,29,5
RES-cac4aa441f76d9fbff7ebd789f298ac2,2026-10-25 18:00:00,True,0.03476502923268689,1,True,HIGH,TOP_15_PERCENT_DAILY_COHORT,SUCCESS,reservation-no-show-v1.0,reservation-no-show-feature-v1.0,29,5
RES-0fa4c968ed6d1dbe8ebef85f1cf29684,2026-11-11 18:00:00,True,0.004268007409231984,26,False,LOW,TOP_15_PERCENT_DAILY_COHORT,SUCCESS,reservation-no-show-v1.0,reservation-no-show-feature-v1.0,29,5
RES-bc7b6c6d1376679a61a2688e6faf6d0b,2026-11-28 18:00:00,True,0.005399994209487048,19,False,LOW,TOP_15_PERCENT_DAILY_COHORT,SUCCESS,reservation-no-show-v1.0,reservation-no-show-feature-v1.0,29,5
RES-3bc13fd573c40acb6ce744294ab7726c,2026-12-15 18:00:00,True,0.026937877726258254,2,True,HIGH,TOP_15_PERCENT_DAILY_COHORT,SUCCESS,reservation-no-show-v1.0,reservation-no-show-feature-v1.0,29,5
RES-e95bcc6045abd29f844587c2eb409edd,2026-07-31 18:00:00,True,0.01945437077409562,2,True,HIGH,TOP_15_PERCENT_DAILY_COHORT,SUCCESS,reservation-no-show-v1.0,reservation-no-show-feature-v1.0,29,5
RES-28c0c486d898295de39e09bc9a16411f,2026-08-17 18:00:00,True,0.007312617569995815,16,False,LOW,TOP_15_PERCENT_DAILY_COHORT,SUCCESS,reservation-no-show-v1.0,reservation-no-show-feature-v1.0,29,5
RES-728700468eb79da51f7866bb411b3d52,2026-09-03 18:00:00,True,0.007871625340969274,17,False,LOW,TOP_15_PERCENT_DAILY_COHORT,SUCCESS,reservation-no-show-v1.0,reservation-no-show-feature-v1.0,29,5
RES-e5fa8e0b19e8f740eaf6378a510e03b7,2026-09-20 18:00:00,True,0.016344709846835132,5,True,HIGH,TOP_15_PERCENT_DAILY_COHORT,SUCCESS,reservation-no-show-v1.0,reservation-no-show-feature-v1.0,29,5
RES-4a0a367fb0b5d111593873d4632b7ab5,2026-10-07 18:00:00,True,0.005178594165088313,16,False,LOW,TOP_15_PERCENT_DAILY_COHORT,SUCCESS,reservation-no-show-v1.0,reservation-no-show-feature-v1.0,29,5
RES-7ead530114c8a019953f404ec52faac4,2026-10-24 18:00:00,True,0.007296549045545426,16,False,LOW,TOP_15_PERCENT_DAILY_COHORT,SUCCESS,reservation-no-show-v1.0,reservation-no-show-feature-v1.0,29,5
RES-d1053a7b43796c6c12aca4d806a945f6,2026-11-10 18:00:00,True,0.0338411412324975,1,True,HIGH,TOP_15_PERCENT_DAILY_COHORT,SUCCESS,reservation-no-show-v1.0,reservation-no-show-feature-v1.0,29,5
RES-b326e419bcc9136a804697a358b82d5c,2026-11-27 18:00:00,True,0.003955481170918294,27,False,LOW,TOP_15_PERCENT_DAILY_COHORT,SUCCESS,reservation-no-show-v1.0,reservation-no-show-feature-v1.0,29,5
RES-0d89c7a9977072a0595ffbef3664da5a,2026-12-14 18:00:00,True,0.006630654265042048,11,False,LOW,TOP_15_PERCENT_DAILY_COHORT,SUCCESS,reservation-no-show-v1.0,reservation-no-show-feature-v1.0,29,5
RES-40d15887fd33f20aa7ce8347d06a9d31,2026-07-30 18:00:00,True,0.005370830966446373,13,False,LOW,TOP_15_PERCENT_DAILY_COHORT,SUCCESS,reservation-no-show-v1.0,reservation-no-show-feature-v1.0,29,5
RES-1240af8dd947e6603a00a8840ffd3f6f,2026-08-16 18:00:00,True,0.01799561205391259,4,True,HIGH,TOP_15_PERCENT_DAILY_COHORT,SUCCESS,reservation-no-show-v1.0,reservation-no-show-feature-v1.0,29,5
RES-2d6114f94d25639f00b17f546572110a,2026-09-02 18:00:00,True,0.005777939695246904,29,False,LOW,TOP_15_PERCENT_DAILY_COHORT,SUCCESS,reservation-no-show-v1.0,reservation-no-show-feature-v1.0,29,5
RES-476f8e73bd00d610718b7899a678b0bd,2026-09-19 18:00:00,True,0.007297156799863852,21,False,LOW,TOP_15_PERCENT_DAILY_COHORT,SUCCESS,reservation-no-show-v1.0,reservation-no-show-feature-v1.0,29,5
RES-25128746026568d01761f8047eba37df,2026-10-06 18:00:00,True,0.014462035039948778,8,False,LOW,TOP_15_PERCENT_DAILY_COHORT,SUCCESS,reservation-no-show-v1.0,reservation-no-show-feature-v1.0,29,5
RES-0f05cd2e1794cd8e9cad4a5e0d852e81,2026-10-23 18:00:00,True,0.004360553074434211,29,False,LOW,TOP_15_PERCENT_DAILY_COHORT,SUCCESS,reservation-no-show-v1.0,reservation-no-show-feature-v1.0,29,5
RES-9a1bbfd5d732f209f4dff9f7af11d5fd,2026-11-09 18:00:00,True,0.006107697588860264,25,False,LOW,TOP_15_PERCENT_DAILY_COHORT,SUCCESS,reservation-no-show-v1.0,reservation-no-show-feature-v1.0,29,5
RES-e2aa4b8e4bcf6e82625b6ea1e3ac443b,2026-11-26 18:00:00,True,0.022711408905457448,6,False,LOW,TOP_15_PERCENT_DAILY_COHORT,SUCCESS,reservation-no-show-v1.0,reservation-no-show-feature-v1.0,29,5
RES-a56e63b28adc8b2b480f73dc1b2096c9,2026-12-13 18:00:00,True,0.005347586856631078,16,False,LOW,TOP_15_PERCENT_DAILY_COHORT,SUCCESS,reservation-no-show-v1.0,reservation-no-show-feature-v1.0,29,5
RES-f95f3a9cd3a9bc2e927fd5089015aacf,2026-07-29 18:00:00,True,0.007020933699561822,21,False,LOW,TOP_15_PERCENT_DAILY_COHORT,SUCCESS,reservation-no-show-v1.0,reservation-no-show-feature-v1.0,29,5
RES-e3839f39e28816819f50326623e1eadd,2026-08-15 18:00:00,True,0.004095501822573043,24,False,LOW,TOP_15_PERCENT_DAILY_COHORT,SUCCESS,reservation-no-show-v1.0,reservation-no-show-feature-v1.0,29,5
RES-3d8895a3b41d9f6cdd142011e5df4c2c,2026-09-01 18:00:00,True,0.015925855911051834,6,False,LOW,TOP_15_PERCENT_DAILY_COHORT,SUCCESS,reservation-no-show-v1.0,reservation-no-show-feature-v1.0,29,5
RES-02c1ab48b942f2c314afe9451e68a840,2026-09-18 18:00:00,True,0.005894204846809035,29,False,LOW,TOP_15_PERCENT_DAILY_COHORT,SUCCESS,reservation-no-show-v1.0,reservation-no-show-feature-v1.0,29,5
RES-697ce9e300d31b493cf12e5bb2bebe94,2026-10-05 18:00:00,True,0.00672218583190782,27,False,LOW,TOP_15_PERCENT_DAILY_COHORT,SUCCESS,reservation-no-show-v1.0,reservation-no-show-feature-v1.0,29,5
RES-e45ee72f595455615eaa73e9943d7d44,2026-10-22 18:00:00,True,0.017064621425337018,3,True,HIGH,TOP_15_PERCENT_DAILY_COHORT,SUCCESS,reservation-no-show-v1.0,reservation-no-show-feature-v1.0,29,5
RES-db3be375c6f776e58ffd73d3a533de41,2026-11-08 18:00:00,True,0.004420647355371526,28,False,LOW,TOP_15_PERCENT_DAILY_COHORT,SUCCESS,reservation-no-show-v1.0,reservation-no-show-feature-v1.0,29,5
RES-e6ad22485b8710e86cefca10d5bc8757,2026-11-25 18:00:00,True,0.006558897162981839,20,False,LOW,TOP_15_PERCENT_DAILY_COHORT,SUCCESS,reservation-no-show-v1.0,reservation-no-show-feature-v1.0,29,5
RES-1de2719158ffcb66c2f2bcfde2bc13ee,2026-12-12 18:00:00,True,0.02101060964410953,7,False,LOW,TOP_15_PERCENT_DAILY_COHORT,SUCCESS,reservation-no-show-v1.0,reservation-no-show-feature-v1.0,29,5
RES-7f4358d5e8e35c86034e7c2a16ed5134,2026-07-28 18:00:00,True,0.021507214839137687,8,False,LOW,TOP_15_PERCENT_DAILY_COHORT,SUCCESS,reservation-no-show-v1.0,reservation-no-show-feature-v1.0,29,5
RES-ed831808c165d1fcdeb7ba8658dddaf9,2026-08-14 18:00:00,True,0.007139169935062622,24,False,LOW,TOP_15_PERCENT_DAILY_COHORT,SUCCESS,reservation-no-show-v1.0,reservation-no-show-feature-v1.0,29,5
RES-205fb48356150feb28af6c752e5e63ae,2026-08-31 18:00:00,True,0.004151958573632862,24,False,LOW,TOP_15_PERCENT_DAILY_COHORT,SUCCESS,reservation-no-show-v1.0,reservation-no-show-feature-v1.0,29,5
RES-57015cb692cb59bed399a6252d0fc507,2026-09-17 18:00:00,True,0.015543782949965695,7,False,LOW,TOP_15_PERCENT_DAILY_COHORT,SUCCESS,reservation-no-show-v1.0,reservation-no-show-feature-v1.0,29,5
RES-14c8f4e5a30cfc26207b6e587e82131c,2026-10-04 18:00:00,True,0.007236676135072156,21,False,LOW,TOP_15_PERCENT_DAILY_COHORT,SUCCESS,reservation-no-show-v1.0,reservation-no-show-feature-v1.0,29,5
RES-69479e13e521f8762f62bbe95acff371,2026-10-21 18:00:00,True,0.006559443881757536,28,False,LOW,TOP_15_PERCENT_DAILY_COHORT,SUCCESS,reservation-no-show-v1.0,reservation-no-show-feature-v1.0,29,5
RES-83840e1fab6a1a234e32a8191a8a3dcf,2026-11-07 18:00:00,True,0.01577986766026054,7,False,LOW,TOP_15_PERCENT_DAILY_COHORT,SUCCESS,reservation-no-show-v1.0,reservation-no-show-feature-v1.0,29,5
RES-3fb629b73ab4f431d0adfc8ee1a55a06,2026-11-24 18:00:00,True,0.004747813263981251,25,False,LOW,TOP_15_PERCENT_DAILY_COHORT,SUCCESS,reservation-no-show-v1.0,reservation-no-show-feature-v1.0,29,5
RES-de1a1e60adce41eee5a098be408d11bc,2026-12-11 18:00:00,True,0.007339377007616063,21,False,LOW,TOP_15_PERCENT_DAILY_COHORT,SUCCESS,reservation-no-show-v1.0,reservation-no-show-feature-v1.0,29,5
RES-5ed49e4fec6205d142d55efbfe96cd3c,2026-08-13 18:00:00,True,0.019041404966689653,8,False,LOW,TOP_15_PERCENT_DAILY_COHORT,SUCCESS,reservation-no-show-v1.0,reservation-no-show-feature-v1.0,29,5
RES-661e7f1ac2bfe3ed6406c0d9d161da7c,2026-08-30 18:00:00,True,0.007989319473015687,23,False,LOW,TOP_15_PERCENT_DAILY_COHORT,SUCCESS,reservation-no-show-v1.0,reservation-no-show-feature-v1.0,29,5
RES-9a102c049d420b97ea988c192a898a6d,2026-09-16 18:00:00,True,0.004459328271207746,20,False,LOW,TOP_15_PERCENT_DAILY_COHORT,SUCCESS,reservation-no-show-v1.0,reservation-no-show-feature-v1.0,29,5
RES-91589d951668e7a50135e7956560de02,2026-10-03 18:00:00,True,0.017374725551638655,7,False,LOW,TOP_15_PERCENT_DAILY_COHORT,SUCCESS,reservation-no-show-v1.0,reservation-no-show-feature-v1.0,29,5
RES-0cd489b905418eda98abb1c840f09934,2026-10-20 18:00:00,True,0.0058305416443314795,28,False,LOW,TOP_15_PERCENT_DAILY_COHORT,SUCCESS,reservation-no-show-v1.0,reservation-no-show-feature-v1.0,29,5
RES-0ce52d4374924d5d63ecb29b126f8f1a,2026-11-06 18:00:00,True,0.008076776055827772,16,False,LOW,TOP_15_PERCENT_DAILY_COHORT,SUCCESS,reservation-no-show-v1.0,reservation-no-show-feature-v1.0,29,5
RES-a7c15a61efe90cbc3f4c4f6e03dad8d4,2026-11-23 18:00:00,True,0.019391263603099403,1,True,HIGH,TOP_15_PERCENT_DAILY_COHORT,SUCCESS,reservation-no-show-v1.0,reservation-no-show-feature-v1.0,29,5
RES-9e93d08dd021bff18885897b1e8bb56e,2026-12-10 18:00:00,True,0.0050827587587075965,20,False,LOW,TOP_15_PERCENT_DAILY_COHORT,SUCCESS,reservation-no-show-v1.0,reservation-no-show-feature-v1.0,29,5
RES-bb13a02081f0a51d7d9abfd20f9c4efb,2026-08-12 18:00:00,True,0.004915743370608625,16,False,LOW,TOP_15_PERCENT_DAILY_COHORT,SUCCESS,reservation-no-show-v1.0,reservation-no-show-feature-v1.0,29,5
RES-f2cd550fb8553836045363b03c2a9893,2026-08-29 18:00:00,True,0.021342591558691094,9,False,LOW,TOP_15_PERCENT_DAILY_COHORT,SUCCESS,reservation-no-show-v1.0,reservation-no-show-feature-v1.0,29,5
RES-65567a3006cfe9626067cf55c39b6832,2026-09-15 18:00:00,True,0.0077712726457594096,22,False,LOW,TOP_15_PERCENT_DAILY_COHORT,SUCCESS,reservation-no-show-v1.0,reservation-no-show-feature-v1.0,29,5
RES-bcd77bbfabc4684ba7bd411ff2754bc2,2026-10-02 18:00:00,True,0.004534622718231271,18,False,LOW,TOP_15_PERCENT_DAILY_COHORT,SUCCESS,reservation-no-show-v1.0,reservation-no-show-feature-v1.0,29,5
RES-f8ecbc70e93fae65d3369a4f81f76f07,2026-10-19 18:00:00,True,0.014614198236385774,9,False,LOW,TOP_15_PERCENT_DAILY_COHORT,SUCCESS,reservation-no-show-v1.0,reservation-no-show-feature-v1.0,29,5
RES-965f8587bac38e9a6e9080af2460aa1e,2026-11-05 18:00:00,True,0.005671075989147776,28,False,LOW,TOP_15_PERCENT_DAILY_COHORT,SUCCESS,reservation-no-show-v1.0,reservation-no-show-feature-v1.0,29,5
RES-68cc80aba55a1908cbf11ebfa301591a,2026-11-22 18:00:00,True,0.00903756166613076,14,False,LOW,TOP_15_PERCENT_DAILY_COHORT,SUCCESS,reservation-no-show-v1.0,reservation-no-show-feature-v1.0,29,5
RES-8d97596bced59ea311697519753855c2,2026-12-09 18:00:00,True,0.01419685137738051,6,False,LOW,TOP_15_PERCENT_DAILY_COHORT,SUCCESS,reservation-no-show-v1.0,reservation-no-show-feature-v1.0,29,5
RES-e4551b642bcf6e5cb141be21a573f7e5,2026-08-11 18:00:00,True,0.004362511719735648,24,False,LOW,TOP_15_PERCENT_DAILY_COHORT,SUCCESS,reservation-no-show-v1.0,reservation-no-show-feature-v1.0,29,5
RES-504b46d339548d772936b7ca028a0d9e,2026-08-28 18:00:00,True,0.006074582550843628,14,False,LOW,TOP_15_PERCENT_DAILY_COHORT,SUCCESS,reservation-no-show-v1.0,reservation-no-show-feature-v1.0,29,5
RES-0c4303c36a93a7d031bb3f44dd20f710,2026-09-14 18:00:00,True,0.01968286995283345,7,False,LOW,TOP_15_PERCENT_DAILY_COHORT,SUCCESS,reservation-no-show-v1.0,reservation-no-show-feature-v1.0,29,5
RES-9ff6532559f860383219f798989c801d,2026-10-01 18:00:00,True,0.006869237794880193,24,False,LOW,TOP_15_PERCENT_DAILY_COHORT,SUCCESS,reservation-no-show-v1.0,reservation-no-show-feature-v1.0,29,5
RES-2635eb2b08a6332fb88b9ffcbc5134cb,2026-10-18 18:00:00,True,0.005076202239294147,15,False,LOW,TOP_15_PERCENT_DAILY_COHORT,SUCCESS,reservation-no-show-v1.0,reservation-no-show-feature-v1.0,29,5
RES-223e26d94e9f904be62c3919bf401c1c,2026-11-04 18:00:00,True,0.017189205562574132,3,True,HIGH,TOP_15_PERCENT_DAILY_COHORT,SUCCESS,reservation-no-show-v1.0,reservation-no-show-feature-v1.0,29,5
RES-37e50f0811ac519d8589069a48b73569,2026-11-21 18:00:00,True,0.007710318278248482,16,False,LOW,TOP_15_PERCENT_DAILY_COHORT,SUCCESS,reservation-no-show-v1.0,reservation-no-show-feature-v1.0,29,5
RES-688cdccbd0b0628e3ec41c541bf25e51,2026-12-08 18:00:00,True,0.006597974073568277,24,False,LOW,TOP_15_PERCENT_DAILY_COHORT,SUCCESS,reservation-no-show-v1.0,reservation-no-show-feature-v1.0,29,5
RES-7c3c4f1966fcc1d44d449497a0ce0991,2026-08-10 18:00:00,True,0.026113321840616644,5,True,HIGH,TOP_15_PERCENT_DAILY_COHORT,SUCCESS,reservation-no-show-v1.0,reservation-no-show-feature-v1.0,30,5
RES-4a93040a91aa5d40d1aada05eafbc118,2026-08-27 18:00:00,True,0.004762554382344084,20,False,LOW,TOP_15_PERCENT_DAILY_COHORT,SUCCESS,reservation-no-show-v1.0,reservation-no-show-feature-v1.0,30,5
RES-9cdb5ec09b7769b5eba8f29879160416,2026-09-13 18:00:00,True,0.006158152358542228,13,False,LOW,TOP_15_PERCENT_DAILY_COHORT,SUCCESS,reservation-no-show-v1.0,reservation-no-show-feature-v1.0,30,5
RES-97ba31cd0241ac9e66c8f87fa03bd60e,2026-09-30 18:00:00,True,0.023130008578806507,5,True,HIGH,TOP_15_PERCENT_DAILY_COHORT,SUCCESS,reservation-no-show-v1.0,reservation-no-show-feature-v1.0,30,5
RES-6790f8a981851f334062d7c437d368ad,2026-10-17 18:00:00,True,0.006367453656276683,29,False,LOW,TOP_15_PERCENT_DAILY_COHORT,SUCCESS,reservation-no-show-v1.0,reservation-no-show-feature-v1.0,30,5
RES-da8185edbef98b6fb4d37485ae57d6dc,2026-11-03 18:00:00,True,0.004485578077847648,21,False,LOW,TOP_15_PERCENT_DAILY_COHORT,SUCCESS,reservation-no-show-v1.0,reservation-no-show-feature-v1.0,30,5
RES-30b99c02d541f49bf9ae2728fb381799,2026-11-20 18:00:00,True,0.019270948035682932,3,True,HIGH,TOP_15_PERCENT_DAILY_COHORT,SUCCESS,reservation-no-show-v1.0,reservation-no-show-feature-v1.0,30,5
RES-f3907d2e76f117b6131d3aac2b5ef2f5,2026-12-07 18:00:00,True,0.007103025668754352,20,False,LOW,TOP_15_PERCENT_DAILY_COHORT,SUCCESS,reservation-no-show-v1.0,reservation-no-show-feature-v1.0,30,5
RES-d2031f640f59c5446eccbe4daa7a88ca,2026-12-24 18:00:00,True,0.0064382197584440274,27,False,LOW,TOP_15_PERCENT_DAILY_COHORT,SUCCESS,reservation-no-show-v1.0,reservation-no-show-feature-v1.0,30,5
RES-bc16538fbd2a882e1cdf308a74a031fc,2026-08-09 18:00:00,True,0.007560062367417191,16,False,LOW,TOP_15_PERCENT_DAILY_COHORT,SUCCESS,reservation-no-show-v1.0,reservation-no-show-feature-v1.0,29,5
RES-d9330ea7d81ddef217aa8ce3ecb45537,2026-08-26 18:00:00,True,0.02320477899322506,7,False,LOW,TOP_15_PERCENT_DAILY_COHORT,SUCCESS,reservation-no-show-v1.0,reservation-no-show-feature-v1.0,29,5
RES-bf81e9d9511a4777f15aeac9bd7f1ada,2026-09-12 18:00:00,True,0.0047644885952653,19,False,LOW,TOP_15_PERCENT_DAILY_COHORT,SUCCESS,reservation-no-show-v1.0,reservation-no-show-feature-v1.0,29,5
RES-a71165cf5aacc7bb438552fa40c77853,2026-09-29 18:00:00,True,0.005459787149006156,18,False,LOW,TOP_15_PERCENT_DAILY_COHORT,SUCCESS,reservation-no-show-v1.0,reservation-no-show-feature-v1.0,29,5
RES-c295b16c13b1fc2562f01948d9a443c4,2026-10-16 18:00:00,True,0.023587152796307295,4,True,HIGH,TOP_15_PERCENT_DAILY_COHORT,SUCCESS,reservation-no-show-v1.0,reservation-no-show-feature-v1.0,29,5
RES-a4af13fe52b50250153867c497344f26,2026-11-02 18:00:00,True,0.00710361741920073,22,False,LOW,TOP_15_PERCENT_DAILY_COHORT,SUCCESS,reservation-no-show-v1.0,reservation-no-show-feature-v1.0,29,5
RES-ecadc725ac7f7ea800deea2e3c8d1863,2026-11-19 18:00:00,True,0.004817526165043611,15,False,LOW,TOP_15_PERCENT_DAILY_COHORT,SUCCESS,reservation-no-show-v1.0,reservation-no-show-feature-v1.0,29,5
RES-57ab1db4d171efbe1de0ab0b6767ee62,2026-12-06 18:00:00,True,0.014699342006331278,10,False,LOW,TOP_15_PERCENT_DAILY_COHORT,SUCCESS,reservation-no-show-v1.0,reservation-no-show-feature-v1.0,29,5
RES-3bf836c7e4f4fd8198650aa738be01d1,2026-12-23 18:00:00,True,0.006298186163930969,22,False,LOW,TOP_15_PERCENT_DAILY_COHORT,SUCCESS,reservation-no-show-v1.0,reservation-no-show-feature-v1.0,29,5
RES-851229b072f4504d52edd78743d5ef56,2026-08-08 18:00:00,True,0.004771632003442733,24,False,LOW,TOP_15_PERCENT_DAILY_COHORT,SUCCESS,reservation-no-show-v1.0,reservation-no-show-feature-v1.0,29,5
RES-ecd89323743dfd803d6301d8869d8a14,2026-08-25 18:00:00,True,0.007377186353581658,17,False,LOW,TOP_15_PERCENT_DAILY_COHORT,SUCCESS,reservation-no-show-v1.0,reservation-no-show-feature-v1.0,29,5
RES-85da04af3b55651a3553e9d77ce711eb,2026-09-11 18:00:00,True,0.021467844119279978,10,False,LOW,TOP_15_PERCENT_DAILY_COHORT,SUCCESS,reservation-no-show-v1.0,reservation-no-show-feature-v1.0,29,5
RES-9a464bcb320172e3f4f6caa70aed91b1,2026-09-28 18:00:00,True,0.004402284771241655,25,False,LOW,TOP_15_PERCENT_DAILY_COHORT,SUCCESS,reservation-no-show-v1.0,reservation-no-show-feature-v1.0,29,5
RES-79e009b005b94afc3293a2a21e7f0982,2026-10-15 18:00:00,True,0.006432325469124655,12,False,LOW,TOP_15_PERCENT_DAILY_COHORT,SUCCESS,reservation-no-show-v1.0,reservation-no-show-feature-v1.0,29,5
RES-aa955624b493a2f0671cb5fd0f1591dd,2026-11-01 18:00:00,True,0.019796951021522406,10,False,LOW,TOP_15_PERCENT_DAILY_COHORT,SUCCESS,reservation-no-show-v1.0,reservation-no-show-feature-v1.0,29,5
RES-125c3f46aad1849d752b266e66cec998,2026-11-18 18:00:00,True,0.00923479299381845,11,False,LOW,TOP_15_PERCENT_DAILY_COHORT,SUCCESS,reservation-no-show-v1.0,reservation-no-show-feature-v1.0,29,5
RES-d7f71c29c9bb4bc3b15e4a3398beefcb,2026-12-05 18:00:00,True,0.0065309400768042356,10,False,LOW,TOP_15_PERCENT_DAILY_COHORT,SUCCESS,reservation-no-show-v1.0,reservation-no-show-feature-v1.0,29,5
RES-e2fbc95d03d2d90aa90ffb4abdc605e8,2026-12-22 18:00:00,True,0.015775166045690348,5,True,HIGH,TOP_15_PERCENT_DAILY_COHORT,SUCCESS,reservation-no-show-v1.0,reservation-no-show-feature-v1.0,29,5
RES-5330cfea922a26cc854ccde2a74e3ef5,2026-08-07 18:00:00,True,0.019487106915944137,1,True,HIGH,TOP_15_PERCENT_DAILY_COHORT,SUCCESS,reservation-no-show-v1.0,reservation-no-show-feature-v1.0,29,5
RES-47f8a72a21ca5c3886e6549828d466a4,2026-08-24 18:00:00,True,0.004408887532154663,29,False,LOW,TOP_15_PERCENT_DAILY_COHORT,SUCCESS,reservation-no-show-v1.0,reservation-no-show-feature-v1.0,29,5
RES-bf788cdeee5041f8dccc7a304eacfdce,2026-09-10 18:00:00,True,0.0065205936707555985,21,False,LOW,TOP_15_PERCENT_DAILY_COHORT,SUCCESS,reservation-no-show-v1.0,reservation-no-show-feature-v1.0,29,5
RES-011502879e36e416074224b2d0806873,2026-09-27 18:00:00,True,0.026346149794508084,4,True,HIGH,TOP_15_PERCENT_DAILY_COHORT,SUCCESS,reservation-no-show-v1.0,reservation-no-show-feature-v1.0,29,5
RES-a66a7b9f894dd796df650928887e6076,2026-10-14 18:00:00,True,0.005187435343121591,14,False,LOW,TOP_15_PERCENT_DAILY_COHORT,SUCCESS,reservation-no-show-v1.0,reservation-no-show-feature-v1.0,29,5
RES-d8e320bb8a9e819f2dbec6bf0d457e8e,2026-10-31 18:00:00,True,0.006540714523904734,12,False,LOW,TOP_15_PERCENT_DAILY_COHORT,SUCCESS,reservation-no-show-v1.0,reservation-no-show-feature-v1.0,29,5
RES-d3fdd36f38da254b74ca1a95ce4c2baf,2026-11-17 18:00:00,True,0.021237820092031873,7,False,LOW,TOP_15_PERCENT_DAILY_COHORT,SUCCESS,reservation-no-show-v1.0,reservation-no-show-feature-v1.0,29,5
RES-36a72891f180aacf2aa4de6630fdee9c,2026-12-04 18:00:00,True,0.007756201621749983,20,False,LOW,TOP_15_PERCENT_DAILY_COHORT,SUCCESS,reservation-no-show-v1.0,reservation-no-show-feature-v1.0,29,5
RES-211482e106cdcf90423a49ce28b6880f,2026-12-21 18:00:00,True,0.004526468025311758,22,False,LOW,TOP_15_PERCENT_DAILY_COHORT,SUCCESS,reservation-no-show-v1.0,reservation-no-show-feature-v1.0,29,5
RES-4a52f2b29863f386bd01f0e32240996d,2026-08-06 18:00:00,True,0.007896812683127129,13,False,LOW,TOP_15_PERCENT_DAILY_COHORT,SUCCESS,reservation-no-show-v1.0,reservation-no-show-feature-v1.0,29,5
RES-d84b31b20abe4f25e31c557765c76bee,2026-08-23 18:00:00,True,0.013560413675238683,8,False,LOW,TOP_15_PERCENT_DAILY_COHORT,SUCCESS,reservation-no-show-v1.0,reservation-no-show-feature-v1.0,29,5
RES-cf715c18d2a18ca153ddfc3ccfb7be2d,2026-09-09 18:00:00,True,0.005195209566100137,20,False,LOW,TOP_15_PERCENT_DAILY_COHORT,SUCCESS,reservation-no-show-v1.0,reservation-no-show-feature-v1.0,29,5
RES-d784e6d2c9877fd40e5b3ac87bb71c15,2026-09-26 18:00:00,True,0.007319909855660427,16,False,LOW,TOP_15_PERCENT_DAILY_COHORT,SUCCESS,reservation-no-show-v1.0,reservation-no-show-feature-v1.0,29,5
RES-699470b8cf9c3777b05bd1679e2c4421,2026-10-13 18:00:00,True,0.025640052142407155,5,True,HIGH,TOP_15_PERCENT_DAILY_COHORT,SUCCESS,reservation-no-show-v1.0,reservation-no-show-feature-v1.0,29,5
RES-ac750861071baf456c09b03ddc27397a,2026-10-30 18:00:00,True,0.003968187895387437,29,False,LOW,TOP_15_PERCENT_DAILY_COHORT,SUCCESS,reservation-no-show-v1.0,reservation-no-show-feature-v1.0,29,5
RES-72b228ab435a46f43ff4c377bc363077,2026-11-16 18:00:00,True,0.00549189366256875,16,False,LOW,TOP_15_PERCENT_DAILY_COHORT,SUCCESS,reservation-no-show-v1.0,reservation-no-show-feature-v1.0,29,5
RES-43532152928dc24b4acbfdeb4c95458f,2026-12-03 18:00:00,True,0.02066572387040343,10,False,LOW,TOP_15_PERCENT_DAILY_COHORT,SUCCESS,reservation-no-show-v1.0,reservation-no-show-feature-v1.0,29,5
RES-0ef59dd5ff70ce936e7fcb9f3f3915f8,2026-12-20 18:00:00,True,0.006513752123344873,28,False,LOW,TOP_15_PERCENT_DAILY_COHORT,SUCCESS,reservation-no-show-v1.0,reservation-no-show-feature-v1.0,29,5
RES-db2c728bb403d12916c194c0321d027b,2026-08-05 18:00:00,True,0.005796466878142031,27,False,LOW,TOP_15_PERCENT_DAILY_COHORT,SUCCESS,reservation-no-show-v1.0,reservation-no-show-feature-v1.0,29,5
RES-c72ab26e0b6d47a12ae37c60439bc53d,2026-08-22 18:00:00,True,0.00732051954143099,18,False,LOW,TOP_15_PERCENT_DAILY_COHORT,SUCCESS,reservation-no-show-v1.0,reservation-no-show-feature-v1.0,29,5
RES-9af4c70a435d9cede3a9027150d08455,2026-09-08 18:00:00,True,0.01450800176823347,7,False,LOW,TOP_15_PERCENT_DAILY_COHORT,SUCCESS,reservation-no-show-v1.0,reservation-no-show-feature-v1.0,29,5
RES-ba8eb9ab12915fdf2e40782bf6505787,2026-09-25 18:00:00,True,0.004815116968738063,25,False,LOW,TOP_15_PERCENT_DAILY_COHORT,SUCCESS,reservation-no-show-v1.0,reservation-no-show-feature-v1.0,29,5
RES-4a30547b15a4b1bfbe2a4516facdba0d,2026-10-12 18:00:00,True,0.0067431582651854656,18,False,LOW,TOP_15_PERCENT_DAILY_COHORT,SUCCESS,reservation-no-show-v1.0,reservation-no-show-feature-v1.0,29,5
RES-c4aa16e3045b8f5122aeabdc607c1200,2026-10-29 18:00:00,True,0.022782989644255285,8,False,LOW,TOP_15_PERCENT_DAILY_COHORT,SUCCESS,reservation-no-show-v1.0,reservation-no-show-feature-v1.0,29,5
RES-fe8f63d8e6c31b076cece3b2db21a8b7,2026-11-15 18:00:00,True,0.004022896705268108,28,False,LOW,TOP_15_PERCENT_DAILY_COHORT,SUCCESS,reservation-no-show-v1.0,reservation-no-show-feature-v1.0,29,5
RES-57fcd139e115cd8a578d229fa6f524fb,2026-12-02 18:00:00,True,0.0048531390726269654,26,False,LOW,TOP_15_PERCENT_DAILY_COHORT,SUCCESS,reservation-no-show-v1.0,reservation-no-show-feature-v1.0,29,5
RES-ded553e736fb40013a37d63b901a663c,2026-12-19 18:00:00,True,0.025442536923901672,1,True,HIGH,TOP_15_PERCENT_DAILY_COHORT,SUCCESS,reservation-no-show-v1.0,reservation-no-show-feature-v1.0,29,5
RES-7e4c96162468396a9935fcc1a7015d9c,2026-08-04 18:00:00,True,0.017564770418372306,2,True,HIGH,TOP_15_PERCENT_DAILY_COHORT,SUCCESS,reservation-no-show-v1.0,reservation-no-show-feature-v1.0,29,5
RES-502f671f1886c8823f0a322c0bd1be16,2026-08-21 18:00:00,True,0.005913102621057833,29,False,LOW,TOP_15_PERCENT_DAILY_COHORT,SUCCESS,reservation-no-show-v1.0,reservation-no-show-feature-v1.0,29,5
RES-4ca8f5a8a2958b80e65b6d15a4c0012e,2026-09-07 18:00:00,True,0.007421102088029401,22,False,LOW,TOP_15_PERCENT_DAILY_COHORT,SUCCESS,reservation-no-show-v1.0,reservation-no-show-feature-v1.0,29,5
RES-633b6cbcc0a080bb9c80d7bd7875eaa7,2026-09-24 18:00:00,True,0.015570043180888029,5,True,HIGH,TOP_15_PERCENT_DAILY_COHORT,SUCCESS,reservation-no-show-v1.0,reservation-no-show-feature-v1.0,29,5
RES-23cc676f70e6d18dfbd9032da6121df6,2026-10-11 18:00:00,True,0.004434841742402165,29,False,LOW,TOP_15_PERCENT_DAILY_COHORT,SUCCESS,reservation-no-show-v1.0,reservation-no-show-feature-v1.0,29,5
RES-dda68ec009aaa35e0b1c4e63bed4d533,2026-10-28 18:00:00,True,0.005978849576524183,25,False,LOW,TOP_15_PERCENT_DAILY_COHORT,SUCCESS,reservation-no-show-v1.0,reservation-no-show-feature-v1.0,29,5
RES-61301acd48c5068086ca70e9773e88fb,2026-11-14 18:00:00,True,0.023160476019067386,7,False,LOW,TOP_15_PERCENT_DAILY_COHORT,SUCCESS,reservation-no-show-v1.0,reservation-no-show-feature-v1.0,29,5
RES-89e74d98c3287ba700dfefbac7c37fcc,2026-12-01 18:00:00,True,0.004740705343975178,16,False,LOW,TOP_15_PERCENT_DAILY_COHORT,SUCCESS,reservation-no-show-v1.0,reservation-no-show-feature-v1.0,29,5
RES-b41377d5b2ff82228ed5c92094a2871a,2026-12-18 18:00:00,True,0.0059973088399379705,13,False,LOW,TOP_15_PERCENT_DAILY_COHORT,SUCCESS,reservation-no-show-v1.0,reservation-no-show-feature-v1.0,29,5
RES-e47a23b4292dead6e5cdf316f66efb8f,2026-08-03 18:00:00,True,0.005046513594393491,16,False,LOW,TOP_15_PERCENT_DAILY_COHORT,SUCCESS,reservation-no-show-v1.0,reservation-no-show-feature-v1.0,29,5
RES-81debc551bf579609ce6bba648f6a290,2026-08-20 18:00:00,True,0.015593133550222408,5,True,HIGH,TOP_15_PERCENT_DAILY_COHORT,SUCCESS,reservation-no-show-v1.0,reservation-no-show-feature-v1.0,29,5
RES-2ed3979c66fb861b8e9fa7e045d0bd5d,2026-09-06 18:00:00,True,0.007379087419723246,17,False,LOW,TOP_15_PERCENT_DAILY_COHORT,SUCCESS,reservation-no-show-v1.0,reservation-no-show-feature-v1.0,29,5
RES-be58a56a8bd12c6fd96f63d78770d23f,2026-09-23 18:00:00,True,0.007241562961202067,17,False,LOW,TOP_15_PERCENT_DAILY_COHORT,SUCCESS,reservation-no-show-v1.0,reservation-no-show-feature-v1.0,29,5
RES-cd8549ae6bc3992a545fb7ae52e9c005,2026-10-10 18:00:00,True,0.021026923458399457,2,True,HIGH,TOP_15_PERCENT_DAILY_COHORT,SUCCESS,reservation-no-show-v1.0,reservation-no-show-feature-v1.0,29,5
RES-19218b5a62b7c9a108a58454d21f4762,2026-10-27 18:00:00,True,0.006350204476962639,14,False,LOW,TOP_15_PERCENT_DAILY_COHORT,SUCCESS,reservation-no-show-v1.0,reservation-no-show-feature-v1.0,29,5
RES-c6c8a2e6a67d6024ffd2aa973bd47858,2026-11-13 18:00:00,True,0.009807803927838058,10,False,LOW,TOP_15_PERCENT_DAILY_COHORT,SUCCESS,reservation-no-show-v1.0,reservation-no-show-feature-v1.0,29,5
RES-ac905ddff25b4e6afaccec82f01e2a12,2026-11-30 18:00:00,True,0.025787752517391894,5,True,HIGH,TOP_15_PERCENT_DAILY_COHORT,SUCCESS,reservation-no-show-v1.0,reservation-no-show-feature-v1.0,29,5
RES-d23070115db31d0aaa7cc93d40c766d2,2026-12-17 18:00:00,True,0.00462571099538908,18,False,LOW,TOP_15_PERCENT_DAILY_COHORT,SUCCESS,reservation-no-show-v1.0,reservation-no-show-feature-v1.0,29,5
RES-66ed5d9a70faf07d66ec2b9383973773,2026-08-02 18:00:00,True,0.007989319473015687,20,False,LOW,TOP_15_PERCENT_DAILY_COHORT,SUCCESS,reservation-no-show-v1.0,reservation-no-show-feature-v1.0,29,5
RES-9e5e2a1331d2e85c39739589ec2ff171,2026-08-19 18:00:00,True,0.004473646301830761,20,False,LOW,TOP_15_PERCENT_DAILY_COHORT,SUCCESS,reservation-no-show-v1.0,reservation-no-show-feature-v1.0,29,5
RES-7b8bdf1ba6e306662324a0e8c1b62236,2026-09-05 18:00:00,True,0.01585342537513054,6,False,LOW,TOP_15_PERCENT_DAILY_COHORT,SUCCESS,reservation-no-show-v1.0,reservation-no-show-feature-v1.0,29,5
RES-d616ed492704400935fd51f5a0a37e0c,2026-09-22 18:00:00,True,0.007795492419607382,15,False,LOW,TOP_15_PERCENT_DAILY_COHORT,SUCCESS,reservation-no-show-v1.0,reservation-no-show-feature-v1.0,29,5
RES-24f7acb0a7d822f34c9cc9943731f40e,2026-10-09 18:00:00,True,0.006691328819714546,25,False,LOW,TOP_15_PERCENT_DAILY_COHORT,SUCCESS,reservation-no-show-v1.0,reservation-no-show-feature-v1.0,29,5
RES-890b05367b294d048632c0ff7081441f,2026-10-26 18:00:00,True,0.016096484179260642,4,True,HIGH,TOP_15_PERCENT_DAILY_COHORT,SUCCESS,reservation-no-show-v1.0,reservation-no-show-feature-v1.0,29,5
RES-222f4ef8e5f529a2a132eb8f782c9e62,2026-11-12 18:00:00,True,0.005099068250060915,21,False,LOW,TOP_15_PERCENT_DAILY_COHORT,SUCCESS,reservation-no-show-v1.0,reservation-no-show-feature-v1.0,29,5
RES-18c737d52d879c6a6fa4cf6e0dfd01ec,2026-11-29 18:00:00,True,0.006183038136529334,23,False,LOW,TOP_15_PERCENT_DAILY_COHORT,SUCCESS,reservation-no-show-v1.0,reservation-no-show-feature-v1.0,29,5
RES-f29e4672ab0fa596d4de6b9e2c8aad49,2026-12-16 18:00:00,True,0.020852733661280713,10,False,LOW,TOP_15_PERCENT_DAILY_COHORT,SUCCESS,reservation-no-show-v1.0,reservation-no-show-feature-v1.0,29,5
RES-5b631fa2f184d01b17e5392106b3c810,2026-08-01 18:00:00,True,0.028297319121092023,2,True,HIGH,TOP_15_PERCENT_DAILY_COHORT,SUCCESS,reservation-no-show-v1.0,reservation-no-show-feature-v1.0,29,5
RES-2023a77e45b878457b4e1ce72da69339,2026-08-18 18:00:00,True,0.008578322096758026,17,False,LOW,TOP_15_PERCENT_DAILY_COHORT,SUCCESS,reservation-no-show-v1.0,reservation-no-show-feature-v1.0,29,5
RES-607335d5c55a7344618cbfdf8c5017a4,2026-09-04 18:00:00,True,0.0060655004386285655,11,False,LOW,TOP_15_PERCENT_DAILY_COHORT,SUCCESS,reservation-no-show-v1.0,reservation-no-show-feature-v1.0,29,5
RES-5c6daf96e3087c0351bd72a56f6d4dda,2026-09-21 18:00:00,True,0.019481322592272445,2,True,HIGH,TOP_15_PERCENT_DAILY_COHORT,SUCCESS,reservation-no-show-v1.0,reservation-no-show-feature-v1.0,29,5
RES-37f72ac6c229056b027e30de355455b6,2026-10-08 18:00:00,True,0.0068906658303482925,18,False,LOW,TOP_15_PERCENT_DAILY_COHORT,SUCCESS,reservation-no-show-v1.0,reservation-no-show-feature-v1.0,29,5
RES-995781cf19b49eb4eb5e647d0d60d87e,2026-10-25 18:00:00,True,0.009066445636442518,11,False,LOW,TOP_15_PERCENT_DAILY_COHORT,SUCCESS,reservation-no-show-v1.0,reservation-no-show-feature-v1.0,29,5
RES-b54f4da157efdea17756bdd597058e94,2026-11-11 18:00:00,True,0.017218197010655995,4,True,HIGH,TOP_15_PERCENT_DAILY_COHORT,SUCCESS,reservation-no-show-v1.0,reservation-no-show-feature-v1.0,29,5
RES-cbed77a596dc85f9b8c04436e43e7aab,2026-11-28 18:00:00,True,0.004725976140494624,25,False,LOW,TOP_15_PERCENT_DAILY_COHORT,SUCCESS,reservation-no-show-v1.0,reservation-no-show-feature-v1.0,29,5
RES-068324e58d8a0b257d562229cc5b64a7,2026-12-15 18:00:00,True,0.007283463871700587,16,False,LOW,TOP_15_PERCENT_DAILY_COHORT,SUCCESS,reservation-no-show-v1.0,reservation-no-show-feature-v1.0,29,5
RES-346dbaea1aafd7dc98ea4b2f584167b3,2026-11-04 18:00:00,True,0.0053587759976845215,17,False,LOW,TOP_15_PERCENT_DAILY_COHORT,SUCCESS,reservation-no-show-v1.0,reservation-no-show-feature-v1.0,29,5
RES-3f7471ba2fdd8493cca14eab7b170f73,2026-07-31 18:00:00,True,0.005014746699616734,24,False,LOW,TOP_15_PERCENT_DAILY_COHORT,SUCCESS,reservation-no-show-v1.0,reservation-no-show-feature-v1.0,29,5
RES-4a7dc00c2200edf3929b9bdcafbc6554,2026-08-17 18:00:00,True,0.02169988953875049,6,False,LOW,TOP_15_PERCENT_DAILY_COHORT,SUCCESS,reservation-no-show-v1.0,reservation-no-show-feature-v1.0,29,5
RES-02864be796fd9ad373354923f77486f9,2026-09-03 18:00:00,True,0.0068912400119643,25,False,LOW,TOP_15_PERCENT_DAILY_COHORT,SUCCESS,reservation-no-show-v1.0,reservation-no-show-feature-v1.0,29,5
RES-c9e9367ef41e48fe7c22d8b99832c0ae,2026-09-20 18:00:00,True,0.004626668705628492,23,False,LOW,TOP_15_PERCENT_DAILY_COHORT,SUCCESS,reservation-no-show-v1.0,reservation-no-show-feature-v1.0,29,5
RES-bfed6cd64e8e2b7b636ff0a1313c5225,2026-10-07 18:00:00,True,0.017243688777784108,6,False,LOW,TOP_15_PERCENT_DAILY_COHORT,SUCCESS,reservation-no-show-v1.0,reservation-no-show-feature-v1.0,29,5
RES-6a2efcf663cb0cbcd36c69062606f0b1,2026-10-24 18:00:00,True,0.0063873264835123044,27,False,LOW,TOP_15_PERCENT_DAILY_COHORT,SUCCESS,reservation-no-show-v1.0,reservation-no-show-feature-v1.0,29,5
RES-4b7c59ced8e1716735b3cacb2c6e314f,2026-11-10 18:00:00,True,0.007284070544107822,22,False,LOW,TOP_15_PERCENT_DAILY_COHORT,SUCCESS,reservation-no-show-v1.0,reservation-no-show-feature-v1.0,29,5
RES-7ab421804a3df6fd99a6e3af32732ed1,2026-11-27 18:00:00,True,0.014526079860583296,9,False,LOW,TOP_15_PERCENT_DAILY_COHORT,SUCCESS,reservation-no-show-v1.0,reservation-no-show-feature-v1.0,29,5
RES-dc8156619733d72c64a4a0310e984b3c,2026-12-14 18:00:00,True,0.00479108220866379,25,False,LOW,TOP_15_PERCENT_DAILY_COHORT,SUCCESS,reservation-no-show-v1.0,reservation-no-show-feature-v1.0,29,5
RES-d97c76e07f2c213e2f14cf85ae9f80a2,2026-07-30 18:00:00,True,0.004270321971124674,21,False,LOW,TOP_15_PERCENT_DAILY_COHORT,SUCCESS,reservation-no-show-v1.0,reservation-no-show-feature-v1.0,29,5
RES-7aeabda10a1bf94b98faf5b12aea8bba,2026-08-16 18:00:00,True,0.005613345088882399,15,False,LOW,TOP_15_PERCENT_DAILY_COHORT,SUCCESS,reservation-no-show-v1.0,reservation-no-show-feature-v1.0,29,5
RES-6917a21ee3f1089b5df0bef32576c647,2026-09-02 18:00:00,True,0.021115614798334036,10,False,LOW,TOP_15_PERCENT_DAILY_COHORT,SUCCESS,reservation-no-show-v1.0,reservation-no-show-feature-v1.0,29,5
RES-a1c297301d99018a97a27320aa1cd156,2026-09-19 18:00:00,True,0.008511799944933314,14,False,LOW,TOP_15_PERCENT_DAILY_COHORT,SUCCESS,reservation-no-show-v1.0,reservation-no-show-feature-v1.0,29,5
RES-c3b520e431b4f8786177d3ed5a212d80,2026-10-06 18:00:00,True,0.005451619176134699,15,False,LOW,TOP_15_PERCENT_DAILY_COHORT,SUCCESS,reservation-no-show-v1.0,reservation-no-show-feature-v1.0,29,5
RES-09955f6ffbb7f6c0b9f1cbd6d7cfa70a,2026-10-23 18:00:00,True,0.0159962780143575,7,False,LOW,TOP_15_PERCENT_DAILY_COHORT,SUCCESS,reservation-no-show-v1.0,reservation-no-show-feature-v1.0,29,5
RES-a734c30f198e03d47df2fb8b7b90a23d,2026-11-09 18:00:00,True,0.006475170771150847,21,False,LOW,TOP_15_PERCENT_DAILY_COHORT,SUCCESS,reservation-no-show-v1.0,reservation-no-show-feature-v1.0,29,5
RES-fc66da65c4a5c391b0368b6ef2439071,2026-11-26 18:00:00,True,0.0071078228887679834,22,False,LOW,TOP_15_PERCENT_DAILY_COHORT,SUCCESS,reservation-no-show-v1.0,reservation-no-show-feature-v1.0,29,5
RES-d2d83a75752c5b9561a5335015902a5e,2026-12-13 18:00:00,True,0.01619012200366102,4,True,HIGH,TOP_15_PERCENT_DAILY_COHORT,SUCCESS,reservation-no-show-v1.0,reservation-no-show-feature-v1.0,29,5
RES-19d1792502ad0731a0a28a65a71e3580,2026-07-29 18:00:00,True,0.02557329434604962,3,True,HIGH,TOP_15_PERCENT_DAILY_COHORT,SUCCESS,reservation-no-show-v1.0,reservation-no-show-feature-v1.0,29,5
RES-0915fb3713c34f12eb40a70edadae587,2026-08-15 18:00:00,True,0.003944953881279764,29,False,LOW,TOP_15_PERCENT_DAILY_COHORT,SUCCESS,reservation-no-show-v1.0,reservation-no-show-feature-v1.0,29,5
RES-902bf9ceaa05c0fc4528f5071011f2ac,2026-09-01 18:00:00,True,0.0045067286361978355,26,False,LOW,TOP_15_PERCENT_DAILY_COHORT,SUCCESS,reservation-no-show-v1.0,reservation-no-show-feature-v1.0,29,5
RES-b92428a70e0c87bfdbf13fadb3f1ae4d,2026-09-18 18:00:00,True,0.025993658496001635,3,True,HIGH,TOP_15_PERCENT_DAILY_COHORT,SUCCESS,reservation-no-show-v1.0,reservation-no-show-feature-v1.0,29,5
RES-28e5ceaa3f8c37225b49b194508a53fc,2026-10-05 18:00:00,True,0.0071263649689681605,24,False,LOW,TOP_15_PERCENT_DAILY_COHORT,SUCCESS,reservation-no-show-v1.0,reservation-no-show-feature-v1.0,29,5
RES-84192636307d336362c08a2fc6a7e792,2026-10-22 18:00:00,True,0.004832988715688793,17,False,LOW,TOP_15_PERCENT_DAILY_COHORT,SUCCESS,reservation-no-show-v1.0,reservation-no-show-feature-v1.0,29,5
RES-e8912fec67ed346ece9ba392d8033605,2026-11-08 18:00:00,True,0.017825692978985428,4,True,HIGH,TOP_15_PERCENT_DAILY_COHORT,SUCCESS,reservation-no-show-v1.0,reservation-no-show-feature-v1.0,29,5
RES-fec10fce6b8ca13aec6cb1f502903f71,2026-11-25 18:00:00,True,0.006953327110654264,19,False,LOW,TOP_15_PERCENT_DAILY_COHORT,SUCCESS,reservation-no-show-v1.0,reservation-no-show-feature-v1.0,29,5
RES-008a98f710a859ae1b4786186f111c18,2026-12-12 18:00:00,True,0.007227511733649262,21,False,LOW,TOP_15_PERCENT_DAILY_COHORT,SUCCESS,reservation-no-show-v1.0,reservation-no-show-feature-v1.0,29,5
RES-0726daefecded121fae4746d136595b9,2026-07-28 18:00:00,True,0.006725261824987165,24,False,LOW,TOP_15_PERCENT_DAILY_COHORT,SUCCESS,reservation-no-show-v1.0,reservation-no-show-feature-v1.0,29,5
RES-0d48c7c6a7151c36ecc59a98152bbed4,2026-08-14 18:00:00,True,0.021535591818033894,9,False,LOW,TOP_15_PERCENT_DAILY_COHORT,SUCCESS,reservation-no-show-v1.0,reservation-no-show-feature-v1.0,29,5
RES-18c7495fc4ebb5c3495438cbb178ee25,2026-08-31 18:00:00,True,0.0039993436534902895,29,False,LOW,TOP_15_PERCENT_DAILY_COHORT,SUCCESS,reservation-no-show-v1.0,reservation-no-show-feature-v1.0,29,5
RES-4b0acdc601eccd92706792f811cbd939,2026-09-17 18:00:00,True,0.005327443543024324,16,False,LOW,TOP_15_PERCENT_DAILY_COHORT,SUCCESS,reservation-no-show-v1.0,reservation-no-show-feature-v1.0,29,5
RES-c066a73ae94c7562f82cb6dcc8de6f35,2026-10-04 18:00:00,True,0.026343997619689363,5,True,HIGH,TOP_15_PERCENT_DAILY_COHORT,SUCCESS,reservation-no-show-v1.0,reservation-no-show-feature-v1.0,29,5
RES-6cea40c749f8c0819ee32548216792ee,2026-10-21 18:00:00,True,0.006953906477113908,24,False,LOW,TOP_15_PERCENT_DAILY_COHORT,SUCCESS,reservation-no-show-v1.0,reservation-no-show-feature-v1.0,29,5
RES-601e97eb815c8ce873387f1878c2e474,2026-11-07 18:00:00,True,0.005953350107903858,12,False,LOW,TOP_15_PERCENT_DAILY_COHORT,SUCCESS,reservation-no-show-v1.0,reservation-no-show-feature-v1.0,29,5
RES-ac64b321124ffb5a32257fee6d6b493b,2026-11-24 18:00:00,True,0.014391869176682124,10,False,LOW,TOP_15_PERCENT_DAILY_COHORT,SUCCESS,reservation-no-show-v1.0,reservation-no-show-feature-v1.0,29,5
RES-10edaf02c00829abf67c01059144b5b2,2026-12-11 18:00:00,True,0.009419175879762319,11,False,LOW,TOP_15_PERCENT_DAILY_COHORT,SUCCESS,reservation-no-show-v1.0,reservation-no-show-feature-v1.0,29,5
RES-aaff1967ea361992bdef480936ad73ff,2026-08-13 18:00:00,True,0.006541486533719427,22,False,LOW,TOP_15_PERCENT_DAILY_COHORT,SUCCESS,reservation-no-show-v1.0,reservation-no-show-feature-v1.0,29,5
RES-9762e378ee37260c1e16ebbd7da6e767,2026-08-30 18:00:00,True,0.026428876536818323,4,True,HIGH,TOP_15_PERCENT_DAILY_COHORT,SUCCESS,reservation-no-show-v1.0,reservation-no-show-feature-v1.0,29,5
RES-c72cd0367421ec86044cc7c7385ec0c4,2026-09-16 18:00:00,True,0.005821924653748937,12,False,LOW,TOP_15_PERCENT_DAILY_COHORT,SUCCESS,reservation-no-show-v1.0,reservation-no-show-feature-v1.0,29,5
RES-8277e3b63a187fb497b1ecfafde42f42,2026-10-03 18:00:00,True,0.005417316099220333,15,False,LOW,TOP_15_PERCENT_DAILY_COHORT,SUCCESS,reservation-no-show-v1.0,reservation-no-show-feature-v1.0,29,5
RES-23557d92771e0d64c2ea4ee23c428243,2026-10-20 18:00:00,True,0.02341037935279812,5,True,HIGH,TOP_15_PERCENT_DAILY_COHORT,SUCCESS,reservation-no-show-v1.0,reservation-no-show-feature-v1.0,29,5
RES-5c12b734a1131b214281bfe0a8d5fa5a,2026-11-06 18:00:00,True,0.009419958757171748,13,False,LOW,TOP_15_PERCENT_DAILY_COHORT,SUCCESS,reservation-no-show-v1.0,reservation-no-show-feature-v1.0,29,5
RES-c708ee4c8f9f66d3aee43dbfc501bd8d,2026-11-23 18:00:00,True,0.004125415474401787,27,False,LOW,TOP_15_PERCENT_DAILY_COHORT,SUCCESS,reservation-no-show-v1.0,reservation-no-show-feature-v1.0,29,5
RES-8526a0aad0e649e86d666d1bba8fea18,2026-12-10 18:00:00,True,0.016928375331782826,6,False,LOW,TOP_15_PERCENT_DAILY_COHORT,SUCCESS,reservation-no-show-v1.0,reservation-no-show-feature-v1.0,29,5
RES-56fb55b866dfdb6cf2f089af6cc407b7,2026-08-12 18:00:00,True,0.00473518725221237,22,False,LOW,TOP_15_PERCENT_DAILY_COHORT,SUCCESS,reservation-no-show-v1.0,reservation-no-show-feature-v1.0,29,5
RES-b2712308050fd74c2663b4d47a0f821c,2026-08-29 18:00:00,True,0.00667301284437434,22,False,LOW,TOP_15_PERCENT_DAILY_COHORT,SUCCESS,reservation-no-show-v1.0,reservation-no-show-feature-v1.0,29,5
RES-bb064ff411df9f496a1ae893f62660dc,2026-09-15 18:00:00,True,0.025720620311941077,4,True,HIGH,TOP_15_PERCENT_DAILY_COHORT,SUCCESS,reservation-no-show-v1.0,reservation-no-show-feature-v1.0,29,5
RES-cdf68cfee21d9a16feddb5a35e032758,2026-10-02 18:00:00,True,0.004807908775553922,15,False,LOW,TOP_15_PERCENT_DAILY_COHORT,SUCCESS,reservation-no-show-v1.0,reservation-no-show-feature-v1.0,29,5
RES-6ed6da149ff92f450c4835b50f1cf0cf,2026-10-19 18:00:00,True,0.005509508710790781,13,False,LOW,TOP_15_PERCENT_DAILY_COHORT,SUCCESS,reservation-no-show-v1.0,reservation-no-show-feature-v1.0,29,5
RES-d26d5b83978d7969bf74142b73b2435f,2026-11-05 18:00:00,True,0.018861800919857796,10,False,LOW,TOP_15_PERCENT_DAILY_COHORT,SUCCESS,reservation-no-show-v1.0,reservation-no-show-feature-v1.0,29,5
RES-5ec3ef7632d03c13638e74d282a7c582,2026-11-22 18:00:00,True,0.006534623209253842,28,False,LOW,TOP_15_PERCENT_DAILY_COHORT,SUCCESS,reservation-no-show-v1.0,reservation-no-show-feature-v1.0,29,5
RES-dd33dd94126e5ca261dec0cedea40a4e,2026-12-09 18:00:00,True,0.004861427331237706,14,False,LOW,TOP_15_PERCENT_DAILY_COHORT,SUCCESS,reservation-no-show-v1.0,reservation-no-show-feature-v1.0,29,5
RES-10171b4718942c7b88c685347aec2e02,2026-08-11 18:00:00,True,0.01600337911271703,3,True,HIGH,TOP_15_PERCENT_DAILY_COHORT,SUCCESS,reservation-no-show-v1.0,reservation-no-show-feature-v1.0,29,5
RES-428095415a600abc05f958731ef57cc3,2026-08-28 18:00:00,True,0.005316813626856756,20,False,LOW,TOP_15_PERCENT_DAILY_COHORT,SUCCESS,reservation-no-show-v1.0,reservation-no-show-feature-v1.0,29,5
RES-067dd03f1d60d065aeea071288fa8093,2026-09-14 18:00:00,True,0.00744423871595717,15,False,LOW,TOP_15_PERCENT_DAILY_COHORT,SUCCESS,reservation-no-show-v1.0,reservation-no-show-feature-v1.0,29,5
RES-8777ad4a773bc6d87b816e34efc133ce,2026-10-01 18:00:00,True,0.020732697269896978,9,False,LOW,TOP_15_PERCENT_DAILY_COHORT,SUCCESS,reservation-no-show-v1.0,reservation-no-show-feature-v1.0,29,5
RES-7be05f5bfee1911e3aed4981c52c2d97,2026-10-18 18:00:00,True,0.004889781399620306,20,False,LOW,TOP_15_PERCENT_DAILY_COHORT,SUCCESS,reservation-no-show-v1.0,reservation-no-show-feature-v1.0,29,5
RES-5012985178b2bf3dd21108a5ab3ab492,2026-11-21 18:00:00,True,0.023231534489259468,6,False,LOW,TOP_15_PERCENT_DAILY_COHORT,SUCCESS,reservation-no-show-v1.0,reservation-no-show-feature-v1.0,29,5
RES-59915c4822539fb974404a337b7505f3,2026-12-08 18:00:00,True,0.006356023995754527,27,False,LOW,TOP_15_PERCENT_DAILY_COHORT,SUCCESS,reservation-no-show-v1.0,reservation-no-show-feature-v1.0,29,5
RES-c8470aec6cedfffccf0f8d70c9a42967,2026-08-10 18:00:00,True,0.007444858679592546,23,False,LOW,TOP_15_PERCENT_DAILY_COHORT,SUCCESS,reservation-no-show-v1.0,reservation-no-show-feature-v1.0,30,5
RES-40776af1ed695733282ddd93dc468276,2026-08-27 18:00:00,True,0.01420447359003456,7,False,LOW,TOP_15_PERCENT_DAILY_COHORT,SUCCESS,reservation-no-show-v1.0,reservation-no-show-feature-v1.0,30,5
RES-904a323e838674595cfbc22d3bd4f1a8,2026-09-13 18:00:00,True,0.004897111735238382,24,False,LOW,TOP_15_PERCENT_DAILY_COHORT,SUCCESS,reservation-no-show-v1.0,reservation-no-show-feature-v1.0,30,5
RES-4d031f6223dd1ac2494d3a56d776991f,2026-09-30 18:00:00,True,0.0072409598033237104,17,False,LOW,TOP_15_PERCENT_DAILY_COHORT,SUCCESS,reservation-no-show-v1.0,reservation-no-show-feature-v1.0,30,5
RES-6ccf9e00f078a7d3f05595787a07a8ea,2026-10-17 18:00:00,True,0.0211434862582014,10,False,LOW,TOP_15_PERCENT_DAILY_COHORT,SUCCESS,reservation-no-show-v1.0,reservation-no-show-feature-v1.0,30,5
RES-3b6a2d011da51132a9cd92844b95d293,2026-11-03 18:00:00,True,0.0043207534009431555,24,False,LOW,TOP_15_PERCENT_DAILY_COHORT,SUCCESS,reservation-no-show-v1.0,reservation-no-show-feature-v1.0,30,5
RES-c79bcca0926fa88595e9c0f9dcfc0925,2026-11-20 18:00:00,True,0.0049667762789580815,21,False,LOW,TOP_15_PERCENT_DAILY_COHORT,SUCCESS,reservation-no-show-v1.0,reservation-no-show-feature-v1.0,30,5
RES-ba68962e8c350733c36175209464ace7,2026-12-07 18:00:00,True,0.021428134241184373,8,False,LOW,TOP_15_PERCENT_DAILY_COHORT,SUCCESS,reservation-no-show-v1.0,reservation-no-show-feature-v1.0,30,5
RES-6ec1f35a832ced5698dfc2432c82bcb7,2026-12-24 18:00:00,True,0.0068254424343003935,24,False,LOW,TOP_15_PERCENT_DAILY_COHORT,SUCCESS,reservation-no-show-v1.0,reservation-no-show-feature-v1.0,30,5
RES-0ce34e2911e2cdba04d4ec5c9e9d416b,2026-08-09 18:00:00,True,0.007283090821437592,21,False,LOW,TOP_15_PERCENT_DAILY_COHORT,SUCCESS,reservation-no-show-v1.0,reservation-no-show-feature-v1.0,29,5
RES-c35516d97b28619c9dcdf8010b114fd9,2026-08-26 18:00:00,True,0.01064631509196668,11,False,LOW,TOP_15_PERCENT_DAILY_COHORT,SUCCESS,reservation-no-show-v1.0,reservation-no-show-feature-v1.0,29,5
RES-edb031ed6129c411926c5849d45612f2,2026-09-12 18:00:00,True,0.013132176494650918,9,False,LOW,TOP_15_PERCENT_DAILY_COHORT,SUCCESS,reservation-no-show-v1.0,reservation-no-show-feature-v1.0,29,5
RES-298ad591ca33c228fc7278fececfc649,2026-09-29 18:00:00,True,0.005788505456013496,14,False,LOW,TOP_15_PERCENT_DAILY_COHORT,SUCCESS,reservation-no-show-v1.0,reservation-no-show-feature-v1.0,29,5
RES-74f45117750ac7217f3d0daadc2f174c,2026-10-16 18:00:00,True,0.006712205633283534,21,False,LOW,TOP_15_PERCENT_DAILY_COHORT,SUCCESS,reservation-no-show-v1.0,reservation-no-show-feature-v1.0,29,5
RES-6338e4e77724fd9911b9c696c1aab0df,2026-11-02 18:00:00,True,0.023547475087144325,8,False,LOW,TOP_15_PERCENT_DAILY_COHORT,SUCCESS,reservation-no-show-v1.0,reservation-no-show-feature-v1.0,29,5
RES-84f4028712b8263e42a74da5f44790ef,2026-11-19 18:00:00,True,0.005107774354217813,11,False,LOW,TOP_15_PERCENT_DAILY_COHORT,SUCCESS,reservation-no-show-v1.0,reservation-no-show-feature-v1.0,29,5
RES-b3a596f1b95aebfbdd3d4c87394b1d2b,2026-12-06 18:00:00,True,0.005035182879249471,24,False,LOW,TOP_15_PERCENT_DAILY_COHORT,SUCCESS,reservation-no-show-v1.0,reservation-no-show-feature-v1.0,29,5
RES-8454369727b17087f60ddf9a3eb85b95,2026-12-23 18:00:00,True,0.025252217959232427,3,True,HIGH,TOP_15_PERCENT_DAILY_COHORT,SUCCESS,reservation-no-show-v1.0,reservation-no-show-feature-v1.0,29,5
RES-507b82652ca48d8e50bf928105c0603d,2026-08-08 18:00:00,True,0.015903743190169073,7,False,LOW,TOP_15_PERCENT_DAILY_COHORT,SUCCESS,reservation-no-show-v1.0,reservation-no-show-feature-v1.0,29,5
RES-b63ae7e641e00422dcae7b1fc520b026,2026-08-25 18:00:00,True,0.005867990954556236,29,False,LOW,TOP_15_PERCENT_DAILY_COHORT,SUCCESS,reservation-no-show-v1.0,reservation-no-show-feature-v1.0,29,5
RES-1229e8f09b528c29b8d9a55917be8861,2026-09-11 18:00:00,True,0.00738706068358771,19,False,LOW,TOP_15_PERCENT_DAILY_COHORT,SUCCESS,reservation-no-show-v1.0,reservation-no-show-feature-v1.0,29,5
RES-a75d6a2a77402cd9c2166741268f9fdd,2026-09-28 18:00:00,True,0.013353898817735773,10,False,LOW,TOP_15_PERCENT_DAILY_COHORT,SUCCESS,reservation-no-show-v1.0,reservation-no-show-feature-v1.0,29,5
RES-f0793b514e3691314c44d137067e3765,2026-10-15 18:00:00,True,0.004647519228758806,24,False,LOW,TOP_15_PERCENT_DAILY_COHORT,SUCCESS,reservation-no-show-v1.0,reservation-no-show-feature-v1.0,29,5
RES-b4c32ce0661f472c4c74126511a9b94a,2026-11-01 18:00:00,True,0.0082394415961552,11,False,LOW,TOP_15_PERCENT_DAILY_COHORT,SUCCESS,reservation-no-show-v1.0,reservation-no-show-feature-v1.0,29,5
RES-5253c74bc3737d8632fd10b3094dd912,2026-11-18 18:00:00,True,0.02298682501499701,7,False,LOW,TOP_15_PERCENT_DAILY_COHORT,SUCCESS,reservation-no-show-v1.0,reservation-no-show-feature-v1.0,29,5
RES-be32f36aed9053f0e9eec0729f7bbab2,2026-12-05 18:00:00,True,0.005193960500265623,15,False,LOW,TOP_15_PERCENT_DAILY_COHORT,SUCCESS,reservation-no-show-v1.0,reservation-no-show-feature-v1.0,29,5
RES-6ad264e37f4d327d70f2e55df5ebe25c,2026-12-22 18:00:00,True,0.004463596050089187,28,False,LOW,TOP_15_PERCENT_DAILY_COHORT,SUCCESS,reservation-no-show-v1.0,reservation-no-show-feature-v1.0,29,5
RES-9266261e6f50d8f278e9f69b277f7823,2026-08-07 18:00:00,True,0.0041461247882036275,28,False,LOW,TOP_15_PERCENT_DAILY_COHORT,SUCCESS,reservation-no-show-v1.0,reservation-no-show-feature-v1.0,29,5
RES-9bdda56e3199e38cdb6368e3f7cdcdd1,2026-08-24 18:00:00,True,0.01777890981527635,6,False,LOW,TOP_15_PERCENT_DAILY_COHORT,SUCCESS,reservation-no-show-v1.0,reservation-no-show-feature-v1.0,29,5
RES-64a791e3d5c610846b0f207cd44df96a,2026-09-10 18:00:00,True,0.006912736203849654,14,False,LOW,TOP_15_PERCENT_DAILY_COHORT,SUCCESS,reservation-no-show-v1.0,reservation-no-show-feature-v1.0,29,5
RES-2b16210a9455cb768f91bb74798453db,2026-09-27 18:00:00,True,0.01000664279013607,12,False,LOW,TOP_15_PERCENT_DAILY_COHORT,SUCCESS,reservation-no-show-v1.0,reservation-no-show-feature-v1.0,29,5
RES-6307d3ab7c0c13e4ba4c016d8a848c08,2026-10-14 18:00:00,True,0.01428726487439948,6,False,LOW,TOP_15_PERCENT_DAILY_COHORT,SUCCESS,reservation-no-show-v1.0,reservation-no-show-feature-v1.0,29,5
RES-c4e794bd3a1c5f0d80b215d8da2c8c0a,2026-10-31 18:00:00,True,0.004725976140494624,21,False,LOW,TOP_15_PERCENT_DAILY_COHORT,SUCCESS,reservation-no-show-v1.0,reservation-no-show-feature-v1.0,29,5
RES-346f25a613d9e77725735c9bc2ba4bb3,2026-11-17 18:00:00,True,0.006639766230323446,23,False,LOW,TOP_15_PERCENT_DAILY_COHORT,SUCCESS,reservation-no-show-v1.0,reservation-no-show-feature-v1.0,29,5
RES-071fc4393a863503195069dd9645b54c,2026-12-04 18:00:00,True,0.03398804636515685,2,True,HIGH,TOP_15_PERCENT_DAILY_COHORT,SUCCESS,reservation-no-show-v1.0,reservation-no-show-feature-v1.0,29,5
RES-ba07b7f2acd83b0761981668d7700963,2026-12-21 18:00:00,True,0.004360147408777873,25,False,LOW,TOP_15_PERCENT_DAILY_COHORT,SUCCESS,reservation-no-show-v1.0,reservation-no-show-feature-v1.0,29,5
RES-1045d0a2568a32bc31d954b3f579fd4f,2026-08-06 18:00:00,True,0.0076075984752225784,18,False,LOW,TOP_15_PERCENT_DAILY_COHORT,SUCCESS,reservation-no-show-v1.0,reservation-no-show-feature-v1.0,29,5
RES-2d27d26a95480dafe5d97b046e9cc4fa,2026-08-23 18:00:00,True,0.0061884277516161485,12,False,LOW,TOP_15_PERCENT_DAILY_COHORT,SUCCESS,reservation-no-show-v1.0,reservation-no-show-feature-v1.0,29,5
RES-4ced4b0093238c2c093eb6ce519a8201,2026-09-09 18:00:00,True,0.01430848053428942,9,False,LOW,TOP_15_PERCENT_DAILY_COHORT,SUCCESS,reservation-no-show-v1.0,reservation-no-show-feature-v1.0,29,5
RES-9031fd8fc9d181f8db8d8fcadf57ec00,2026-09-26 18:00:00,True,0.006513132987016021,23,False,LOW,TOP_15_PERCENT_DAILY_COHORT,SUCCESS,reservation-no-show-v1.0,reservation-no-show-feature-v1.0,29,5
RES-45fe5c482228875b3afec5aa3174fcc3,2026-10-13 18:00:00,True,0.011779508373610357,11,False,LOW,TOP_15_PERCENT_DAILY_COHORT,SUCCESS,reservation-no-show-v1.0,reservation-no-show-feature-v1.0,29,5
RES-8f3dc0d71d28bf546a034609735d235e,2026-10-30 18:00:00,True,0.019364433918172944,2,True,HIGH,TOP_15_PERCENT_DAILY_COHORT,SUCCESS,reservation-no-show-v1.0,reservation-no-show-feature-v1.0,29,5
RES-7b9c7ac39d398d6671e50f95b5f03a1c,2026-11-16 18:00:00,True,0.004806460293512916,26,False,LOW,TOP_15_PERCENT_DAILY_COHORT,SUCCESS,reservation-no-show-v1.0,reservation-no-show-feature-v1.0,29,5
RES-a90be2c71697ea8a3cf67a232db37050,2026-12-03 18:00:00,True,0.006458312011202863,23,False,LOW,TOP_15_PERCENT_DAILY_COHORT,SUCCESS,reservation-no-show-v1.0,reservation-no-show-feature-v1.0,29,5
RES-2e76f887f04718a2b6ba9cbe629cefeb,2026-12-20 18:00:00,True,0.023757983887303793,7,False,LOW,TOP_15_PERCENT_DAILY_COHORT,SUCCESS,reservation-no-show-v1.0,reservation-no-show-feature-v1.0,29,5
RES-46882f73d8379e199cc5a4af51ab07c5,2026-08-05 18:00:00,True,0.021182275002245534,8,False,LOW,TOP_15_PERCENT_DAILY_COHORT,SUCCESS,reservation-no-show-v1.0,reservation-no-show-feature-v1.0,29,5
RES-c46457915e9a15e8cd963b9592b069c8,2026-08-22 18:00:00,True,0.006408329299397326,26,False,LOW,TOP_15_PERCENT_DAILY_COHORT,SUCCESS,reservation-no-show-v1.0,reservation-no-show-feature-v1.0,29,5
RES-0dd2541716ee8c4d107c3fdfe6ea6995,2026-09-08 18:00:00,True,0.004101264672540444,27,False,LOW,TOP_15_PERCENT_DAILY_COHORT,SUCCESS,reservation-no-show-v1.0,reservation-no-show-feature-v1.0,29,5
RES-f2dab5313040f57af2ced66219df77b7,2026-09-25 18:00:00,True,0.01939304051565499,2,True,HIGH,TOP_15_PERCENT_DAILY_COHORT,SUCCESS,reservation-no-show-v1.0,reservation-no-show-feature-v1.0,29,5
RES-6aecc2e8aed0413138a3b6fb08fa9ab1,2026-10-12 18:00:00,True,0.006495919044636758,24,False,LOW,TOP_15_PERCENT_DAILY_COHORT,SUCCESS,reservation-no-show-v1.0,reservation-no-show-feature-v1.0,29,5
RES-8fa3e8e2b4adf059302087a5c744faef,2026-10-29 18:00:00,True,0.0071305838087806364,23,False,LOW,TOP_15_PERCENT_DAILY_COHORT,SUCCESS,reservation-no-show-v1.0,reservation-no-show-feature-v1.0,29,5
RES-73bf3144084d982f6a66927b29470b56,2026-11-15 18:00:00,True,0.017855738428237743,3,True,HIGH,TOP_15_PERCENT_DAILY_COHORT,SUCCESS,reservation-no-show-v1.0,reservation-no-show-feature-v1.0,29,5
RES-dd57267cc2aa3c5ad892014a15ad7c99,2026-12-02 18:00:00,True,0.006232823015511681,14,False,LOW,TOP_15_PERCENT_DAILY_COHORT,SUCCESS,reservation-no-show-v1.0,reservation-no-show-feature-v1.0,29,5
RES-5860246f7ea08124dd7d2b692839e6f6,2026-12-19 18:00:00,True,0.007250049217139316,19,False,LOW,TOP_15_PERCENT_DAILY_COHORT,SUCCESS,reservation-no-show-v1.0,reservation-no-show-feature-v1.0,29,5
RES-502b61f1205e47a8ca02aab67af413a7,2026-08-04 18:00:00,True,0.00497645437284814,23,False,LOW,TOP_15_PERCENT_DAILY_COHORT,SUCCESS,reservation-no-show-v1.0,reservation-no-show-feature-v1.0,29,5
RES-0aa15ff1524a02c946c58b7dd78e9647,2026-08-21 18:00:00,True,0.01965564488957116,9,False,LOW,TOP_15_PERCENT_DAILY_COHORT,SUCCESS,reservation-no-show-v1.0,reservation-no-show-feature-v1.0,29,5
RES-d059827a8e2456ffb54b8e7dd5cea916,2026-09-07 18:00:00,True,0.007866971534795753,18,False,LOW,TOP_15_PERCENT_DAILY_COHORT,SUCCESS,reservation-no-show-v1.0,reservation-no-show-feature-v1.0,29,5
RES-723ee4992deb5b49bbe37615f027307e,2026-09-24 18:00:00,True,0.005336537481622875,14,False,LOW,TOP_15_PERCENT_DAILY_COHORT,SUCCESS,reservation-no-show-v1.0,reservation-no-show-feature-v1.0,29,5
RES-8218cb17c550ade5fce26a5e09f68521,2026-10-11 18:00:00,True,0.017882156909344596,5,True,HIGH,TOP_15_PERCENT_DAILY_COHORT,SUCCESS,reservation-no-show-v1.0,reservation-no-show-feature-v1.0,29,5
RES-3d9d0e5ed0263cad9dc9d961a80e8401,2026-10-28 18:00:00,True,0.005759471387527095,28,False,LOW,TOP_15_PERCENT_DAILY_COHORT,SUCCESS,reservation-no-show-v1.0,reservation-no-show-feature-v1.0,29,5
RES-b9a16f1b5a36a410aa374a26a8499f9b,2026-11-14 18:00:00,True,0.006588726207935242,24,False,LOW,TOP_15_PERCENT_DAILY_COHORT,SUCCESS,reservation-no-show-v1.0,reservation-no-show-feature-v1.0,29,5
RES-293c7e9d4b675f6ece9311d9b9a3f81d,2026-12-01 18:00:00,True,0.014370531676289057,7,False,LOW,TOP_15_PERCENT_DAILY_COHORT,SUCCESS,reservation-no-show-v1.0,reservation-no-show-feature-v1.0,29,5
RES-c579c0a42db5fc1719e209c11c867e2e,2026-12-18 18:00:00,True,0.004769047027331689,25,False,LOW,TOP_15_PERCENT_DAILY_COHORT,SUCCESS,reservation-no-show-v1.0,reservation-no-show-feature-v1.0,29,5
RES-5407a79175be7c3c2f8a5abd9d53313b,2026-08-03 18:00:00,True,0.004416420458861739,26,False,LOW,TOP_15_PERCENT_DAILY_COHORT,SUCCESS,reservation-no-show-v1.0,reservation-no-show-feature-v1.0,29,5
RES-9275ba308cd553245dc08ef567217fcd,2026-08-20 18:00:00,True,0.005344533958134545,20,False,LOW,TOP_15_PERCENT_DAILY_COHORT,SUCCESS,reservation-no-show-v1.0,reservation-no-show-feature-v1.0,29,5
RES-1dd2699f139b67516e806a3fe90e5e0c,2026-09-06 18:00:00,True,0.01992230833505809,10,False,LOW,TOP_15_PERCENT_DAILY_COHORT,SUCCESS,reservation-no-show-v1.0,reservation-no-show-feature-v1.0,29,5
RES-fe3c99d4439a29946c5b268b52b1af20,2026-09-23 18:00:00,True,0.006339148458103697,27,False,LOW,TOP_15_PERCENT_DAILY_COHORT,SUCCESS,reservation-no-show-v1.0,reservation-no-show-feature-v1.0,29,5
RES-8b2cbf7a89ad1f0cc4d1cf5f6e9ac68b,2026-10-10 18:00:00,True,0.004069318171460349,29,False,LOW,TOP_15_PERCENT_DAILY_COHORT,SUCCESS,reservation-no-show-v1.0,reservation-no-show-feature-v1.0,29,5
RES-1bcfcda6ffcdacf24793c43f508525b4,2026-10-27 18:00:00,True,0.019186390602516153,3,True,HIGH,TOP_15_PERCENT_DAILY_COHORT,SUCCESS,reservation-no-show-v1.0,reservation-no-show-feature-v1.0,29,5
RES-88e5fd1dd87bd64d0ae567e06d4248a0,2026-11-13 18:00:00,True,0.005856589226021341,29,False,LOW,TOP_15_PERCENT_DAILY_COHORT,SUCCESS,reservation-no-show-v1.0,reservation-no-show-feature-v1.0,29,5
RES-9ead71b0fdaa32c1b3a0652c84cd378c,2026-11-30 18:00:00,True,0.008088095527386381,19,False,LOW,TOP_15_PERCENT_DAILY_COHORT,SUCCESS,reservation-no-show-v1.0,reservation-no-show-feature-v1.0,29,5
RES-ea3080a3f5e83024e35629299ad982a7,2026-12-17 18:00:00,True,0.012752792253681613,9,False,LOW,TOP_15_PERCENT_DAILY_COHORT,SUCCESS,reservation-no-show-v1.0,reservation-no-show-feature-v1.0,29,5
RES-2d0c8a31dc23eb043eaa57443086b77c,2026-08-02 18:00:00,True,0.024058560302430355,6,False,LOW,TOP_15_PERCENT_DAILY_COHORT,SUCCESS,reservation-no-show-v1.0,reservation-no-show-feature-v1.0,29,5
RES-e21d25b7843e7dc2d64d45d369a4de82,2026-08-19 18:00:00,True,0.003914798292257997,28,False,LOW,TOP_15_PERCENT_DAILY_COHORT,SUCCESS,reservation-no-show-v1.0,reservation-no-show-feature-v1.0,29,5
RES-b1635a766cf676ccb1f51a14c2a5f0ff,2026-09-05 18:00:00,True,0.005434693249817026,17,False,LOW,TOP_15_PERCENT_DAILY_COHORT,SUCCESS,reservation-no-show-v1.0,reservation-no-show-feature-v1.0,29,5
RES-d92044a1f9b9bada0e282c787507353d,2026-09-22 18:00:00,True,0.021372102275186308,6,False,LOW,TOP_15_PERCENT_DAILY_COHORT,SUCCESS,reservation-no-show-v1.0,reservation-no-show-feature-v1.0,29,5
RES-40d5b8369a7887af9d2ca81d8c740be3,2026-10-09 18:00:00,True,0.007805922247335371,15,False,LOW,TOP_15_PERCENT_DAILY_COHORT,SUCCESS,reservation-no-show-v1.0,reservation-no-show-feature-v1.0,29,5
RES-d210e7c61b60da2e7b367440c7bd0eb6,2026-10-26 18:00:00,True,0.005014280480323151,17,False,LOW,TOP_15_PERCENT_DAILY_COHORT,SUCCESS,reservation-no-show-v1.0,reservation-no-show-feature-v1.0,29,5
RES-03ab2ce3a70dc7c4e54c85638e2529d1,2026-11-12 18:00:00,True,0.01698204609995521,6,False,LOW,TOP_15_PERCENT_DAILY_COHORT,SUCCESS,reservation-no-show-v1.0,reservation-no-show-feature-v1.0,29,5
RES-aff1143c15431c0826fa186f1951dd80,2026-11-29 18:00:00,True,0.005956212677704646,27,False,LOW,TOP_15_PERCENT_DAILY_COHORT,SUCCESS,reservation-no-show-v1.0,reservation-no-show-feature-v1.0,29,5
RES-a7ee93617d0d39f2b675f8d53b827d5d,2026-12-16 18:00:00,True,0.007892548103138754,16,False,LOW,TOP_15_PERCENT_DAILY_COHORT,SUCCESS,reservation-no-show-v1.0,reservation-no-show-feature-v1.0,29,5
RES-3409c211ae208fdbe7e7a625ab455b01,2026-08-01 18:00:00,True,0.007343344905052837,17,False,LOW,TOP_15_PERCENT_DAILY_COHORT,SUCCESS,reservation-no-show-v1.0,reservation-no-show-feature-v1.0,29,5
RES-03d600e68a519325a1fb62069fbdf2b7,2026-08-18 18:00:00,True,0.028338477995933933,1,True,HIGH,TOP_15_PERCENT_DAILY_COHORT,SUCCESS,reservation-no-show-v1.0,reservation-no-show-feature-v1.0,29,5
RES-26d59d81b10eddeccdfd7fad440276dc,2026-09-04 18:00:00,True,0.005308858404057486,14,False,LOW,TOP_15_PERCENT_DAILY_COHORT,SUCCESS,reservation-no-show-v1.0,reservation-no-show-feature-v1.0,29,5
RES-f73eaab6068c6edd85ddca7567e0ef6c,2026-09-21 18:00:00,True,0.006083113188911773,16,False,LOW,TOP_15_PERCENT_DAILY_COHORT,SUCCESS,reservation-no-show-v1.0,reservation-no-show-feature-v1.0,29,5
RES-731877227fbe8ecba56508ea8f6ba808,2026-10-08 18:00:00,True,0.018921483556938783,10,False,LOW,TOP_15_PERCENT_DAILY_COHORT,SUCCESS,reservation-no-show-v1.0,reservation-no-show-feature-v1.0,29,5
RES-09df61f4d2baf3c0ddfe2331f5b0412a,2026-10-25 18:00:00,True,0.006555560728130974,29,False,LOW,TOP_15_PERCENT_DAILY_COHORT,SUCCESS,reservation-no-show-v1.0,reservation-no-show-feature-v1.0,29,5
RES-eda55716892a36a2f12e9d0473a7e13a,2026-11-11 18:00:00,True,0.004877030098523355,17,False,LOW,TOP_15_PERCENT_DAILY_COHORT,SUCCESS,reservation-no-show-v1.0,reservation-no-show-feature-v1.0,29,5
RES-5a8dc6963da20386bc6afa36b3ab0df2,2026-11-28 18:00:00,True,0.015753259205170216,8,False,LOW,TOP_15_PERCENT_DAILY_COHORT,SUCCESS,reservation-no-show-v1.0,reservation-no-show-feature-v1.0,29,5
RES-7b103c9c199bb4d7a9d6c0fcc65d35ff,2026-12-15 18:00:00,True,0.007721128162875898,15,False,LOW,TOP_15_PERCENT_DAILY_COHORT,SUCCESS,reservation-no-show-v1.0,reservation-no-show-feature-v1.0,29,5
RES-d16c9dc02ade3b34c3da85e509792bf1,2026-07-31 18:00:00,True,0.006440076257552199,12,False,LOW,TOP_15_PERCENT_DAILY_COHORT,SUCCESS,reservation-no-show-v1.0,reservation-no-show-feature-v1.0,29,5
RES-a9c447f30b4147533c5067f6ee877e67,2026-08-17 18:00:00,True,0.007468068815729564,15,False,LOW,TOP_15_PERCENT_DAILY_COHORT,SUCCESS,reservation-no-show-v1.0,reservation-no-show-feature-v1.0,29,5
RES-00fce953dc4d4e0a5f7b29b69e1ac671,2026-09-03 18:00:00,True,0.02510955959359448,6,False,LOW,TOP_15_PERCENT_DAILY_COHORT,SUCCESS,reservation-no-show-v1.0,reservation-no-show-feature-v1.0,29,5
RES-3c91cdbd310eb71fb3c561b1241cbd8c,2026-09-20 18:00:00,True,0.005399215287902272,15,False,LOW,TOP_15_PERCENT_DAILY_COHORT,SUCCESS,reservation-no-show-v1.0,reservation-no-show-feature-v1.0,29,5
RES-9cc0909ba99b8c4bc49b366bea1a0e37,2026-10-07 18:00:00,True,0.0053759663839133935,15,False,LOW,TOP_15_PERCENT_DAILY_COHORT,SUCCESS,reservation-no-show-v1.0,reservation-no-show-feature-v1.0,29,5
RES-e66e3a1c8598122d3fe47ecd5dd19a88,2026-10-24 18:00:00,True,0.028120775690736885,1,True,HIGH,TOP_15_PERCENT_DAILY_COHORT,SUCCESS,reservation-no-show-v1.0,reservation-no-show-feature-v1.0,29,5
RES-0e047b40aaca3813abe65d85c2a30cf2,2026-11-10 18:00:00,True,0.007721771006744313,19,False,LOW,TOP_15_PERCENT_DAILY_COHORT,SUCCESS,reservation-no-show-v1.0,reservation-no-show-feature-v1.0,29,5
RES-c04e4d96990cd160d365fbcc016860cd,2026-11-27 18:00:00,True,0.0054759832694739816,12,False,LOW,TOP_15_PERCENT_DAILY_COHORT,SUCCESS,reservation-no-show-v1.0,reservation-no-show-feature-v1.0,29,5
RES-610dee9a41194f80d3cd2dbd54d19df7,2026-12-14 18:00:00,True,0.015967842245888268,10,False,LOW,TOP_15_PERCENT_DAILY_COHORT,SUCCESS,reservation-no-show-v1.0,reservation-no-show-feature-v1.0,29,5
RES-95c91fa6230f3a25333611434de08d6e,2026-07-30 18:00:00,True,0.014249633510947022,6,False,LOW,TOP_15_PERCENT_DAILY_COHORT,SUCCESS,reservation-no-show-v1.0,reservation-no-show-feature-v1.0,29,5
RES-b82469741f537279cb40451f9bcb44c6,2026-08-16 18:00:00,True,0.004912828466326982,23,False,LOW,TOP_15_PERCENT_DAILY_COHORT,SUCCESS,reservation-no-show-v1.0,reservation-no-show-feature-v1.0,29,5
RES-4a254911b67b9223c3eebe54e010605e,2026-09-02 18:00:00,True,0.007264143939904476,19,False,LOW,TOP_15_PERCENT_DAILY_COHORT,SUCCESS,reservation-no-show-v1.0,reservation-no-show-feature-v1.0,29,5
RES-1f841de79c4e23ce4ba401282ecd77c8,2026-09-19 18:00:00,True,0.021210232543447036,10,False,LOW,TOP_15_PERCENT_DAILY_COHORT,SUCCESS,reservation-no-show-v1.0,reservation-no-show-feature-v1.0,29,5
RES-e643311d265d997327e0048cfd0dd56f,2026-10-06 18:00:00,True,0.005337915510059303,17,False,LOW,TOP_15_PERCENT_DAILY_COHORT,SUCCESS,reservation-no-show-v1.0,reservation-no-show-feature-v1.0,29,5
RES-baace73a23118ed8a78dc9fb48565f47,2026-10-23 18:00:00,True,0.00452688909498692,28,False,LOW,TOP_15_PERCENT_DAILY_COHORT,SUCCESS,reservation-no-show-v1.0,reservation-no-show-feature-v1.0,29,5
RES-3fcf469a5a74b7b84824c82eb5dd31cc,2026-11-09 18:00:00,True,0.023619692196321703,6,False,LOW,TOP_15_PERCENT_DAILY_COHORT,SUCCESS,reservation-no-show-v1.0,reservation-no-show-feature-v1.0,29,5
RES-6cc88da599d3f772f1de04f54069c7ae,2026-11-26 18:00:00,True,0.00753501300062722,16,False,LOW,TOP_15_PERCENT_DAILY_COHORT,SUCCESS,reservation-no-show-v1.0,reservation-no-show-feature-v1.0,29,5
RES-61aada76d3389ec98292d18025b8735b,2026-12-13 18:00:00,True,0.005551363967363513,15,False,LOW,TOP_15_PERCENT_DAILY_COHORT,SUCCESS,reservation-no-show-v1.0,reservation-no-show-feature-v1.0,29,5
RES-eaeec8d3efdc1f9f38112baa47b8e8d7,2026-07-29 18:00:00,True,0.006622694320065838,27,False,LOW,TOP_15_PERCENT_DAILY_COHORT,SUCCESS,reservation-no-show-v1.0,reservation-no-show-feature-v1.0,29,5
RES-8fb904ca90a746b18b40dba99cadd09a,2026-08-15 18:00:00,True,0.01593060171014343,3,True,HIGH,TOP_15_PERCENT_DAILY_COHORT,SUCCESS,reservation-no-show-v1.0,reservation-no-show-feature-v1.0,29,5
RES-6f0e8e4c750f6cdfb319da80358fded5,2026-09-01 18:00:00,True,0.005788505456013496,16,False,LOW,TOP_15_PERCENT_DAILY_COHORT,SUCCESS,reservation-no-show-v1.0,reservation-no-show-feature-v1.0,29,5
RES-e97cd6181389feb10e91908acbb7d7a1,2026-09-18 18:00:00,True,0.006733708285560988,21,False,LOW,TOP_15_PERCENT_DAILY_COHORT,SUCCESS,reservation-no-show-v1.0,reservation-no-show-feature-v1.0,29,5
RES-242f194883a96f6efcce9f3bbe556a90,2026-10-05 18:00:00,True,0.031295256336908404,2,True,HIGH,TOP_15_PERCENT_DAILY_COHORT,SUCCESS,reservation-no-show-v1.0,reservation-no-show-feature-v1.0,29,5
RES-fdf61a74aede55dd4775d052134d0f83,2026-10-22 18:00:00,True,0.00563979076637627,11,False,LOW,TOP_15_PERCENT_DAILY_COHORT,SUCCESS,reservation-no-show-v1.0,reservation-no-show-feature-v1.0,29,5
RES-81adb793b57b4aaf11e14bb7ea6b861f,2026-11-08 18:00:00,True,0.004589265143602006,27,False,LOW,TOP_15_PERCENT_DAILY_COHORT,SUCCESS,reservation-no-show-v1.0,reservation-no-show-feature-v1.0,29,5
RES-70a535e4716d25b44c16d54c3330eb7c,2026-11-25 18:00:00,True,0.020982909588198796,6,False,LOW,TOP_15_PERCENT_DAILY_COHORT,SUCCESS,reservation-no-show-v1.0,reservation-no-show-feature-v1.0,29,5
RES-0343368b13aa7b6022a5942ce093a783,2026-12-12 18:00:00,True,0.006326837078966969,26,False,LOW,TOP_15_PERCENT_DAILY_COHORT,SUCCESS,reservation-no-show-v1.0,reservation-no-show-feature-v1.0,29,5
RES-a69d5c2d53fdd3e1a73220ff02e28001,2026-07-28 18:00:00,True,0.006478674500914219,28,False,LOW,TOP_15_PERCENT_DAILY_COHORT,SUCCESS,reservation-no-show-v1.0,reservation-no-show-feature-v1.0,29,5
RES-97ad6f531bc7a32f6094472445012ec4,2026-08-14 18:00:00,True,0.007410709114688125,20,False,LOW,TOP_15_PERCENT_DAILY_COHORT,SUCCESS,reservation-no-show-v1.0,reservation-no-show-feature-v1.0,29,5
RES-ddc15e5a4da48f6c9ac572e01c3d60a5,2026-08-31 18:00:00,True,0.014685431888248586,6,False,LOW,TOP_15_PERCENT_DAILY_COHORT,SUCCESS,reservation-no-show-v1.0,reservation-no-show-feature-v1.0,29,5
RES-9f622647e230c18bc6ce4e3b24f3fa0d,2026-09-17 18:00:00,True,0.005648239069104918,12,False,LOW,TOP_15_PERCENT_DAILY_COHORT,SUCCESS,reservation-no-show-v1.0,reservation-no-show-feature-v1.0,29,5
RES-2806c0fdf9dbbf6e289455b8827f7dc1,2026-10-04 18:00:00,True,0.006202856178840211,26,False,LOW,TOP_15_PERCENT_DAILY_COHORT,SUCCESS,reservation-no-show-v1.0,reservation-no-show-feature-v1.0,29,5
RES-7c41ee0d31aba28ed011947ade2a90c2,2026-10-21 18:00:00,True,0.020984633227942875,10,False,LOW,TOP_15_PERCENT_DAILY_COHORT,SUCCESS,reservation-no-show-v1.0,reservation-no-show-feature-v1.0,29,5
RES-fd224c8cd9d439ea35120317de40dfd3,2026-11-07 18:00:00,True,0.004300872011226031,21,False,LOW,TOP_15_PERCENT_DAILY_COHORT,SUCCESS,reservation-no-show-v1.0,reservation-no-show-feature-v1.0,29,5
RES-b6bce391f6023dacdbdf38e8fc2927b4,2026-11-24 18:00:00,True,0.005970639156926266,11,False,LOW,TOP_15_PERCENT_DAILY_COHORT,SUCCESS,reservation-no-show-v1.0,reservation-no-show-feature-v1.0,29,5
RES-764bc9f60c935a7647bff5cb7eb6e383,2026-12-11 18:00:00,True,0.023439286655179154,4,True,HIGH,TOP_15_PERCENT_DAILY_COHORT,SUCCESS,reservation-no-show-v1.0,reservation-no-show-feature-v1.0,29,5
RES-985612a6a49697d685869443c4c57819,2026-08-13 18:00:00,True,0.006301594734333778,25,False,LOW,TOP_15_PERCENT_DAILY_COHORT,SUCCESS,reservation-no-show-v1.0,reservation-no-show-feature-v1.0,29,5
RES-58068e988c7fe768216d4555acc593d8,2026-08-30 18:00:00,True,0.008292924107324443,17,False,LOW,TOP_15_PERCENT_DAILY_COHORT,SUCCESS,reservation-no-show-v1.0,reservation-no-show-feature-v1.0,29,5
RES-193a6816fe4127b9306c7e867f5a8aac,2026-09-16 18:00:00,True,0.01576025415003222,5,True,HIGH,TOP_15_PERCENT_DAILY_COHORT,SUCCESS,reservation-no-show-v1.0,reservation-no-show-feature-v1.0,29,5
RES-77df854a706ca3f21a31b95f50fe2ed5,2026-10-03 18:00:00,True,0.004307323326404034,28,False,LOW,TOP_15_PERCENT_DAILY_COHORT,SUCCESS,reservation-no-show-v1.0,reservation-no-show-feature-v1.0,29,5
RES-a6ae90a919dbfe4e492adbf183f4085c,2026-10-20 18:00:00,True,0.006052610418745341,26,False,LOW,TOP_15_PERCENT_DAILY_COHORT,SUCCESS,reservation-no-show-v1.0,reservation-no-show-feature-v1.0,29,5
RES-872541e771ebe4ef0082883d586943d9,2026-11-06 18:00:00,True,0.025752305091547238,5,True,HIGH,TOP_15_PERCENT_DAILY_COHORT,SUCCESS,reservation-no-show-v1.0,reservation-no-show-feature-v1.0,29,5
RES-2732c2fceeabdf4c47c212aec0d5fdf3,2026-11-23 18:00:00,True,0.004374148388244604,26,False,LOW,TOP_15_PERCENT_DAILY_COHORT,SUCCESS,reservation-no-show-v1.0,reservation-no-show-feature-v1.0,29,5
RES-cdb41a4c427314aa8c8fb5f3ced16d4f,2026-12-10 18:00:00,True,0.0047939252258382406,24,False,LOW,TOP_15_PERCENT_DAILY_COHORT,SUCCESS,reservation-no-show-v1.0,reservation-no-show-feature-v1.0,29,5
RES-8bd99283ad6e12df747a0206cf9cd43f,2026-08-12 18:00:00,True,0.014353966307060444,10,False,LOW,TOP_15_PERCENT_DAILY_COHORT,SUCCESS,reservation-no-show-v1.0,reservation-no-show-feature-v1.0,29,5
RES-77b94cb803de8bf6997ec9ca30666337,2026-08-29 18:00:00,True,0.005841031915897434,28,False,LOW,TOP_15_PERCENT_DAILY_COHORT,SUCCESS,reservation-no-show-v1.0,reservation-no-show-feature-v1.0,29,5
RES-0e85fa21676c87da30fec6c29ef54a97,2026-09-15 18:00:00,True,0.007330786964694687,25,False,LOW,TOP_15_PERCENT_DAILY_COHORT,SUCCESS,reservation-no-show-v1.0,reservation-no-show-feature-v1.0,29,5
RES-bbba953d137fc2c04e2149e9a2b82630,2026-10-02 18:00:00,True,0.017616239173437596,1,True,HIGH,TOP_15_PERCENT_DAILY_COHORT,SUCCESS,reservation-no-show-v1.0,reservation-no-show-feature-v1.0,29,5
RES-3c0099f3b4c12854ad4f998c1bb95968,2026-10-19 18:00:00,True,0.0043807091345260335,29,False,LOW,TOP_15_PERCENT_DAILY_COHORT,SUCCESS,reservation-no-show-v1.0,reservation-no-show-feature-v1.0,29,5
RES-06186159a153f371c7db8a80e2ead91f,2026-11-05 18:00:00,True,0.006479006616745291,23,False,LOW,TOP_15_PERCENT_DAILY_COHORT,SUCCESS,reservation-no-show-v1.0,reservation-no-show-feature-v1.0,29,5
RES-dd7805ee59b993f7773243c6abb4adb6,2026-11-22 18:00:00,True,0.026181451474525518,4,True,HIGH,TOP_15_PERCENT_DAILY_COHORT,SUCCESS,reservation-no-show-v1.0,reservation-no-show-feature-v1.0,29,5
RES-648b2db8e8cdead5b4270020684c2d20,2026-12-09 18:00:00,True,0.004682856861890625,18,False,LOW,TOP_15_PERCENT_DAILY_COHORT,SUCCESS,reservation-no-show-v1.0,reservation-no-show-feature-v1.0,29,5
RES-eb24a1cd1ee7e61abeac43cedf8a0469,2026-08-11 18:00:00,True,0.004528922114182016,21,False,LOW,TOP_15_PERCENT_DAILY_COHORT,SUCCESS,reservation-no-show-v1.0,reservation-no-show-feature-v1.0,29,5
RES-421025f8ba1733da2ff57e1a82760c1b,2026-08-28 18:00:00,True,0.01609796413204813,7,False,LOW,TOP_15_PERCENT_DAILY_COHORT,SUCCESS,reservation-no-show-v1.0,reservation-no-show-feature-v1.0,29,5
RES-e0edd404821c2efe8fc024279a274cbf,2026-09-14 18:00:00,True,0.0059214078411529755,28,False,LOW,TOP_15_PERCENT_DAILY_COHORT,SUCCESS,reservation-no-show-v1.0,reservation-no-show-feature-v1.0,29,5
RES-2c44207a3e86f7d258a4a97ffb629a59,2026-10-01 18:00:00,True,0.0071305838087806364,21,False,LOW,TOP_15_PERCENT_DAILY_COHORT,SUCCESS,reservation-no-show-v1.0,reservation-no-show-feature-v1.0,29,5
RES-40fcc6d61963038f0665ebe70e36e7bc,2026-10-18 18:00:00,True,0.013474537002877542,10,False,LOW,TOP_15_PERCENT_DAILY_COHORT,SUCCESS,reservation-no-show-v1.0,reservation-no-show-feature-v1.0,29,5
RES-050024e5fe16068b0cdab826312bb13a,2026-11-04 18:00:00,True,0.00426072654187438,28,False,LOW,TOP_15_PERCENT_DAILY_COHORT,SUCCESS,reservation-no-show-v1.0,reservation-no-show-feature-v1.0,29,5
RES-d556ad77e7dafb27cc12a019e3d42cf0,2026-11-21 18:00:00,True,0.007273262243030585,18,False,LOW,TOP_15_PERCENT_DAILY_COHORT,SUCCESS,reservation-no-show-v1.0,reservation-no-show-feature-v1.0,29,5
RES-315e4b5b5b594fc07cb78c6aba593a6d,2026-12-08 18:00:00,True,0.027985963623706114,1,True,HIGH,TOP_15_PERCENT_DAILY_COHORT,SUCCESS,reservation-no-show-v1.0,reservation-no-show-feature-v1.0,29,5
RES-164a6160460029f46e71a7c384229496,2026-08-10 18:00:00,True,0.00868387237031302,18,False,LOW,TOP_15_PERCENT_DAILY_COHORT,SUCCESS,reservation-no-show-v1.0,reservation-no-show-feature-v1.0,30,5
RES-65e4c8834ec8d5a7b70fb0281ca0d314,2026-08-27 18:00:00,True,0.00401457340492095,28,False,LOW,TOP_15_PERCENT_DAILY_COHORT,SUCCESS,reservation-no-show-v1.0,reservation-no-show-feature-v1.0,30,5
RES-a2e970ef2c8c0ec46448b73d579f5ddb,2026-09-13 18:00:00,True,0.016317164729519745,8,False,LOW,TOP_15_PERCENT_DAILY_COHORT,SUCCESS,reservation-no-show-v1.0,reservation-no-show-feature-v1.0,30,5
RES-ddda4ed2b396f02f88a41a44ce0b4d4a,2026-09-30 18:00:00,True,0.006975596774616463,20,False,LOW,TOP_15_PERCENT_DAILY_COHORT,SUCCESS,reservation-no-show-v1.0,reservation-no-show-feature-v1.0,30,5
RES-a1e397104f24ca444ef4327398976bd1,2026-10-17 18:00:00,True,0.007273868071924614,21,False,LOW,TOP_15_PERCENT_DAILY_COHORT,SUCCESS,reservation-no-show-v1.0,reservation-no-show-feature-v1.0,30,5
RES-076cde63781fc00834b63c149e4d891d,2026-11-03 18:00:00,True,0.01915808287808206,1,True,HIGH,TOP_15_PERCENT_DAILY_COHORT,SUCCESS,reservation-no-show-v1.0,reservation-no-show-feature-v1.0,30,5
RES-91a4d4342907f76de9f1db8364e382b7,2026-11-20 18:00:00,True,0.004346595421506339,29,False,LOW,TOP_15_PERCENT_DAILY_COHORT,SUCCESS,reservation-no-show-v1.0,reservation-no-show-feature-v1.0,30,5
RES-d2c302eca00df9bbe97667ee42bb9533,2026-12-07 18:00:00,True,0.0060881817144227525,28,False,LOW,TOP_15_PERCENT_DAILY_COHORT,SUCCESS,reservation-no-show-v1.0,reservation-no-show-feature-v1.0,30,5
RES-90c0ccce3106e88d531aaa0faa296a50,2026-12-24 18:00:00,True,0.024874170303182057,5,True,HIGH,TOP_15_PERCENT_DAILY_COHORT,SUCCESS,reservation-no-show-v1.0,reservation-no-show-feature-v1.0,30,5
RES-516dfa8291f1748ed42842e37a15afe4,2026-08-09 18:00:00,True,0.02196331485531846,8,False,LOW,TOP_15_PERCENT_DAILY_COHORT,SUCCESS,reservation-no-show-v1.0,reservation-no-show-feature-v1.0,29,5
RES-2b332505ea778ce64a865c9e49b022ca,2026-08-26 18:00:00,True,0.00770129745209144,23,False,LOW,TOP_15_PERCENT_DAILY_COHORT,SUCCESS,reservation-no-show-v1.0,reservation-no-show-feature-v1.0,29,5
RES-9c1bc17c9dac02703c66922a887b7ba9,2026-09-12 18:00:00,True,0.004946156442546486,17,False,LOW,TOP_15_PERCENT_DAILY_COHORT,SUCCESS,reservation-no-show-v1.0,reservation-no-show-feature-v1.0,29,5
RES-e82df51319734b045831d20d46f24bf5,2026-09-29 18:00:00,True,0.014483506408902514,8,False,LOW,TOP_15_PERCENT_DAILY_COHORT,SUCCESS,reservation-no-show-v1.0,reservation-no-show-feature-v1.0,29,5
RES-fd151df75dccb3e482add3b1ef5b57e7,2026-10-16 18:00:00,True,0.007958783498568303,13,False,LOW,TOP_15_PERCENT_DAILY_COHORT,SUCCESS,reservation-no-show-v1.0,reservation-no-show-feature-v1.0,29,5
RES-61caf5c3133be320b5ffb4ab8f1f683f,2026-11-02 18:00:00,True,0.007373814397542317,18,False,LOW,TOP_15_PERCENT_DAILY_COHORT,SUCCESS,reservation-no-show-v1.0,reservation-no-show-feature-v1.0,29,5
RES-0c3639d405d147a6906a447539579dbb,2026-11-19 18:00:00,True,0.014069838507746003,5,True,HIGH,TOP_15_PERCENT_DAILY_COHORT,SUCCESS,reservation-no-show-v1.0,reservation-no-show-feature-v1.0,29,5
RES-f66230e2cad3728920db2d4812155e31,2026-12-06 18:00:00,True,0.007830478086607796,11,False,LOW,TOP_15_PERCENT_DAILY_COHORT,SUCCESS,reservation-no-show-v1.0,reservation-no-show-feature-v1.0,29,5
RES-0edf4f31cdf993c7682256aee227ddc5,2026-12-23 18:00:00,True,0.006537949058139997,19,False,LOW,TOP_15_PERCENT_DAILY_COHORT,SUCCESS,reservation-no-show-v1.0,reservation-no-show-feature-v1.0,29,5
RES-50cbb87adc2040fdaa883b63e06b98c1,2026-08-08 18:00:00,True,0.00495357087003688,23,False,LOW,TOP_15_PERCENT_DAILY_COHORT,SUCCESS,reservation-no-show-v1.0,reservation-no-show-feature-v1.0,29,5
RES-94578a62fcba8b31f9d6b6456fae5d28,2026-08-25 18:00:00,True,0.023558067532133648,6,False,LOW,TOP_15_PERCENT_DAILY_COHORT,SUCCESS,reservation-no-show-v1.0,reservation-no-show-feature-v1.0,29,5
RES-4c490dd2626f46551eca43bc75aeb95a,2026-09-11 18:00:00,True,0.007116381804458322,23,False,LOW,TOP_15_PERCENT_DAILY_COHORT,SUCCESS,reservation-no-show-v1.0,reservation-no-show-feature-v1.0,29,5
RES-57653edde745ee7e4c018628cc23280e,2026-09-28 18:00:00,True,0.005536612935164615,11,False,LOW,TOP_15_PERCENT_DAILY_COHORT,SUCCESS,reservation-no-show-v1.0,reservation-no-show-feature-v1.0,29,5
RES-4bd1e313bfd2afd5c01fd023251449ad,2026-10-15 18:00:00,True,0.014090735918942963,9,False,LOW,TOP_15_PERCENT_DAILY_COHORT,SUCCESS,reservation-no-show-v1.0,reservation-no-show-feature-v1.0,29,5
RES-21b7e827ac10fda54d32d8db286b1671,2026-11-01 18:00:00,True,0.007937779288850656,12,False,LOW,TOP_15_PERCENT_DAILY_COHORT,SUCCESS,reservation-no-show-v1.0,reservation-no-show-feature-v1.0,29,5
RES-60323d9ea22c2f8f6da76d3f7b947991,2026-11-18 18:00:00,True,0.008712081470191204,12,False,LOW,TOP_15_PERCENT_DAILY_COHORT,SUCCESS,reservation-no-show-v1.0,reservation-no-show-feature-v1.0,29,5
RES-37cb508df386e0145f5baf5d8cff8a28,2026-12-05 18:00:00,True,0.01430507190411613,7,False,LOW,TOP_15_PERCENT_DAILY_COHORT,SUCCESS,reservation-no-show-v1.0,reservation-no-show-feature-v1.0,29,5
RES-c214bf28251abf6abe2e580e07ea1c37,2026-12-22 18:00:00,True,0.004732621925734592,25,False,LOW,TOP_15_PERCENT_DAILY_COHORT,SUCCESS,reservation-no-show-v1.0,reservation-no-show-feature-v1.0,29,5
RES-1a684737be797d93acfcfd9da86e3b28,2026-08-07 18:00:00,True,0.005325889517360638,15,False,LOW,TOP_15_PERCENT_DAILY_COHORT,SUCCESS,reservation-no-show-v1.0,reservation-no-show-feature-v1.0,29,5
RES-93ea6e9c2a4ff69f78bb8323eb0143ce,2026-08-24 18:00:00,True,0.005544907541275135,14,False,LOW,TOP_15_PERCENT_DAILY_COHORT,SUCCESS,reservation-no-show-v1.0,reservation-no-show-feature-v1.0,29,5
RES-7ce76fa7b8b547c17733fee843792b84,2026-09-10 18:00:00,True,0.025186443846304994,6,False,LOW,TOP_15_PERCENT_DAILY_COHORT,SUCCESS,reservation-no-show-v1.0,reservation-no-show-feature-v1.0,29,5
RES-f39bed7f7af06f30d7edd1d518750a36,2026-09-27 18:00:00,True,0.007237278938730523,22,False,LOW,TOP_15_PERCENT_DAILY_COHORT,SUCCESS,reservation-no-show-v1.0,reservation-no-show-feature-v1.0,29,5
RES-54666e01d5dbc07fd617b33ee0fc6c82,2026-10-14 18:00:00,True,0.004445055861232639,23,False,LOW,TOP_15_PERCENT_DAILY_COHORT,SUCCESS,reservation-no-show-v1.0,reservation-no-show-feature-v1.0,29,5
RES-b2016959c81a0a29c5e5253aa7f84033,2026-10-31 18:00:00,True,0.015753259205170216,7,False,LOW,TOP_15_PERCENT_DAILY_COHORT,SUCCESS,reservation-no-show-v1.0,reservation-no-show-feature-v1.0,29,5
RES-209c3cb1c3d8e6983a0e7d90be14cf10,2026-11-17 18:00:00,True,0.007039024912735068,21,False,LOW,TOP_15_PERCENT_DAILY_COHORT,SUCCESS,reservation-no-show-v1.0,reservation-no-show-feature-v1.0,29,5
RES-ee4a69735061622059fa3bccbbe027f0,2026-12-04 18:00:00,True,0.008051019368151132,17,False,LOW,TOP_15_PERCENT_DAILY_COHORT,SUCCESS,reservation-no-show-v1.0,reservation-no-show-feature-v1.0,29,5
RES-9404286f28da495a71183bfed5238602,2026-12-21 18:00:00,True,0.01933012836920475,1,True,HIGH,TOP_15_PERCENT_DAILY_COHORT,SUCCESS,reservation-no-show-v1.0,reservation-no-show-feature-v1.0,29,5
RES-180178aef7e4639d3667f7e6cfa55ca9,2026-08-06 18:00:00,True,0.022926812753113777,8,False,LOW,TOP_15_PERCENT_DAILY_COHORT,SUCCESS,reservation-no-show-v1.0,reservation-no-show-feature-v1.0,29,5
RES-bccc319b5278c7550ff723095c7dd749,2026-08-23 18:00:00,True,0.004921218159209462,22,False,LOW,TOP_15_PERCENT_DAILY_COHORT,SUCCESS,reservation-no-show-v1.0,reservation-no-show-feature-v1.0,29,5
RES-76feedb2d26cf38914f0de8cbc3b90a3,2026-09-09 18:00:00,True,0.005393211616071198,16,False,LOW,TOP_15_PERCENT_DAILY_COHORT,SUCCESS,reservation-no-show-v1.0,reservation-no-show-feature-v1.0,29,5
RES-e5c2bea859d686f6e3e5fca6c0500ad7,2026-09-26 18:00:00,True,0.023378121405905474,5,True,HIGH,TOP_15_PERCENT_DAILY_COHORT,SUCCESS,reservation-no-show-v1.0,reservation-no-show-feature-v1.0,29,5
RES-3208f7750a3b1464c2d0c930d35323f3,2026-10-13 18:00:00,True,0.0070396113691049604,28,False,LOW,TOP_15_PERCENT_DAILY_COHORT,SUCCESS,reservation-no-show-v1.0,reservation-no-show-feature-v1.0,29,5
RES-8ef57c64adb990342492304768f91ec3,2026-10-30 18:00:00,True,0.00499122391215413,15,False,LOW,TOP_15_PERCENT_DAILY_COHORT,SUCCESS,reservation-no-show-v1.0,reservation-no-show-feature-v1.0,29,5
RES-c3b144dfcbad4ff4bd95713c3c9e80db,2026-11-16 18:00:00,True,0.01761100020192565,5,True,HIGH,TOP_15_PERCENT_DAILY_COHORT,SUCCESS,reservation-no-show-v1.0,reservation-no-show-feature-v1.0,29,5
RES-90f55c0dc3755c33d3f5b632716072ac,2026-12-03 18:00:00,True,0.006221451316823547,26,False,LOW,TOP_15_PERCENT_DAILY_COHORT,SUCCESS,reservation-no-show-v1.0,reservation-no-show-feature-v1.0,29,5
RES-ba68ae64c92dad1b44592ef67b4c0c6f,2026-12-20 18:00:00,True,0.006761665463921045,25,False,LOW,TOP_15_PERCENT_DAILY_COHORT,SUCCESS,reservation-no-show-v1.0,reservation-no-show-feature-v1.0,29,5
RES-e1c0ac84cd4d994e163d91998bc1b4e6,2026-08-05 18:00:00,True,0.00601724569652019,23,False,LOW,TOP_15_PERCENT_DAILY_COHORT,SUCCESS,reservation-no-show-v1.0,reservation-no-show-feature-v1.0,29,5
RES-2e23de7607e4fd0bb4c6725a116324d2,2026-08-22 18:00:00,True,0.025685262731989428,4,True,HIGH,TOP_15_PERCENT_DAILY_COHORT,SUCCESS,reservation-no-show-v1.0,reservation-no-show-feature-v1.0,29,5
RES-59b928ce9d924c41b9d68aecd2c62a00,2026-09-08 18:00:00,True,0.003950505733000536,29,False,LOW,TOP_15_PERCENT_DAILY_COHORT,SUCCESS,reservation-no-show-v1.0,reservation-no-show-feature-v1.0,29,5
RES-5ff4cf33ae37d8a20b5cd4d5fc9bab4c,2026-09-25 18:00:00,True,0.0049987055576696466,20,False,LOW,TOP_15_PERCENT_DAILY_COHORT,SUCCESS,reservation-no-show-v1.0,reservation-no-show-feature-v1.0,29,5
RES-52d20caa0f529a16b4c8e684d907e74f,2026-10-12 18:00:00,True,0.019620833760812226,9,False,LOW,TOP_15_PERCENT_DAILY_COHORT,SUCCESS,reservation-no-show-v1.0,reservation-no-show-feature-v1.0,29,5
RES-1700fa090e7c419908ad52ff8debfdc7,2026-10-29 18:00:00,True,0.007559131469175972,20,False,LOW,TOP_15_PERCENT_DAILY_COHORT,SUCCESS,reservation-no-show-v1.0,reservation-no-show-feature-v1.0,29,5
RES-a5956cc6ca3cd602246a5fe014afaf12,2026-11-15 18:00:00,True,0.005059965513451534,15,False,LOW,TOP_15_PERCENT_DAILY_COHORT,SUCCESS,reservation-no-show-v1.0,reservation-no-show-feature-v1.0,29,5
RES-0ab11a585873f69acdd8f7800a9a9b77,2026-12-02 18:00:00,True,0.014172873810129227,8,False,LOW,TOP_15_PERCENT_DAILY_COHORT,SUCCESS,reservation-no-show-v1.0,reservation-no-show-feature-v1.0,29,5
RES-fa5f87f5d94c232fc7785d3e073520cc,2026-12-19 18:00:00,True,0.0076857211626904795,15,False,LOW,TOP_15_PERCENT_DAILY_COHORT,SUCCESS,reservation-no-show-v1.0,reservation-no-show-feature-v1.0,29,5
RES-b9b6ae30545a9cc6a58347d6ca0caa33,2026-08-04 18:00:00,True,0.00527622696514324,19,False,LOW,TOP_15_PERCENT_DAILY_COHORT,SUCCESS,reservation-no-show-v1.0,reservation-no-show-feature-v1.0,29,5
RES-1c8008024a1133b1726e4d802128b66d,2026-08-21 18:00:00,True,0.00990206496505934,11,False,LOW,TOP_15_PERCENT_DAILY_COHORT,SUCCESS,reservation-no-show-v1.0,reservation-no-show-feature-v1.0,29,5
RES-e709e342f2249ec9bbdbfe8f2f32443d,2026-09-07 18:00:00,True,0.02156536351830595,8,False,LOW,TOP_15_PERCENT_DAILY_COHORT,SUCCESS,reservation-no-show-v1.0,reservation-no-show-feature-v1.0,29,5
RES-6e586b3b37eabec6b1f4ff01005f9174,2026-09-24 18:00:00,True,0.005657877490379376,12,False,LOW,TOP_15_PERCENT_DAILY_COHORT,SUCCESS,reservation-no-show-v1.0,reservation-no-show-feature-v1.0,29,5
RES-829b484bdc524ef49617fd3664bb7f45,2026-10-11 18:00:00,True,0.0055775118017986885,17,False,LOW,TOP_15_PERCENT_DAILY_COHORT,SUCCESS,reservation-no-show-v1.0,reservation-no-show-feature-v1.0,29,5
RES-f012ee6150fa0570476927e95b5011b7,2026-10-28 18:00:00,True,0.03064894562782071,1,True,HIGH,TOP_15_PERCENT_DAILY_COHORT,SUCCESS,reservation-no-show-v1.0,reservation-no-show-feature-v1.0,29,5
RES-0fe2b3319e7d18c8b3204dfe24970765,2026-11-14 18:00:00,True,0.009305545525165998,11,False,LOW,TOP_15_PERCENT_DAILY_COHORT,SUCCESS,reservation-no-show-v1.0,reservation-no-show-feature-v1.0,29,5
RES-dfb325e1082bdf88dbd1a3ee558ca30a,2026-12-01 18:00:00,True,0.004471222030754659,19,False,LOW,TOP_15_PERCENT_DAILY_COHORT,SUCCESS,reservation-no-show-v1.0,reservation-no-show-feature-v1.0,29,5
RES-fccb1210b04ff81a0b62ee142b7a845c,2026-12-18 18:00:00,True,0.015895223841157647,9,False,LOW,TOP_15_PERCENT_DAILY_COHORT,SUCCESS,reservation-no-show-v1.0,reservation-no-show-feature-v1.0,29,5
RES-4b25f4895ccc6971272da0f32ce1c91c,2026-08-03 18:00:00,True,0.019575808658434852,1,True,HIGH,TOP_15_PERCENT_DAILY_COHORT,SUCCESS,reservation-no-show-v1.0,reservation-no-show-feature-v1.0,29,5
RES-1e229e20646bbe039849eee6afc1b83a,2026-08-20 18:00:00,True,0.004677405788220609,26,False,LOW,TOP_15_PERCENT_DAILY_COHORT,SUCCESS,reservation-no-show-v1.0,reservation-no-show-feature-v1.0,29,5
RES-62b27db25360b6bd81c15551cc43e3b7,2026-09-06 18:00:00,True,0.0062227373447445436,27,False,LOW,TOP_15_PERCENT_DAILY_COHORT,SUCCESS,reservation-no-show-v1.0,reservation-no-show-feature-v1.0,29,5
RES-3f7056ae794d5bb88ee0a64b816eb0e7,2026-09-23 18:00:00,True,0.025413301292526697,5,True,HIGH,TOP_15_PERCENT_DAILY_COHORT,SUCCESS,reservation-no-show-v1.0,reservation-no-show-feature-v1.0,29,5
RES-41555c8bf287f332b73ffd486b3ee66b,2026-10-10 18:00:00,True,0.004314683474823069,26,False,LOW,TOP_15_PERCENT_DAILY_COHORT,SUCCESS,reservation-no-show-v1.0,reservation-no-show-feature-v1.0,29,5
RES-0f9855059073f655d970819e83d55dc2,2026-10-27 18:00:00,True,0.005442330201023988,20,False,LOW,TOP_15_PERCENT_DAILY_COHORT,SUCCESS,reservation-no-show-v1.0,reservation-no-show-feature-v1.0,29,5
RES-3515cc61949f8601e104dacfdf3a2bd1,2026-11-13 18:00:00,True,0.02837098080816854,1,True,HIGH,TOP_15_PERCENT_DAILY_COHORT,SUCCESS,reservation-no-show-v1.0,reservation-no-show-feature-v1.0,29,5
RES-e29aefbb52a3bca64e1afcd2bf37ce33,2026-11-30 18:00:00,True,0.008573692656284944,18,False,LOW,TOP_15_PERCENT_DAILY_COHORT,SUCCESS,reservation-no-show-v1.0,reservation-no-show-feature-v1.0,29,5
RES-2a727d57e6adeac78ae875f1f4e800ad,2026-12-17 18:00:00,True,0.003963400217276327,27,False,LOW,TOP_15_PERCENT_DAILY_COHORT,SUCCESS,reservation-no-show-v1.0,reservation-no-show-feature-v1.0,29,5
RES-9904681c56de9aee37a9359a7c0da423,2026-08-02 18:00:00,True,0.006848719847509407,27,False,LOW,TOP_15_PERCENT_DAILY_COHORT,SUCCESS,reservation-no-show-v1.0,reservation-no-show-feature-v1.0,29,5
RES-9747073f04c4e48a73372d284e7e1585,2026-08-19 18:00:00,True,0.021000927305357957,1,True,HIGH,TOP_15_PERCENT_DAILY_COHORT,SUCCESS,reservation-no-show-v1.0,reservation-no-show-feature-v1.0,29,5
RES-0ade7c205e2a98c6beff755fa7cf3cca,2026-09-05 18:00:00,True,0.0047563648177982205,28,False,LOW,TOP_15_PERCENT_DAILY_COHORT,SUCCESS,reservation-no-show-v1.0,reservation-no-show-feature-v1.0,29,5
RES-b133f37432e455fe4e805d768d4b88fa,2026-09-22 18:00:00,True,0.007353644104965193,17,False,LOW,TOP_15_PERCENT_DAILY_COHORT,SUCCESS,reservation-no-show-v1.0,reservation-no-show-feature-v1.0,29,5
RES-7d6d63c9310c1ea4bf197ea2c06078f3,2026-10-09 18:00:00,True,0.025833216639110302,4,True,HIGH,TOP_15_PERCENT_DAILY_COHORT,SUCCESS,reservation-no-show-v1.0,reservation-no-show-feature-v1.0,29,5
RES-053007efa64f5cc76736942b636b1003,2026-10-26 18:00:00,True,0.00594741106827926,14,False,LOW,TOP_15_PERCENT_DAILY_COHORT,SUCCESS,reservation-no-show-v1.0,reservation-no-show-feature-v1.0,29,5
RES-fee0084e8a0a7781dadbcedaab351c71,2026-11-12 18:00:00,True,0.004809312391909788,24,False,LOW,TOP_15_PERCENT_DAILY_COHORT,SUCCESS,reservation-no-show-v1.0,reservation-no-show-feature-v1.0,29,5
RES-bc0134f050ac40d696718eada53f8433,2026-11-29 18:00:00,True,0.019796951021522406,7,False,LOW,TOP_15_PERCENT_DAILY_COHORT,SUCCESS,reservation-no-show-v1.0,reservation-no-show-feature-v1.0,29,5
RES-bc9f89a495bb5bc3a6b7b37dd2416feb,2026-12-16 18:00:00,True,0.006909575060424589,26,False,LOW,TOP_15_PERCENT_DAILY_COHORT,SUCCESS,reservation-no-show-v1.0,reservation-no-show-feature-v1.0,29,5
RES-afed104d625b6a13c19c3d515754cbb5,2026-08-01 18:00:00,True,0.006428328874207303,26,False,LOW,TOP_15_PERCENT_DAILY_COHORT,SUCCESS,reservation-no-show-v1.0,reservation-no-show-feature-v1.0,29,5
RES-26571c62a31a276eba40d04134eaaa74,2026-08-18 18:00:00,True,0.011854712008642623,11,False,LOW,TOP_15_PERCENT_DAILY_COHORT,SUCCESS,reservation-no-show-v1.0,reservation-no-show-feature-v1.0,29,5
RES-adf7d1512913bf58f2f253d4f038e45f,2026-09-04 18:00:00,True,0.014618558976576086,6,False,LOW,TOP_15_PERCENT_DAILY_COHORT,SUCCESS,reservation-no-show-v1.0,reservation-no-show-feature-v1.0,29,5
RES-7b661705952738035d91f08638960460,2026-09-21 18:00:00,True,0.007809718573771223,12,False,LOW,TOP_15_PERCENT_DAILY_COHORT,SUCCESS,reservation-no-show-v1.0,reservation-no-show-feature-v1.0,29,5
RES-8479e4ecae5dc2be9e57b52a02271b0d,2026-10-08 18:00:00,True,0.007870970120561116,13,False,LOW,TOP_15_PERCENT_DAILY_COHORT,SUCCESS,reservation-no-show-v1.0,reservation-no-show-feature-v1.0,29,5
RES-54600562a59564b48acb8b41070342d4,2026-10-25 18:00:00,True,0.02175854756527887,8,False,LOW,TOP_15_PERCENT_DAILY_COHORT,SUCCESS,reservation-no-show-v1.0,reservation-no-show-feature-v1.0,29,5
RES-205ad2a18c7f822e9ed731739871bba4,2026-11-11 18:00:00,True,0.0038773088337855236,29,False,LOW,TOP_15_PERCENT_DAILY_COHORT,SUCCESS,reservation-no-show-v1.0,reservation-no-show-feature-v1.0,29,5
RES-a9f229595d3c650cd84ecc77e78c0a6f,2026-11-28 18:00:00,True,0.004457326352592071,26,False,LOW,TOP_15_PERCENT_DAILY_COHORT,SUCCESS,reservation-no-show-v1.0,reservation-no-show-feature-v1.0,29,5
RES-944166ab3d830801b83584124ff63645,2026-12-15 18:00:00,True,0.019262904490742083,8,False,LOW,TOP_15_PERCENT_DAILY_COHORT,SUCCESS,reservation-no-show-v1.0,reservation-no-show-feature-v1.0,29,5
RES-388f5352ed378c9576b9972725226023,2026-07-31 18:00:00,True,0.01769820318835518,3,True,HIGH,TOP_15_PERCENT_DAILY_COHORT,SUCCESS,reservation-no-show-v1.0,reservation-no-show-feature-v1.0,29,5
RES-74fa76a2368a332a16f87eedc7aa14c1,2026-08-17 18:00:00,True,0.008710911362460126,11,False,LOW,TOP_15_PERCENT_DAILY_COHORT,SUCCESS,reservation-no-show-v1.0,reservation-no-show-feature-v1.0,29,5
RES-3cb7a0313491d171917e2b6257382cca,2026-09-03 18:00:00,True,0.007153417089495421,22,False,LOW,TOP_15_PERCENT_DAILY_COHORT,SUCCESS,reservation-no-show-v1.0,reservation-no-show-feature-v1.0,29,5
RES-08402ba06ae0d43b10c5e2311a8f46b1,2026-09-20 18:00:00,True,0.014864999214131737,9,False,LOW,TOP_15_PERCENT_DAILY_COHORT,SUCCESS,reservation-no-show-v1.0,reservation-no-show-feature-v1.0,29,5
RES-28fc70cecde7be335f7d57cd9495251d,2026-10-07 18:00:00,True,0.00427440963907784,28,False,LOW,TOP_15_PERCENT_DAILY_COHORT,SUCCESS,reservation-no-show-v1.0,reservation-no-show-feature-v1.0,29,5
RES-88af9d0db9599f2cf0712b1217b055b9,2026-10-24 18:00:00,True,0.0066304601788547725,20,False,LOW,TOP_15_PERCENT_DAILY_COHORT,SUCCESS,reservation-no-show-v1.0,reservation-no-show-feature-v1.0,29,5
RES-245002382c628a7f086967cd1147f665,2026-11-10 18:00:00,True,0.025559729726502466,5,True,HIGH,TOP_15_PERCENT_DAILY_COHORT,SUCCESS,reservation-no-show-v1.0,reservation-no-show-feature-v1.0,29,5
RES-2bdb6ac820fe504ec5516607334f55bc,2026-11-27 18:00:00,True,0.003955481170918294,28,False,LOW,TOP_15_PERCENT_DAILY_COHORT,SUCCESS,reservation-no-show-v1.0,reservation-no-show-feature-v1.0,29,5
RES-c78cdc1b14f7a9ae529eaa8e41178ff3,2026-12-14 18:00:00,True,0.005474334623312078,16,False,LOW,TOP_15_PERCENT_DAILY_COHORT,SUCCESS,reservation-no-show-v1.0,reservation-no-show-feature-v1.0,29,5
RES-77153c14cb934b0fa08cbf323d6dc2ad,2026-07-30 18:00:00,True,0.005370830966446373,14,False,LOW,TOP_15_PERCENT_DAILY_COHORT,SUCCESS,reservation-no-show-v1.0,reservation-no-show-feature-v1.0,29,5
RES-4a0889d48b4cc9d8cbf469f01d6a5637,2026-08-16 18:00:00,True,0.01799561205391259,5,True,HIGH,TOP_15_PERCENT_DAILY_COHORT,SUCCESS,reservation-no-show-v1.0,reservation-no-show-feature-v1.0,29,5
RES-0ff3116ea10aa398c38ca9d6c30d8e49,2026-09-02 18:00:00,True,0.007700656299436057,14,False,LOW,TOP_15_PERCENT_DAILY_COHORT,SUCCESS,reservation-no-show-v1.0,reservation-no-show-feature-v1.0,29,5
RES-8dbdb3577ca7dc3abe1af522c1da1176,2026-09-19 18:00:00,True,0.00663101282297024,28,False,LOW,TOP_15_PERCENT_DAILY_COHORT,SUCCESS,reservation-no-show-v1.0,reservation-no-show-feature-v1.0,29,5
RES-58969a56ca870e82d1ce6fa076293678,2026-10-06 18:00:00,True,0.013150487097825514,9,False,LOW,TOP_15_PERCENT_DAILY_COHORT,SUCCESS,reservation-no-show-v1.0,reservation-no-show-feature-v1.0,29,5
RES-b6ea7a9664a4e9bffef0a7a0072691fe,2026-10-23 18:00:00,True,0.005282863218138439,20,False,LOW,TOP_15_PERCENT_DAILY_COHORT,SUCCESS,reservation-no-show-v1.0,reservation-no-show-feature-v1.0,29,5
RES-9f9b85520ab2d213997cff5b43441142,2026-11-09 18:00:00,True,0.006721625640636268,16,False,LOW,TOP_15_PERCENT_DAILY_COHORT,SUCCESS,reservation-no-show-v1.0,reservation-no-show-feature-v1.0,29,5
RES-2721dd0db8674d6a96da112fbb652b69,2026-11-26 18:00:00,True,0.020667422004982502,9,False,LOW,TOP_15_PERCENT_DAILY_COHORT,SUCCESS,reservation-no-show-v1.0,reservation-no-show-feature-v1.0,29,5
RES-394ffd7a4a9a4415098bdd600e54e7e1,2026-12-13 18:00:00,True,0.005885563226331995,13,False,LOW,TOP_15_PERCENT_DAILY_COHORT,SUCCESS,reservation-no-show-v1.0,reservation-no-show-feature-v1.0,29,5
RES-10a5f66bea02eeba6853648a8be4102e,2026-07-29 18:00:00,True,0.00850114221535034,12,False,LOW,TOP_15_PERCENT_DAILY_COHORT,SUCCESS,reservation-no-show-v1.0,reservation-no-show-feature-v1.0,29,5
RES-e79af480ad71eff3ff6e0f74c514cbb0,2026-08-15 18:00:00,True,0.006010791555663962,11,False,LOW,TOP_15_PERCENT_DAILY_COHORT,SUCCESS,reservation-no-show-v1.0,reservation-no-show-feature-v1.0,29,5
RES-12c88f5f267ed73a233465051d8cf452,2026-09-01 18:00:00,True,0.015925855911051834,7,False,LOW,TOP_15_PERCENT_DAILY_COHORT,SUCCESS,reservation-no-show-v1.0,reservation-no-show-feature-v1.0,29,5
RES-f31f50241ed75ec6d09f2f9d15926601,2026-09-18 18:00:00,True,0.006486813287524404,26,False,LOW,TOP_15_PERCENT_DAILY_COHORT,SUCCESS,reservation-no-show-v1.0,reservation-no-show-feature-v1.0,29,5
RES-3d49182ece8bb5a811b81b11a0c1d470,2026-10-05 18:00:00,True,0.010840067982508144,13,False,LOW,TOP_15_PERCENT_DAILY_COHORT,SUCCESS,reservation-no-show-v1.0,reservation-no-show-feature-v1.0,29,5
RES-dc60295ac1359c747ee50a5855296c74,2026-10-22 18:00:00,True,0.017064621425337018,4,True,HIGH,TOP_15_PERCENT_DAILY_COHORT,SUCCESS,reservation-no-show-v1.0,reservation-no-show-feature-v1.0,29,5
RES-dbb139001cecd72adbdf658fcffae2ad,2026-11-08 18:00:00,True,0.004420647355371526,29,False,LOW,TOP_15_PERCENT_DAILY_COHORT,SUCCESS,reservation-no-show-v1.0,reservation-no-show-feature-v1.0,29,5
RES-396c49168d6718255e3334a39cb46d17,2026-11-25 18:00:00,True,0.006558897162981839,21,False,LOW,TOP_15_PERCENT_DAILY_COHORT,SUCCESS,reservation-no-show-v1.0,reservation-no-show-feature-v1.0,29,5
RES-8558831b81144ec71177c567057e5e44,2026-12-12 18:00:00,True,0.02786023675368585,3,True,HIGH,TOP_15_PERCENT_DAILY_COHORT,SUCCESS,reservation-no-show-v1.0,reservation-no-show-feature-v1.0,29,5
RES-b974ecf766e05b064740b00d89001e27,2026-07-28 18:00:00,True,0.023632252202152204,5,True,HIGH,TOP_15_PERCENT_DAILY_COHORT,SUCCESS,reservation-no-show-v1.0,reservation-no-show-feature-v1.0,29,5
RES-34dfc4e83b524657582ec4c1078b8761,2026-08-14 18:00:00,True,0.006487354036964838,28,False,LOW,TOP_15_PERCENT_DAILY_COHORT,SUCCESS,reservation-no-show-v1.0,reservation-no-show-feature-v1.0,29,5
RES-5f536c46ec75603fcb8d2f50b653ac78,2026-08-31 18:00:00,True,0.0050303713504333955,15,False,LOW,TOP_15_PERCENT_DAILY_COHORT,SUCCESS,reservation-no-show-v1.0,reservation-no-show-feature-v1.0,29,5
RES-b76c33275970878868dd103b4ebdc992,2026-09-17 18:00:00,True,0.017089889775608606,3,True,HIGH,TOP_15_PERCENT_DAILY_COHORT,SUCCESS,reservation-no-show-v1.0,reservation-no-show-feature-v1.0,29,5
RES-b81c2ee63501b46045b322d6b7cd12fc,2026-10-04 18:00:00,True,0.00876196781782312,13,False,LOW,TOP_15_PERCENT_DAILY_COHORT,SUCCESS,reservation-no-show-v1.0,reservation-no-show-feature-v1.0,29,5
RES-513ffa73ac91a3d29e49f8740d7a52c5,2026-10-21 18:00:00,True,0.007943135772077637,17,False,LOW,TOP_15_PERCENT_DAILY_COHORT,SUCCESS,reservation-no-show-v1.0,reservation-no-show-feature-v1.0,29,5
RES-51954f2c4eca8f26c272cd5e1e7ea25b,2026-11-07 18:00:00,True,0.02096074167352652,1,True,HIGH,TOP_15_PERCENT_DAILY_COHORT,SUCCESS,reservation-no-show-v1.0,reservation-no-show-feature-v1.0,29,5
RES-82b7760271875d30b57eb13e8835071e,2026-11-24 18:00:00,True,0.004747813263981251,26,False,LOW,TOP_15_PERCENT_DAILY_COHORT,SUCCESS,reservation-no-show-v1.0,reservation-no-show-feature-v1.0,29,5
RES-65c0199ac070825452cab761e4baffd5,2026-12-11 18:00:00,True,0.008076103898035654,12,False,LOW,TOP_15_PERCENT_DAILY_COHORT,SUCCESS,reservation-no-show-v1.0,reservation-no-show-feature-v1.0,29,5
RES-aa2e9d8de7a25c7dab52fd655a2fef67,2026-08-13 18:00:00,True,0.02092801693245029,7,False,LOW,TOP_15_PERCENT_DAILY_COHORT,SUCCESS,reservation-no-show-v1.0,reservation-no-show-feature-v1.0,29,5
RES-d3e3e233329a7a70502ad00a64ca56f5,2026-08-30 18:00:00,True,0.009671702138802528,11,False,LOW,TOP_15_PERCENT_DAILY_COHORT,SUCCESS,reservation-no-show-v1.0,reservation-no-show-feature-v1.0,29,5
RES-184a5ad5f60dc04a23e2e05665df6472,2026-09-16 18:00:00,True,0.004459328271207746,21,False,LOW,TOP_15_PERCENT_DAILY_COHORT,SUCCESS,reservation-no-show-v1.0,reservation-no-show-feature-v1.0,29,5
RES-f488395b057ad960f68af356ebb967fc,2026-10-03 18:00:00,True,0.019099419013540436,5,True,HIGH,TOP_15_PERCENT_DAILY_COHORT,SUCCESS,reservation-no-show-v1.0,reservation-no-show-feature-v1.0,29,5
RES-ec733be34bd3ae2899b691974d721708,2026-10-20 18:00:00,True,0.0058305416443314795,29,False,LOW,TOP_15_PERCENT_DAILY_COHORT,SUCCESS,reservation-no-show-v1.0,reservation-no-show-feature-v1.0,29,5
RES-91c3186707ee152f3f60e0f4d6154609,2026-11-06 18:00:00,True,0.0073399883028444236,22,False,LOW,TOP_15_PERCENT_DAILY_COHORT,SUCCESS,reservation-no-show-v1.0,reservation-no-show-feature-v1.0,29,5
RES-0d7c379f67886ad434db6f222ce049eb,2026-11-23 18:00:00,True,0.016045566494388503,3,True,HIGH,TOP_15_PERCENT_DAILY_COHORT,SUCCESS,reservation-no-show-v1.0,reservation-no-show-feature-v1.0,29,5
RES-23e6d75bb6d79076ea7c0e4e4019ca37,2026-12-10 18:00:00,True,0.0050827587587075965,21,False,LOW,TOP_15_PERCENT_DAILY_COHORT,SUCCESS,reservation-no-show-v1.0,reservation-no-show-feature-v1.0,29,5
RES-c9c9b25ab6bcd57d9d7dbdd080e7a9bf,2026-08-12 18:00:00,True,0.004915743370608625,17,False,LOW,TOP_15_PERCENT_DAILY_COHORT,SUCCESS,reservation-no-show-v1.0,reservation-no-show-feature-v1.0,29,5
RES-67c0f96e33494dd878f0ac5971428fb9,2026-08-29 18:00:00,True,0.02576386317412577,1,True,HIGH,TOP_15_PERCENT_DAILY_COHORT,SUCCESS,reservation-no-show-v1.0,reservation-no-show-feature-v1.0,29,5
RES-4232b5a302e89bc2cdb4b9f49b57da50,2026-09-15 18:00:00,True,0.00855097977612233,14,False,LOW,TOP_15_PERCENT_DAILY_COHORT,SUCCESS,reservation-no-show-v1.0,reservation-no-show-feature-v1.0,29,5
RES-42add6469aa24828355d0aacb8f8e8b7,2026-10-02 18:00:00,True,0.00499122391215413,14,False,LOW,TOP_15_PERCENT_DAILY_COHORT,SUCCESS,reservation-no-show-v1.0,reservation-no-show-feature-v1.0,29,5
RES-f097b772e8b1619137ff2f0e0abbc2ce,2026-10-19 18:00:00,True,0.01941990905050494,4,True,HIGH,TOP_15_PERCENT_DAILY_COHORT,SUCCESS,reservation-no-show-v1.0,reservation-no-show-feature-v1.0,29,5
RES-2b7828296575543fce930db13ca4774e,2026-11-05 18:00:00,True,0.006981526349558936,17,False,LOW,TOP_15_PERCENT_DAILY_COHORT,SUCCESS,reservation-no-show-v1.0,reservation-no-show-feature-v1.0,29,5
RES-ae3f2904181b4507f5219ec28f397fed,2026-11-22 18:00:00,True,0.007464655631626403,21,False,LOW,TOP_15_PERCENT_DAILY_COHORT,SUCCESS,reservation-no-show-v1.0,reservation-no-show-feature-v1.0,29,5
RES-94f3bbd0538e0bbc263d53ac77259da5,2026-12-09 18:00:00,True,0.018867950318200793,2,True,HIGH,TOP_15_PERCENT_DAILY_COHORT,SUCCESS,reservation-no-show-v1.0,reservation-no-show-feature-v1.0,29,5
RES-c7fb5a81b244b1c7080ae595a097f505,2026-08-11 18:00:00,True,0.003963196537797287,29,False,LOW,TOP_15_PERCENT_DAILY_COHORT,SUCCESS,reservation-no-show-v1.0,reservation-no-show-feature-v1.0,29,5
RES-e705781dc92f02c536b5b95e88cb7198,2026-08-28 18:00:00,True,0.006074582550843628,15,False,LOW,TOP_15_PERCENT_DAILY_COHORT,SUCCESS,reservation-no-show-v1.0,reservation-no-show-feature-v1.0,29,5
RES-dcc8ca7a2004e916cec6075776908f90,2026-09-14 18:00:00,True,0.023768668721193924,4,True,HIGH,TOP_15_PERCENT_DAILY_COHORT,SUCCESS,reservation-no-show-v1.0,reservation-no-show-feature-v1.0,29,5
RES-2ee8f42c18c44e21b228b2c6fcb732ab,2026-10-01 18:00:00,True,0.006869237794880193,25,False,LOW,TOP_15_PERCENT_DAILY_COHORT,SUCCESS,reservation-no-show-v1.0,reservation-no-show-feature-v1.0,29,5
RES-bf8c35425dfba3e65ad94577b857ce77,2026-10-18 18:00:00,True,0.004189820088634286,25,False,LOW,TOP_15_PERCENT_DAILY_COHORT,SUCCESS,reservation-no-show-v1.0,reservation-no-show-feature-v1.0,29,5
RES-103fd51001e64e81e9b7f36f8fbb09bf,2026-11-04 18:00:00,True,0.015634256644138516,6,False,LOW,TOP_15_PERCENT_DAILY_COHORT,SUCCESS,reservation-no-show-v1.0,reservation-no-show-feature-v1.0,29,5
RES-dc4e7b464e9a4fe9e6df781867370a83,2026-11-21 18:00:00,True,0.007006723765950607,23,False,LOW,TOP_15_PERCENT_DAILY_COHORT,SUCCESS,reservation-no-show-v1.0,reservation-no-show-feature-v1.0,29,5
RES-27840c71d425efed2e071ff18888506a,2026-12-08 18:00:00,True,0.006597974073568277,25,False,LOW,TOP_15_PERCENT_DAILY_COHORT,SUCCESS,reservation-no-show-v1.0,reservation-no-show-feature-v1.0,29,5
RES-24c1c4c7d2d8e23fc574ab4905adbffd,2026-08-10 18:00:00,True,0.03149108353063326,1,True,HIGH,TOP_15_PERCENT_DAILY_COHORT,SUCCESS,reservation-no-show-v1.0,reservation-no-show-feature-v1.0,30,5
RES-ee8b20141da0732cbbbd9f54c315b204,2026-08-27 18:00:00,True,0.0038669887876784446,29,False,LOW,TOP_15_PERCENT_DAILY_COHORT,SUCCESS,reservation-no-show-v1.0,reservation-no-show-feature-v1.0,30,5
RES-9e2d55ac5dfa44811d80a691539e3f5c,2026-09-13 18:00:00,True,0.006158152358542228,14,False,LOW,TOP_15_PERCENT_DAILY_COHORT,SUCCESS,reservation-no-show-v1.0,reservation-no-show-feature-v1.0,30,5
RES-391bc08260a404e763e4387bf0191c3e,2026-09-30 18:00:00,True,0.02541122333180306,2,True,HIGH,TOP_15_PERCENT_DAILY_COHORT,SUCCESS,reservation-no-show-v1.0,reservation-no-show-feature-v1.0,30,5
RES-59a37329919762623f73f89acc9cb4b9,2026-10-17 18:00:00,True,0.007007307550141952,24,False,LOW,TOP_15_PERCENT_DAILY_COHORT,SUCCESS,reservation-no-show-v1.0,reservation-no-show-feature-v1.0,30,5
RES-a90a5adce79b389e45c606f5b2f11c42,2026-11-03 18:00:00,True,0.004937265351748748,17,False,LOW,TOP_15_PERCENT_DAILY_COHORT,SUCCESS,reservation-no-show-v1.0,reservation-no-show-feature-v1.0,30,5
RES-136ee1bfe990e2846035495819b8a7c4,2026-11-20 18:00:00,True,0.01594567217248112,8,False,LOW,TOP_15_PERCENT_DAILY_COHORT,SUCCESS,reservation-no-show-v1.0,reservation-no-show-feature-v1.0,30,5
RES-1ae663bc369a68c46a0db294a0f0e216,2026-12-07 18:00:00,True,0.008600391557973826,12,False,LOW,TOP_15_PERCENT_DAILY_COHORT,SUCCESS,reservation-no-show-v1.0,reservation-no-show-feature-v1.0,30,5
RES-c392b2fb54a0402e87b35d0d507e62ee,2026-12-24 18:00:00,True,0.0064382197584440274,28,False,LOW,TOP_15_PERCENT_DAILY_COHORT,SUCCESS,reservation-no-show-v1.0,reservation-no-show-feature-v1.0,30,5
RES-4b31d596c7b047dc65314a0bcb5e2315,2026-08-09 18:00:00,True,0.00624268183274731,29,False,LOW,TOP_15_PERCENT_DAILY_COHORT,SUCCESS,reservation-no-show-v1.0,reservation-no-show-feature-v1.0,29,5
RES-4899ef40660492cbe39c6ea434bca67f,2026-08-26 18:00:00,True,0.02549317559011051,4,True,HIGH,TOP_15_PERCENT_DAILY_COHORT,SUCCESS,reservation-no-show-v1.0,reservation-no-show-feature-v1.0,29,5
RES-0f0ce8722a5fb04567c6181e60255aed,2026-09-12 18:00:00,True,0.004328539098595663,24,False,LOW,TOP_15_PERCENT_DAILY_COHORT,SUCCESS,reservation-no-show-v1.0,reservation-no-show-feature-v1.0,29,5
RES-a0c3d0a747e4129479d8157ca240bc39,2026-09-29 18:00:00,True,0.005459787149006156,19,False,LOW,TOP_15_PERCENT_DAILY_COHORT,SUCCESS,reservation-no-show-v1.0,reservation-no-show-feature-v1.0,29,5
RES-e07c32fd85ceacaacd5ff8111a73d37b,2026-10-16 18:00:00,True,0.031249941144674113,1,True,HIGH,TOP_15_PERCENT_DAILY_COHORT,SUCCESS,reservation-no-show-v1.0,reservation-no-show-feature-v1.0,29,5
RES-11dc2c3c6c78b361acdd905baba343cc,2026-11-02 18:00:00,True,0.006455026410389424,28,False,LOW,TOP_15_PERCENT_DAILY_COHORT,SUCCESS,reservation-no-show-v1.0,reservation-no-show-feature-v1.0,29,5
RES-826e5674e94ff7fd62009ab7e3e27b31,2026-11-19 18:00:00,True,0.004817526165043611,16,False,LOW,TOP_15_PERCENT_DAILY_COHORT,SUCCESS,reservation-no-show-v1.0,reservation-no-show-feature-v1.0,29,5
RES-3f779eebfc6bb57f6317f64f0c129937,2026-12-06 18:00:00,True,0.01776940411095037,5,True,HIGH,TOP_15_PERCENT_DAILY_COHORT,SUCCESS,reservation-no-show-v1.0,reservation-no-show-feature-v1.0,29,5
RES-b57e5fc9ce7d86eb6c3a5b3aef6aed00,2026-12-23 18:00:00,True,0.005722710658570878,29,False,LOW,TOP_15_PERCENT_DAILY_COHORT,SUCCESS,reservation-no-show-v1.0,reservation-no-show-feature-v1.0,29,5
RES-56c2a6dedff6c7a4151f684d6324d0fb,2026-08-08 18:00:00,True,0.007000895923349913,11,False,LOW,TOP_15_PERCENT_DAILY_COHORT,SUCCESS,reservation-no-show-v1.0,reservation-no-show-feature-v1.0,29,5
RES-8c884121f4bc02f27254d4774a3d3d1a,2026-08-25 18:00:00,True,0.007377186353581658,18,False,LOW,TOP_15_PERCENT_DAILY_COHORT,SUCCESS,reservation-no-show-v1.0,reservation-no-show-feature-v1.0,29,5
RES-87200985ac22c7f89531538f625c49af,2026-09-11 18:00:00,True,0.025914375641842007,7,False,LOW,TOP_15_PERCENT_DAILY_COHORT,SUCCESS,reservation-no-show-v1.0,reservation-no-show-feature-v1.0,29,5
RES-01ec3deccc02e0e822165f2aba3a0b05,2026-09-28 18:00:00,True,0.004402284771241655,26,False,LOW,TOP_15_PERCENT_DAILY_COHORT,SUCCESS,reservation-no-show-v1.0,reservation-no-show-feature-v1.0,29,5
RES-a5b30642fb60b1b63e91d13ce0820791,2026-10-15 18:00:00,True,0.006432325469124655,13,False,LOW,TOP_15_PERCENT_DAILY_COHORT,SUCCESS,reservation-no-show-v1.0,reservation-no-show-feature-v1.0,29,5
RES-b789d790b9d4ccf942e34a06faeb651a,2026-11-01 18:00:00,True,0.023905853420240614,3,True,HIGH,TOP_15_PERCENT_DAILY_COHORT,SUCCESS,reservation-no-show-v1.0,reservation-no-show-feature-v1.0,29,5
RES-65697c5c234adb0db3673fc7e6f348b6,2026-11-18 18:00:00,True,0.0069317055762799515,26,False,LOW,TOP_15_PERCENT_DAILY_COHORT,SUCCESS,reservation-no-show-v1.0,reservation-no-show-feature-v1.0,29,5
RES-99e9fea975cf9f367334614a0ff010a2,2026-12-05 18:00:00,True,0.004450651373870676,20,False,LOW,TOP_15_PERCENT_DAILY_COHORT,SUCCESS,reservation-no-show-v1.0,reservation-no-show-feature-v1.0,29,5
RES-a424a67622d34ba194f3956990737274,2026-12-22 18:00:00,True,0.015775166045690348,6,False,LOW,TOP_15_PERCENT_DAILY_COHORT,SUCCESS,reservation-no-show-v1.0,reservation-no-show-feature-v1.0,29,5
RES-853ccae198f1db6b2bf81db89d3ccbe2,2026-08-07 18:00:00,True,0.014665015804054566,6,False,LOW,TOP_15_PERCENT_DAILY_COHORT,SUCCESS,reservation-no-show-v1.0,reservation-no-show-feature-v1.0,29,5
RES-f25552960b257e5a3ee7e4b524de704e,2026-08-24 18:00:00,True,0.004852889892166706,24,False,LOW,TOP_15_PERCENT_DAILY_COHORT,SUCCESS,reservation-no-show-v1.0,reservation-no-show-feature-v1.0,29,5
RES-b215c807c37549a80178a39220b656b4,2026-09-10 18:00:00,True,0.007175725194348442,12,False,LOW,TOP_15_PERCENT_DAILY_COHORT,SUCCESS,reservation-no-show-v1.0,reservation-no-show-feature-v1.0,29,5
RES-7a3c391242f91930e10977f9e20be158,2026-09-27 18:00:00,True,0.034873244375320724,1,True,HIGH,TOP_15_PERCENT_DAILY_COHORT,SUCCESS,reservation-no-show-v1.0,reservation-no-show-feature-v1.0,29,5
RES-f235fcbccdeecbfcc11158b99ee6032e,2026-10-14 18:00:00,True,0.004281713788010688,27,False,LOW,TOP_15_PERCENT_DAILY_COHORT,SUCCESS,reservation-no-show-v1.0,reservation-no-show-feature-v1.0,29,5
RES-068e5e1c5b0fe5db88cabd3b790d6ca5,2026-10-31 18:00:00,True,0.004906182763910973,18,False,LOW,TOP_15_PERCENT_DAILY_COHORT,SUCCESS,reservation-no-show-v1.0,reservation-no-show-feature-v1.0,29,5
RES-a2d3b7550236ed6e95ae5fda47d0a3b9,2026-11-17 18:00:00,True,0.019323831305633716,10,False,LOW,TOP_15_PERCENT_DAILY_COHORT,SUCCESS,reservation-no-show-v1.0,reservation-no-show-feature-v1.0,29,5
RES-b4db0c43da1749deb9781a85cf48e90d,2026-12-04 18:00:00,True,0.006404863367747118,27,False,LOW,TOP_15_PERCENT_DAILY_COHORT,SUCCESS,reservation-no-show-v1.0,reservation-no-show-feature-v1.0,29,5
RES-5f372ab93841776b7c527b39ce627de7,2026-12-21 18:00:00,True,0.0049822522147961006,16,False,LOW,TOP_15_PERCENT_DAILY_COHORT,SUCCESS,reservation-no-show-v1.0,reservation-no-show-feature-v1.0,29,5
RES-76b3f1fbc20a4212f6f87290f356f493,2026-08-06 18:00:00,True,0.007896812683127129,14,False,LOW,TOP_15_PERCENT_DAILY_COHORT,SUCCESS,reservation-no-show-v1.0,reservation-no-show-feature-v1.0,29,5
RES-ea792054bf6b2d830b6bef1ecec4a115,2026-08-23 18:00:00,True,0.013560413675238683,9,False,LOW,TOP_15_PERCENT_DAILY_COHORT,SUCCESS,reservation-no-show-v1.0,reservation-no-show-feature-v1.0,29,5
RES-da705894b1b5f529d33641cda8ca24ec,2026-09-09 18:00:00,True,0.004720036121184214,25,False,LOW,TOP_15_PERCENT_DAILY_COHORT,SUCCESS,reservation-no-show-v1.0,reservation-no-show-feature-v1.0,29,5
RES-56eec725098c29ad8ecf02697858ac63,2026-09-26 18:00:00,True,0.006651702712003466,20,False,LOW,TOP_15_PERCENT_DAILY_COHORT,SUCCESS,reservation-no-show-v1.0,reservation-no-show-feature-v1.0,29,5
RES-4c29b98bcfe36dcaafc0c372d3b820d0,2026-10-13 18:00:00,True,0.030923443721459967,1,True,HIGH,TOP_15_PERCENT_DAILY_COHORT,SUCCESS,reservation-no-show-v1.0,reservation-no-show-feature-v1.0,29,5
RES-98a4a8d002943de962a6d9234e2e2113,2026-10-30 18:00:00,True,0.0043680037802880595,23,False,LOW,TOP_15_PERCENT_DAILY_COHORT,SUCCESS,reservation-no-show-v1.0,reservation-no-show-feature-v1.0,29,5
RES-3014d9cc674309d79f3e4f5176e1d19a,2026-11-16 18:00:00,True,0.00549189366256875,17,False,LOW,TOP_15_PERCENT_DAILY_COHORT,SUCCESS,reservation-no-show-v1.0,reservation-no-show-feature-v1.0,29,5
RES-35de4a80f44beef7fe1b24af23e4ec2f,2026-12-03 18:00:00,True,0.0227095467215196,5,True,HIGH,TOP_15_PERCENT_DAILY_COHORT,SUCCESS,reservation-no-show-v1.0,reservation-no-show-feature-v1.0,29,5
RES-ae116c6f232cb0608aaf9d14b3d05431,2026-12-20 18:00:00,True,0.00788788202550477,19,False,LOW,TOP_15_PERCENT_DAILY_COHORT,SUCCESS,reservation-no-show-v1.0,reservation-no-show-feature-v1.0,29,5
RES-3f58ec4b1ec82e836e7ad21a94094bed,2026-08-05 18:00:00,True,0.005796466878142031,28,False,LOW,TOP_15_PERCENT_DAILY_COHORT,SUCCESS,reservation-no-show-v1.0,reservation-no-show-feature-v1.0,29,5
RES-bafa2cac2af58a9c44a457a98fe3d61e,2026-08-22 18:00:00,True,0.00805536887966509,12,False,LOW,TOP_15_PERCENT_DAILY_COHORT,SUCCESS,reservation-no-show-v1.0,reservation-no-show-feature-v1.0,29,5
RES-a99cc92b844216f189678f06619b32b3,2026-09-08 18:00:00,True,0.015952751170003585,4,True,HIGH,TOP_15_PERCENT_DAILY_COHORT,SUCCESS,reservation-no-show-v1.0,reservation-no-show-feature-v1.0,29,5
RES-803154eae7f7714f322877ef84fa5ae1,2026-09-25 18:00:00,True,0.004815116968738063,26,False,LOW,TOP_15_PERCENT_DAILY_COHORT,SUCCESS,reservation-no-show-v1.0,reservation-no-show-feature-v1.0,29,5
RES-d5a361615d58beb462fb6a56f30b8e8f,2026-10-12 18:00:00,True,0.007420484087911823,12,False,LOW,TOP_15_PERCENT_DAILY_COHORT,SUCCESS,reservation-no-show-v1.0,reservation-no-show-feature-v1.0,29,5
RES-d725cf2823a939cc15be443873a418bf,2026-10-29 18:00:00,True,0.020732697269896978,10,False,LOW,TOP_15_PERCENT_DAILY_COHORT,SUCCESS,reservation-no-show-v1.0,reservation-no-show-feature-v1.0,29,5
RES-7d1f7b6919bf2b5e483c657a595289a9,2026-11-15 18:00:00,True,0.0049543898209751976,16,False,LOW,TOP_15_PERCENT_DAILY_COHORT,SUCCESS,reservation-no-show-v1.0,reservation-no-show-feature-v1.0,29,5
RES-ceabf882ee2bf38d93f0676448954f4f,2026-12-02 18:00:00,True,0.0048531390726269654,27,False,LOW,TOP_15_PERCENT_DAILY_COHORT,SUCCESS,reservation-no-show-v1.0,reservation-no-show-feature-v1.0,29,5
RES-afd612d9d465e909b8e8af33f8f5cc8a,2026-12-19 18:00:00,True,0.021075214434339812,9,False,LOW,TOP_15_PERCENT_DAILY_COHORT,SUCCESS,reservation-no-show-v1.0,reservation-no-show-feature-v1.0,29,5
RES-2146c253ed513e7ce5c0d4f08db86727,2026-08-04 18:00:00,True,0.014529540376545158,10,False,LOW,TOP_15_PERCENT_DAILY_COHORT,SUCCESS,reservation-no-show-v1.0,reservation-no-show-feature-v1.0,29,5
RES-ff17f4dcea1a961f5a44a36281d2b68a,2026-08-21 18:00:00,True,0.007161433930294381,21,False,LOW,TOP_15_PERCENT_DAILY_COHORT,SUCCESS,reservation-no-show-v1.0,reservation-no-show-feature-v1.0,29,5
RES-d388460a78f1ec5766e0a4f42f832882,2026-09-07 18:00:00,True,0.007421102088029401,23,False,LOW,TOP_15_PERCENT_DAILY_COHORT,SUCCESS,reservation-no-show-v1.0,reservation-no-show-feature-v1.0,29,5
RES-807239f1ce837725393fe2298799e857,2026-09-24 18:00:00,True,0.012874989023357618,10,False,LOW,TOP_15_PERCENT_DAILY_COHORT,SUCCESS,reservation-no-show-v1.0,reservation-no-show-feature-v1.0,29,5
RES-4528bfddec59c66d0f948aaaa5e7bfb4,2026-10-11 18:00:00,True,0.005913275833822502,14,False,LOW,TOP_15_PERCENT_DAILY_COHORT,SUCCESS,reservation-no-show-v1.0,reservation-no-show-feature-v1.0,29,5
RES-ee3a4163ff634ca23304682a30d7f068,2026-10-28 18:00:00,True,0.006579911942659048,21,False,LOW,TOP_15_PERCENT_DAILY_COHORT,SUCCESS,reservation-no-show-v1.0,reservation-no-show-feature-v1.0,29,5
RES-821e6464e2206454ce1cde479573068b,2026-11-14 18:00:00,True,0.02544461737838972,1,True,HIGH,TOP_15_PERCENT_DAILY_COHORT,SUCCESS,reservation-no-show-v1.0,reservation-no-show-feature-v1.0,29,5
RES-2b14beacf049b8ef7302ddea7b91d4a2,2026-12-01 18:00:00,True,0.003912675670946826,29,False,LOW,TOP_15_PERCENT_DAILY_COHORT,SUCCESS,reservation-no-show-v1.0,reservation-no-show-feature-v1.0,29,5
RES-be1bde29bca14f1ec6837a0f350b2565,2026-12-18 18:00:00,True,0.00449795992461612,29,False,LOW,TOP_15_PERCENT_DAILY_COHORT,SUCCESS,reservation-no-show-v1.0,reservation-no-show-feature-v1.0,29,5
RES-a0b109cd1d2c04bf58732604be838a90,2026-08-03 18:00:00,True,0.00555437061772616,14,False,LOW,TOP_15_PERCENT_DAILY_COHORT,SUCCESS,reservation-no-show-v1.0,reservation-no-show-feature-v1.0,29,5
RES-8448750579810631caa5f726e6a6da85,2026-08-20 18:00:00,True,0.014180483334537598,10,False,LOW,TOP_15_PERCENT_DAILY_COHORT,SUCCESS,reservation-no-show-v1.0,reservation-no-show-feature-v1.0,29,5
RES-4f2faea6b033a4ebb10897eb8b0341fd,2026-09-06 18:00:00,True,0.006597086019047988,25,False,LOW,TOP_15_PERCENT_DAILY_COHORT,SUCCESS,reservation-no-show-v1.0,reservation-no-show-feature-v1.0,29,5
RES-dff504e33d9e3cfed45ef735f4b333c8,2026-09-23 18:00:00,True,0.007241562961202067,18,False,LOW,TOP_15_PERCENT_DAILY_COHORT,SUCCESS,reservation-no-show-v1.0,reservation-no-show-feature-v1.0,29,5
RES-f3ed59a6d13480efa779cf1e6b93ec4a,2026-10-10 18:00:00,True,0.015829955762871644,4,True,HIGH,TOP_15_PERCENT_DAILY_COHORT,SUCCESS,reservation-no-show-v1.0,reservation-no-show-feature-v1.0,29,5
RES-817eae9ecbc575928168dcf060209fdf,2026-10-27 18:00:00,True,0.004763053131844792,25,False,LOW,TOP_15_PERCENT_DAILY_COHORT,SUCCESS,reservation-no-show-v1.0,reservation-no-show-feature-v1.0,29,5
RES-844ba851d88d7b11fe2ab9c9dbf21572,2026-11-13 18:00:00,True,0.008101940180266496,14,False,LOW,TOP_15_PERCENT_DAILY_COHORT,SUCCESS,reservation-no-show-v1.0,reservation-no-show-feature-v1.0,29,5
RES-2c581669fa667a93a804fdc84d9dfc48,2026-11-30 18:00:00,True,0.023473550145230983,9,False,LOW,TOP_15_PERCENT_DAILY_COHORT,SUCCESS,reservation-no-show-v1.0,reservation-no-show-feature-v1.0,29,5
RES-fa244010304cfd557a004bbd9f711359,2026-12-17 18:00:00,True,0.006787266848376349,11,False,LOW,TOP_15_PERCENT_DAILY_COHORT,SUCCESS,reservation-no-show-v1.0,reservation-no-show-feature-v1.0,29,5
RES-d021fdd45b24ce69c9fd7f6d1e79ddd8,2026-08-02 18:00:00,True,0.009671702138802528,13,False,LOW,TOP_15_PERCENT_DAILY_COHORT,SUCCESS,reservation-no-show-v1.0,reservation-no-show-feature-v1.0,29,5
RES-2f8468e3494fe18c5abe4836d70f0938,2026-08-19 18:00:00,True,0.004064200126905056,26,False,LOW,TOP_15_PERCENT_DAILY_COHORT,SUCCESS,reservation-no-show-v1.0,reservation-no-show-feature-v1.0,29,5
RES-97c0298c72c9cd4bd311e48e57042547,2026-09-05 18:00:00,True,0.017429786365893332,1,True,HIGH,TOP_15_PERCENT_DAILY_COHORT,SUCCESS,reservation-no-show-v1.0,reservation-no-show-feature-v1.0,29,5
RES-fa6748dbb26954cac463c28fb1345a2f,2026-09-22 18:00:00,True,0.008577608560714895,12,False,LOW,TOP_15_PERCENT_DAILY_COHORT,SUCCESS,reservation-no-show-v1.0,reservation-no-show-feature-v1.0,29,5
RES-048f78a2fff7f9027eaf0cbd12386f72,2026-10-09 18:00:00,True,0.007363487157536459,19,False,LOW,TOP_15_PERCENT_DAILY_COHORT,SUCCESS,reservation-no-show-v1.0,reservation-no-show-feature-v1.0,29,5
RES-b4f43f9b6ad80a36843be7c184941a5e,2026-10-26 18:00:00,True,0.016096484179260642,5,True,HIGH,TOP_15_PERCENT_DAILY_COHORT,SUCCESS,reservation-no-show-v1.0,reservation-no-show-feature-v1.0,29,5
RES-e93d5eb64e92ad98b698acb11103ec99,2026-11-12 18:00:00,True,0.006176614314781729,11,False,LOW,TOP_15_PERCENT_DAILY_COHORT,SUCCESS,reservation-no-show-v1.0,reservation-no-show-feature-v1.0,29,5
RES-a1bef6cde5dc98acb00370e2bc8b01ad,2026-11-29 18:00:00,True,0.009065691870050034,10,False,LOW,TOP_15_PERCENT_DAILY_COHORT,SUCCESS,reservation-no-show-v1.0,reservation-no-show-feature-v1.0,29,5
RES-d2b5b4e801c1bb135fdc45c8ceddb461,2026-12-16 18:00:00,True,0.022914618873134018,6,False,LOW,TOP_15_PERCENT_DAILY_COHORT,SUCCESS,reservation-no-show-v1.0,reservation-no-show-feature-v1.0,29,5
RES-b1e159604a010bccdeaecc2416835d30,2026-07-28 18:00:00,True,0.00877413666013652,12,False,LOW,TOP_15_PERCENT_DAILY_COHORT,SUCCESS,reservation-no-show-v1.0,reservation-no-show-feature-v1.0,29,5
RES-8c7cbf745fabba5fd1af0e24e73ee4ac,2026-08-01 18:00:00,True,0.019419347927702297,10,False,LOW,TOP_15_PERCENT_DAILY_COHORT,SUCCESS,reservation-no-show-v1.0,reservation-no-show-feature-v1.0,29,5
RES-db746c55fc727a283a55dde7e0b57513,2026-08-18 18:00:00,True,0.007084771138918395,25,False,LOW,TOP_15_PERCENT_DAILY_COHORT,SUCCESS,reservation-no-show-v1.0,reservation-no-show-feature-v1.0,29,5
RES-68ea76661d21bc22c85c31ab60820fe7,2026-09-04 18:00:00,True,0.005007241165881043,18,False,LOW,TOP_15_PERCENT_DAILY_COHORT,SUCCESS,reservation-no-show-v1.0,reservation-no-show-feature-v1.0,29,5
RES-1ffbd10e0a900f6e82014aee1bf625a4,2026-09-21 18:00:00,True,0.016120342476040727,7,False,LOW,TOP_15_PERCENT_DAILY_COHORT,SUCCESS,reservation-no-show-v1.0,reservation-no-show-feature-v1.0,29,5
RES-f01d5716fb8a1a1247ab6a295accb686,2026-10-08 18:00:00,True,0.009180243677200607,12,False,LOW,TOP_15_PERCENT_DAILY_COHORT,SUCCESS,reservation-no-show-v1.0,reservation-no-show-feature-v1.0,29,5
RES-78b2c59ec85018d1e8de3e1727afcfd6,2026-10-25 18:00:00,True,0.00824012723528303,19,False,LOW,TOP_15_PERCENT_DAILY_COHORT,SUCCESS,reservation-no-show-v1.0,reservation-no-show-feature-v1.0,29,5
RES-b73f4f1e38e6afffb041d0d3a9d29a91,2026-11-11 18:00:00,True,0.01424198741528711,9,False,LOW,TOP_15_PERCENT_DAILY_COHORT,SUCCESS,reservation-no-show-v1.0,reservation-no-show-feature-v1.0,29,5
RES-2526ff1e5d5c92bd88068e5a1a374374,2026-11-28 18:00:00,True,0.005725133276520735,17,False,LOW,TOP_15_PERCENT_DAILY_COHORT,SUCCESS,reservation-no-show-v1.0,reservation-no-show-feature-v1.0,29,5
RES-eacdde7a8e7731eab71faca217badbe1,2026-12-15 18:00:00,True,0.0060139900013638755,27,False,LOW,TOP_15_PERCENT_DAILY_COHORT,SUCCESS,reservation-no-show-v1.0,reservation-no-show-feature-v1.0,29,5
RES-f521f32f06f8978de1139dccd1e9085b,2026-07-31 18:00:00,True,0.006685204364321288,11,False,LOW,TOP_15_PERCENT_DAILY_COHORT,SUCCESS,reservation-no-show-v1.0,reservation-no-show-feature-v1.0,29,5
RES-b0ba67fa04ed6e2bbda1e819dd77438a,2026-08-17 18:00:00,True,0.02169988953875049,7,False,LOW,TOP_15_PERCENT_DAILY_COHORT,SUCCESS,reservation-no-show-v1.0,reservation-no-show-feature-v1.0,29,5
RES-7081fe75d976edc1d53d64208b9465fc,2026-09-03 18:00:00,True,0.007583326547520762,21,False,LOW,TOP_15_PERCENT_DAILY_COHORT,SUCCESS,reservation-no-show-v1.0,reservation-no-show-feature-v1.0,29,5
RES-88d1702ea8d1d55a8bb605d6683fed05,2026-09-20 18:00:00,True,0.004626668705628492,24,False,LOW,TOP_15_PERCENT_DAILY_COHORT,SUCCESS,reservation-no-show-v1.0,reservation-no-show-feature-v1.0,29,5
RES-797e0df52caac220c2510eadace5f55b,2026-10-07 18:00:00,True,0.014263136813961168,10,False,LOW,TOP_15_PERCENT_DAILY_COHORT,SUCCESS,reservation-no-show-v1.0,reservation-no-show-feature-v1.0,29,5
RES-6cf05aca2388f2fc326db35e43b62529,2026-10-24 18:00:00,True,0.005803753652862266,29,False,LOW,TOP_15_PERCENT_DAILY_COHORT,SUCCESS,reservation-no-show-v1.0,reservation-no-show-feature-v1.0,29,5
RES-c233dad0619e45dc53fcb6235eea51c5,2026-11-10 18:00:00,True,0.008015290597222589,14,False,LOW,TOP_15_PERCENT_DAILY_COHORT,SUCCESS,reservation-no-show-v1.0,reservation-no-show-feature-v1.0,29,5
RES-53e1823b7009c9b4d8483f9d9598216f,2026-11-27 18:00:00,True,0.02331227892158821,1,True,HIGH,TOP_15_PERCENT_DAILY_COHORT,SUCCESS,reservation-no-show-v1.0,reservation-no-show-feature-v1.0,29,5
RES-db5ede9e5f63d859c8329be81ea4ecf8,2026-12-14 18:00:00,True,0.00479108220866379,26,False,LOW,TOP_15_PERCENT_DAILY_COHORT,SUCCESS,reservation-no-show-v1.0,reservation-no-show-feature-v1.0,29,5
RES-63ab56bc20d9dbe8e2db6742eeef0053,2026-07-30 18:00:00,True,0.004270321971124674,22,False,LOW,TOP_15_PERCENT_DAILY_COHORT,SUCCESS,reservation-no-show-v1.0,reservation-no-show-feature-v1.0,29,5
RES-b2829f59fdb217d52fc836bc7213a80b,2026-08-16 18:00:00,True,0.004633606442186502,27,False,LOW,TOP_15_PERCENT_DAILY_COHORT,SUCCESS,reservation-no-show-v1.0,reservation-no-show-feature-v1.0,29,5
RES-1d53f3856fdb134bf7143a99e49a9b17,2026-09-02 18:00:00,True,0.025491091269157416,2,True,HIGH,TOP_15_PERCENT_DAILY_COHORT,SUCCESS,reservation-no-show-v1.0,reservation-no-show-feature-v1.0,29,5
RES-49af733d4d40100f7999c71530ed9364,2026-09-19 18:00:00,True,0.007029748875297675,25,False,LOW,TOP_15_PERCENT_DAILY_COHORT,SUCCESS,reservation-no-show-v1.0,reservation-no-show-feature-v1.0,29,5
RES-77c7f70fba42c31753de117ef8676e98,2026-10-06 18:00:00,True,0.005451619176134699,16,False,LOW,TOP_15_PERCENT_DAILY_COHORT,SUCCESS,reservation-no-show-v1.0,reservation-no-show-feature-v1.0,29,5
RES-d7ffc34ade1fe32c281da2d7b2ba8f95,2026-10-23 18:00:00,True,0.0159962780143575,8,False,LOW,TOP_15_PERCENT_DAILY_COHORT,SUCCESS,reservation-no-show-v1.0,reservation-no-show-feature-v1.0,29,5
RES-672ea74ef9e2df632a30167fe6441cbe,2026-11-09 18:00:00,True,0.006475170771150847,22,False,LOW,TOP_15_PERCENT_DAILY_COHORT,SUCCESS,reservation-no-show-v1.0,reservation-no-show-feature-v1.0,29,5
RES-52916cb34010102b5e6db3deeda32b68,2026-11-26 18:00:00,True,0.007821489511829191,14,False,LOW,TOP_15_PERCENT_DAILY_COHORT,SUCCESS,reservation-no-show-v1.0,reservation-no-show-feature-v1.0,29,5
RES-3165a61eaec043600fe7712fddcfd2c9,2026-12-13 18:00:00,True,0.014724196945719335,6,False,LOW,TOP_15_PERCENT_DAILY_COHORT,SUCCESS,reservation-no-show-v1.0,reservation-no-show-feature-v1.0,29,5
RES-7803388d6536e0ad7d0d1255ac718a13,2026-07-29 18:00:00,True,0.02557329434604962,4,True,HIGH,TOP_15_PERCENT_DAILY_COHORT,SUCCESS,reservation-no-show-v1.0,reservation-no-show-feature-v1.0,29,5
RES-e178743d838a1212726d5bf670c6dd98,2026-08-15 18:00:00,True,0.005260938068089406,13,False,LOW,TOP_15_PERCENT_DAILY_COHORT,SUCCESS,reservation-no-show-v1.0,reservation-no-show-feature-v1.0,29,5
RES-c5db3d545206c0163bb62f88276acb7e,2026-09-01 18:00:00,True,0.004960535109493708,23,False,LOW,TOP_15_PERCENT_DAILY_COHORT,SUCCESS,reservation-no-show-v1.0,reservation-no-show-feature-v1.0,29,5
RES-56c4d392a3be274d46784172288e6fdc,2026-09-18 18:00:00,True,0.019593692790076334,9,False,LOW,TOP_15_PERCENT_DAILY_COHORT,SUCCESS,reservation-no-show-v1.0,reservation-no-show-feature-v1.0,29,5
RES-8133fa584ecadc6624442efc9d59644e,2026-10-05 18:00:00,True,0.0071263649689681605,25,False,LOW,TOP_15_PERCENT_DAILY_COHORT,SUCCESS,reservation-no-show-v1.0,reservation-no-show-feature-v1.0,29,5
RES-107945f24a804e71a19d548ee45fe3d4,2026-10-22 18:00:00,True,0.004832988715688793,18,False,LOW,TOP_15_PERCENT_DAILY_COHORT,SUCCESS,reservation-no-show-v1.0,reservation-no-show-feature-v1.0,29,5
RES-947cceba2fcd5a16f4233efdefbb382a,2026-11-08 18:00:00,True,0.017825692978985428,5,True,HIGH,TOP_15_PERCENT_DAILY_COHORT,SUCCESS,reservation-no-show-v1.0,reservation-no-show-feature-v1.0,29,5
RES-81dbdd7c75417fd89a4d628b6a46dc3b,2026-11-25 18:00:00,True,0.007067569225815976,16,False,LOW,TOP_15_PERCENT_DAILY_COHORT,SUCCESS,reservation-no-show-v1.0,reservation-no-show-feature-v1.0,29,5
RES-530e3f23e5752bb14155a78c6509df65,2026-12-12 18:00:00,True,0.00795309955038173,13,False,LOW,TOP_15_PERCENT_DAILY_COHORT,SUCCESS,reservation-no-show-v1.0,reservation-no-show-feature-v1.0,29,5
RES-082ec65a44f7e6da77efd8f4e48a9bb8,2026-08-14 18:00:00,True,0.028551375928759837,1,True,HIGH,TOP_15_PERCENT_DAILY_COHORT,SUCCESS,reservation-no-show-v1.0,reservation-no-show-feature-v1.0,29,5
RES-bdc3cdd41da3d065191b2c1ab4c23203,2026-08-31 18:00:00,True,0.004402284771241655,23,False,LOW,TOP_15_PERCENT_DAILY_COHORT,SUCCESS,reservation-no-show-v1.0,reservation-no-show-feature-v1.0,29,5
RES-603177eaed8103b243fafefbd463e52a,2026-09-17 18:00:00,True,0.005327443543024324,17,False,LOW,TOP_15_PERCENT_DAILY_COHORT,SUCCESS,reservation-no-show-v1.0,reservation-no-show-feature-v1.0,29,5
RES-90902d4327a817890b6f095d5f96e023,2026-10-04 18:00:00,True,0.02182540089223539,9,False,LOW,TOP_15_PERCENT_DAILY_COHORT,SUCCESS,reservation-no-show-v1.0,reservation-no-show-feature-v1.0,29,5
RES-569084043b6f3dc15a25c2dce62428b4,2026-10-21 18:00:00,True,0.008420103613710974,15,False,LOW,TOP_15_PERCENT_DAILY_COHORT,SUCCESS,reservation-no-show-v1.0,reservation-no-show-feature-v1.0,29,5
RES-b944517c74de4ac15b6ef68c5a38c6b8,2026-11-07 18:00:00,True,0.004056288931689668,27,False,LOW,TOP_15_PERCENT_DAILY_COHORT,SUCCESS,reservation-no-show-v1.0,reservation-no-show-feature-v1.0,29,5
RES-01338a77448509f10168cc30c6f5b4c9,2026-11-24 18:00:00,True,0.019125888678086997,3,True,HIGH,TOP_15_PERCENT_DAILY_COHORT,SUCCESS,reservation-no-show-v1.0,reservation-no-show-feature-v1.0,29,5
RES-58c7476a7a00eb34f0df356848d8e790,2026-12-11 18:00:00,True,0.006424852195772518,28,False,LOW,TOP_15_PERCENT_DAILY_COHORT,SUCCESS,reservation-no-show-v1.0,reservation-no-show-feature-v1.0,29,5
RES-750ddb4b2cfe00f15bf66cdc88548856,2026-08-13 18:00:00,True,0.006541486533719427,23,False,LOW,TOP_15_PERCENT_DAILY_COHORT,SUCCESS,reservation-no-show-v1.0,reservation-no-show-feature-v1.0,29,5
RES-e25d78c9f76eead2674d567a64eb162a,2026-08-30 18:00:00,True,0.021896048540709496,10,False,LOW,TOP_15_PERCENT_DAILY_COHORT,SUCCESS,reservation-no-show-v1.0,reservation-no-show-feature-v1.0,29,5
RES-77b1506173436c63c069d5410c5a5682,2026-09-16 18:00:00,True,0.005727701329142396,14,False,LOW,TOP_15_PERCENT_DAILY_COHORT,SUCCESS,reservation-no-show-v1.0,reservation-no-show-feature-v1.0,29,5
RES-23850bc5844292d7c63716842c1e0dbe,2026-10-03 18:00:00,True,0.004921928463454569,20,False,LOW,TOP_15_PERCENT_DAILY_COHORT,SUCCESS,reservation-no-show-v1.0,reservation-no-show-feature-v1.0,29,5
RES-b3b4869cb1f29e597cd431ef10f856b2,2026-10-20 18:00:00,True,0.019384947017532527,10,False,LOW,TOP_15_PERCENT_DAILY_COHORT,SUCCESS,reservation-no-show-v1.0,reservation-no-show-feature-v1.0,29,5
RES-40c553fee453ccab5e5e62388083be05,2026-11-06 18:00:00,True,0.0077810225318194585,19,False,LOW,TOP_15_PERCENT_DAILY_COHORT,SUCCESS,reservation-no-show-v1.0,reservation-no-show-feature-v1.0,29,5
RES-bc9c3d9a96df753571da8694e6b42a6a,2026-11-23 18:00:00,True,0.0045410006452492446,22,False,LOW,TOP_15_PERCENT_DAILY_COHORT,SUCCESS,reservation-no-show-v1.0,reservation-no-show-feature-v1.0,29,5
RES-7f209d0380b7d00d1ca92fb722738ecf,2026-12-10 18:00:00,True,0.016928375331782826,7,False,LOW,TOP_15_PERCENT_DAILY_COHORT,SUCCESS,reservation-no-show-v1.0,reservation-no-show-feature-v1.0,29,5
RES-ee85f00a2b5aea7490d7da13f83ba0f5,2026-08-12 18:00:00,True,0.006313111990251152,11,False,LOW,TOP_15_PERCENT_DAILY_COHORT,SUCCESS,reservation-no-show-v1.0,reservation-no-show-feature-v1.0,29,5
RES-a9132664e9eee6d4f49c2bd60a4322bb,2026-08-29 18:00:00,True,0.007343344905052837,15,False,LOW,TOP_15_PERCENT_DAILY_COHORT,SUCCESS,reservation-no-show-v1.0,reservation-no-show-feature-v1.0,29,5
RES-e44dc356520779a3110fc16900f0fd74,2026-09-15 18:00:00,True,0.025720620311941077,5,True,HIGH,TOP_15_PERCENT_DAILY_COHORT,SUCCESS,reservation-no-show-v1.0,reservation-no-show-feature-v1.0,29,5
RES-68d9ddcd3951ec53f3366964132e01c3,2026-10-02 18:00:00,True,0.0043680037802880595,27,False,LOW,TOP_15_PERCENT_DAILY_COHORT,SUCCESS,reservation-no-show-v1.0,reservation-no-show-feature-v1.0,29,5
RES-8555deefe160ea3d8aec2a8014885b54,2026-10-19 18:00:00,True,0.006063675389544377,10,False,LOW,TOP_15_PERCENT_DAILY_COHORT,SUCCESS,reservation-no-show-v1.0,reservation-no-show-feature-v1.0,29,5
RES-3ade35b3213bde9ebf43d1fa3f1e84fc,2026-11-05 18:00:00,True,0.025028808862815954,4,True,HIGH,TOP_15_PERCENT_DAILY_COHORT,SUCCESS,reservation-no-show-v1.0,reservation-no-show-feature-v1.0,29,5
RES-94d72f165aebb347405beb9fdb368090,2026-11-22 18:00:00,True,0.007191154093748242,25,False,LOW,TOP_15_PERCENT_DAILY_COHORT,SUCCESS,reservation-no-show-v1.0,reservation-no-show-feature-v1.0,29,5
RES-0b5f2ca0ec9b77a63f3450e4b5f337f0,2026-12-09 18:00:00,True,0.004012396903010987,25,False,LOW,TOP_15_PERCENT_DAILY_COHORT,SUCCESS,reservation-no-show-v1.0,reservation-no-show-feature-v1.0,29,5
RES-b223b32fc0d2876dc146728376f21e54,2026-08-11 18:00:00,True,0.013234326222770576,9,False,LOW,TOP_15_PERCENT_DAILY_COHORT,SUCCESS,reservation-no-show-v1.0,reservation-no-show-feature-v1.0,29,5
RES-1965cefa48579426271122e5d1c59b64,2026-08-28 18:00:00,True,0.004830571824251446,27,False,LOW,TOP_15_PERCENT_DAILY_COHORT,SUCCESS,reservation-no-show-v1.0,reservation-no-show-feature-v1.0,29,5
RES-6adaa32046730a854f522d837610f73f,2026-09-14 18:00:00,True,0.006146916052745707,25,False,LOW,TOP_15_PERCENT_DAILY_COHORT,SUCCESS,reservation-no-show-v1.0,reservation-no-show-feature-v1.0,29,5
RES-bf6b47f440550a46008232aa6753c038,2026-10-01 18:00:00,True,0.025030856355386284,6,False,LOW,TOP_15_PERCENT_DAILY_COHORT,SUCCESS,reservation-no-show-v1.0,reservation-no-show-feature-v1.0,29,5
RES-bbcc36c5ac13b155b0ef83a7e6f86456,2026-10-18 18:00:00,True,0.004442418816022352,22,False,LOW,TOP_15_PERCENT_DAILY_COHORT,SUCCESS,reservation-no-show-v1.0,reservation-no-show-feature-v1.0,29,5
RES-645e6dcc7ec0ac5c1341996f167a505a,2026-11-04 18:00:00,True,0.004423271534338238,24,False,LOW,TOP_15_PERCENT_DAILY_COHORT,SUCCESS,reservation-no-show-v1.0,reservation-no-show-feature-v1.0,29,5
RES-c25462ff3e74f7be053467b05ef1495d,2026-11-21 18:00:00,True,0.021141749852325555,9,False,LOW,TOP_15_PERCENT_DAILY_COHORT,SUCCESS,reservation-no-show-v1.0,reservation-no-show-feature-v1.0,29,5
RES-6b2c5c81a282d7480ca517d7508efabc,2026-12-08 18:00:00,True,0.008469470147574171,14,False,LOW,TOP_15_PERCENT_DAILY_COHORT,SUCCESS,reservation-no-show-v1.0,reservation-no-show-feature-v1.0,29,5
RES-d8dd9ffec4febc14d902a2aa8ed5ec0b,2026-08-10 18:00:00,True,0.009916740727905915,11,False,LOW,TOP_15_PERCENT_DAILY_COHORT,SUCCESS,reservation-no-show-v1.0,reservation-no-show-feature-v1.0,30,5
RES-365391f741d1787a0ac6c75718ee9a3c,2026-08-27 18:00:00,True,0.01420447359003456,8,False,LOW,TOP_15_PERCENT_DAILY_COHORT,SUCCESS,reservation-no-show-v1.0,reservation-no-show-feature-v1.0,30,5
RES-1863b31b557fc2741be60f286e80deab,2026-09-13 18:00:00,True,0.004897111735238382,25,False,LOW,TOP_15_PERCENT_DAILY_COHORT,SUCCESS,reservation-no-show-v1.0,reservation-no-show-feature-v1.0,30,5
RES-28f7e3a586010d653c0d0125485d9806,2026-09-30 18:00:00,True,0.006579911942659048,23,False,LOW,TOP_15_PERCENT_DAILY_COHORT,SUCCESS,reservation-no-show-v1.0,reservation-no-show-feature-v1.0,30,5
RES-6f742e72fe4efd267cda93f67961df22,2026-10-17 18:00:00,True,0.025524587524976074,5,True,HIGH,TOP_15_PERCENT_DAILY_COHORT,SUCCESS,reservation-no-show-v1.0,reservation-no-show-feature-v1.0,30,5
RES-88a038e1b2d86351fbc1656941f20690,2026-11-03 18:00:00,True,0.0043207534009431555,25,False,LOW,TOP_15_PERCENT_DAILY_COHORT,SUCCESS,reservation-no-show-v1.0,reservation-no-show-feature-v1.0,30,5
RES-ae63eeb4fa09679af55fb46690a614e3,2026-11-20 18:00:00,True,0.0049667762789580815,22,False,LOW,TOP_15_PERCENT_DAILY_COHORT,SUCCESS,reservation-no-show-v1.0,reservation-no-show-feature-v1.0,30,5
RES-0683865f67442f388169a352caa00162,2026-12-07 18:00:00,True,0.021428134241184373,9,False,LOW,TOP_15_PERCENT_DAILY_COHORT,SUCCESS,reservation-no-show-v1.0,reservation-no-show-feature-v1.0,30,5
RES-9e0d79db5d07fd51c8cba36b8b903c93,2026-12-24 18:00:00,True,0.0068254424343003935,25,False,LOW,TOP_15_PERCENT_DAILY_COHORT,SUCCESS,reservation-no-show-v1.0,reservation-no-show-feature-v1.0,30,5
RES-b10356bd3f1ab91cc27df2647ebfc0e9,2026-08-09 18:00:00,True,0.007283090821437592,22,False,LOW,TOP_15_PERCENT_DAILY_COHORT,SUCCESS,reservation-no-show-v1.0,reservation-no-show-feature-v1.0,29,5
RES-e168bd16c84721b0a8c25b5194326d3a,2026-08-26 18:00:00,True,0.007264749014844378,25,False,LOW,TOP_15_PERCENT_DAILY_COHORT,SUCCESS,reservation-no-show-v1.0,reservation-no-show-feature-v1.0,29,5
RES-4a9738112a758b5013c035d91b9a365a,2026-09-12 18:00:00,True,0.014441924975977098,6,False,LOW,TOP_15_PERCENT_DAILY_COHORT,SUCCESS,reservation-no-show-v1.0,reservation-no-show-feature-v1.0,29,5
RES-ef58c5d5184fa53da1a55c795a123200,2026-09-29 18:00:00,True,0.005788505456013496,15,False,LOW,TOP_15_PERCENT_DAILY_COHORT,SUCCESS,reservation-no-show-v1.0,reservation-no-show-feature-v1.0,29,5
RES-7d45a145c8360039aa2e92bf989d11de,2026-10-16 18:00:00,True,0.009839125144127707,11,False,LOW,TOP_15_PERCENT_DAILY_COHORT,SUCCESS,reservation-no-show-v1.0,reservation-no-show-feature-v1.0,29,5
RES-db7d495427c6fa35a6a6a0cea58d5868,2026-11-02 18:00:00,True,0.021429893653326277,10,False,LOW,TOP_15_PERCENT_DAILY_COHORT,SUCCESS,reservation-no-show-v1.0,reservation-no-show-feature-v1.0,29,5
RES-d7a3d9dc1b1f20dcbbcb5ab1e55bf9a9,2026-11-19 18:00:00,True,0.0046405607581911056,20,False,LOW,TOP_15_PERCENT_DAILY_COHORT,SUCCESS,reservation-no-show-v1.0,reservation-no-show-feature-v1.0,29,5
RES-fe5ce2637c6b20756dca5d4415244664,2026-12-06 18:00:00,True,0.005541905984847382,16,False,LOW,TOP_15_PERCENT_DAILY_COHORT,SUCCESS,reservation-no-show-v1.0,reservation-no-show-feature-v1.0,29,5
RES-63246547face15940ca9a4222dc726a6,2026-12-23 18:00:00,True,0.020916863376118987,7,False,LOW,TOP_15_PERCENT_DAILY_COHORT,SUCCESS,reservation-no-show-v1.0,reservation-no-show-feature-v1.0,29,5
RES-731708d9c1e9fd0d51a967d49c7d7f17,2026-08-08 18:00:00,True,0.014463366926262352,10,False,LOW,TOP_15_PERCENT_DAILY_COHORT,SUCCESS,reservation-no-show-v1.0,reservation-no-show-feature-v1.0,29,5
RES-3b4606f57b5ba7f1f4207201d46f99aa,2026-08-25 18:00:00,True,0.007820438074627832,14,False,LOW,TOP_15_PERCENT_DAILY_COHORT,SUCCESS,reservation-no-show-v1.0,reservation-no-show-feature-v1.0,29,5
RES-5283e8f643e458b1464f57d8db4cb82a,2026-09-11 18:00:00,True,0.008943763724146736,12,False,LOW,TOP_15_PERCENT_DAILY_COHORT,SUCCESS,reservation-no-show-v1.0,reservation-no-show-feature-v1.0,29,5
RES-6fbeeb2f1c9497587b632a38d7395d6c,2026-09-28 18:00:00,True,0.014685431888248586,6,False,LOW,TOP_15_PERCENT_DAILY_COHORT,SUCCESS,reservation-no-show-v1.0,reservation-no-show-feature-v1.0,29,5
RES-3e1450878fb7eb901be25c62fb33d043,2026-10-15 18:00:00,True,0.005115429806024711,18,False,LOW,TOP_15_PERCENT_DAILY_COHORT,SUCCESS,reservation-no-show-v1.0,reservation-no-show-feature-v1.0,29,5
RES-1e207ed9e25499fab9cf0dd8d48c7d87,2026-11-01 18:00:00,True,0.00680448735455934,19,False,LOW,TOP_15_PERCENT_DAILY_COHORT,SUCCESS,reservation-no-show-v1.0,reservation-no-show-feature-v1.0,29,5
RES-58c4d7111a05b13a879cfc71b2d6bcb3,2026-11-18 18:00:00,True,0.030460668344009425,2,True,HIGH,TOP_15_PERCENT_DAILY_COHORT,SUCCESS,reservation-no-show-v1.0,reservation-no-show-feature-v1.0,29,5
RES-31a5f55c70e1a127ea81567ab45d5c2a,2026-12-05 18:00:00,True,0.004357733279317074,24,False,LOW,TOP_15_PERCENT_DAILY_COHORT,SUCCESS,reservation-no-show-v1.0,reservation-no-show-feature-v1.0,29,5
RES-698d9e7acab9669979f140bf2eb77748,2026-12-22 18:00:00,True,0.004913080709247872,21,False,LOW,TOP_15_PERCENT_DAILY_COHORT,SUCCESS,reservation-no-show-v1.0,reservation-no-show-feature-v1.0,29,5
RES-ca92d28bd9ab99bd5e3025043019ee8a,2026-08-07 18:00:00,True,0.004918494910345524,21,False,LOW,TOP_15_PERCENT_DAILY_COHORT,SUCCESS,reservation-no-show-v1.0,reservation-no-show-feature-v1.0,29,5
RES-3b83e05bda6d3d83ff2a1cce5debc85c,2026-08-24 18:00:00,True,0.016171493549004348,9,False,LOW,TOP_15_PERCENT_DAILY_COHORT,SUCCESS,reservation-no-show-v1.0,reservation-no-show-feature-v1.0,29,5
RES-24304deec5686135d2bcf15aec6a50e0,2026-09-10 18:00:00,True,0.005707506938692365,29,False,LOW,TOP_15_PERCENT_DAILY_COHORT,SUCCESS,reservation-no-show-v1.0,reservation-no-show-feature-v1.0,29,5
RES-024cfe2b1ed27a477d44b6117a812387,2026-09-27 18:00:00,True,0.008266483871975353,16,False,LOW,TOP_15_PERCENT_DAILY_COHORT,SUCCESS,reservation-no-show-v1.0,reservation-no-show-feature-v1.0,29,5
RES-2825ec1a8945eb26bb600e1f56849ad5,2026-10-14 18:00:00,True,0.01571038307208917,1,True,HIGH,TOP_15_PERCENT_DAILY_COHORT,SUCCESS,reservation-no-show-v1.0,reservation-no-show-feature-v1.0,29,5
RES-a50c71e702ee4be46fe84216b42cbbcd,2026-10-31 18:00:00,True,0.0042935353213235635,27,False,LOW,TOP_15_PERCENT_DAILY_COHORT,SUCCESS,reservation-no-show-v1.0,reservation-no-show-feature-v1.0,29,5
RES-80825c6ab97b805186562f03f306d1e6,2026-11-17 18:00:00,True,0.007306783096361508,18,False,LOW,TOP_15_PERCENT_DAILY_COHORT,SUCCESS,reservation-no-show-v1.0,reservation-no-show-feature-v1.0,29,5
RES-947a3cfc96d74ab4a8d781e13492b2e6,2026-12-04 18:00:00,True,0.025671640286690518,5,True,HIGH,TOP_15_PERCENT_DAILY_COHORT,SUCCESS,reservation-no-show-v1.0,reservation-no-show-feature-v1.0,29,5
RES-1e15c2ce821fd36ef3449933785372b9,2026-12-21 18:00:00,True,0.004360147408777873,26,False,LOW,TOP_15_PERCENT_DAILY_COHORT,SUCCESS,reservation-no-show-v1.0,reservation-no-show-feature-v1.0,29,5
RES-10886591cf4a12459999ddbb04175b9e,2026-08-06 18:00:00,True,0.006913312211731343,25,False,LOW,TOP_15_PERCENT_DAILY_COHORT,SUCCESS,reservation-no-show-v1.0,reservation-no-show-feature-v1.0,29,5
RES-ed2cc095b08f548677dd546d5f649632,2026-08-23 18:00:00,True,0.005108831358906059,20,False,LOW,TOP_15_PERCENT_DAILY_COHORT,SUCCESS,reservation-no-show-v1.0,reservation-no-show-feature-v1.0,29,5
RES-04614d76f0b542be90951740cb118f36,2026-09-09 18:00:00,True,0.01430848053428942,10,False,LOW,TOP_15_PERCENT_DAILY_COHORT,SUCCESS,reservation-no-show-v1.0,reservation-no-show-feature-v1.0,29,5
RES-cf14c65c95375388188c9b7a4c5550c8,2026-09-26 18:00:00,True,0.005822363124454307,29,False,LOW,TOP_15_PERCENT_DAILY_COHORT,SUCCESS,reservation-no-show-v1.0,reservation-no-show-feature-v1.0,29,5
RES-6f80c6b2c4cba4c28ded372c6c0db8c9,2026-10-13 18:00:00,True,0.008040933908569421,20,False,LOW,TOP_15_PERCENT_DAILY_COHORT,SUCCESS,reservation-no-show-v1.0,reservation-no-show-feature-v1.0,29,5
RES-7971dc201897949152d9a5b0bdc7645d,2026-10-30 18:00:00,True,0.014572247141670604,7,False,LOW,TOP_15_PERCENT_DAILY_COHORT,SUCCESS,reservation-no-show-v1.0,reservation-no-show-feature-v1.0,29,5
RES-5c5d06ae62c249514d4c6731baf45a1e,2026-11-16 18:00:00,True,0.005822533694751628,13,False,LOW,TOP_15_PERCENT_DAILY_COHORT,SUCCESS,reservation-no-show-v1.0,reservation-no-show-feature-v1.0,29,5
RES-4f01a6d7172d19aa4ea8ea8d6fa38d4f,2026-12-03 18:00:00,True,0.007107230790502343,19,False,LOW,TOP_15_PERCENT_DAILY_COHORT,SUCCESS,reservation-no-show-v1.0,reservation-no-show-feature-v1.0,29,5
RES-946c82589dbee8b66fc552df2062da49,2026-12-20 18:00:00,True,0.028664965662578056,2,True,HIGH,TOP_15_PERCENT_DAILY_COHORT,SUCCESS,reservation-no-show-v1.0,reservation-no-show-feature-v1.0,29,5
RES-55e19734a54f2e7a69664e869a879104,2026-08-05 18:00:00,True,0.030840857348614525,1,True,HIGH,TOP_15_PERCENT_DAILY_COHORT,SUCCESS,reservation-no-show-v1.0,reservation-no-show-feature-v1.0,29,5
RES-a4955bb31157ada8de1bc4a04ab5792b,2026-08-22 18:00:00,True,0.006408329299397326,27,False,LOW,TOP_15_PERCENT_DAILY_COHORT,SUCCESS,reservation-no-show-v1.0,reservation-no-show-feature-v1.0,29,5
RES-38771eae4eb3c2aadacc059b4f294a19,2026-09-08 18:00:00,True,0.004969005864732259,12,False,LOW,TOP_15_PERCENT_DAILY_COHORT,SUCCESS,reservation-no-show-v1.0,reservation-no-show-feature-v1.0,29,5
RES-323c80f90d43da60a423c5f752e96fe7,2026-09-25 18:00:00,True,0.0145938797163531,10,False,LOW,TOP_15_PERCENT_DAILY_COHORT,SUCCESS,reservation-no-show-v1.0,reservation-no-show-feature-v1.0,29,5
RES-0a897b167cb2c4a63881512aa79e3f91,2026-10-12 18:00:00,True,0.0071485893185459625,15,False,LOW,TOP_15_PERCENT_DAILY_COHORT,SUCCESS,reservation-no-show-v1.0,reservation-no-show-feature-v1.0,29,5
RES-fe4532a56045141d04dbdd337d901fa9,2026-10-29 18:00:00,True,0.0064795467196554525,27,False,LOW,TOP_15_PERCENT_DAILY_COHORT,SUCCESS,reservation-no-show-v1.0,reservation-no-show-feature-v1.0,29,5
RES-25bcb089b891a7313958c3a3a7a69b22,2026-11-15 18:00:00,True,0.016241490837331566,6,False,LOW,TOP_15_PERCENT_DAILY_COHORT,SUCCESS,reservation-no-show-v1.0,reservation-no-show-feature-v1.0,29,5
RES-aa658e747dfe6c823195c43c8021e737,2026-12-02 18:00:00,True,0.006232823015511681,15,False,LOW,TOP_15_PERCENT_DAILY_COHORT,SUCCESS,reservation-no-show-v1.0,reservation-no-show-feature-v1.0,29,5
RES-179f84feabeee5b3f91e92a972d6b85d,2026-12-19 18:00:00,True,0.008778134653566968,11,False,LOW,TOP_15_PERCENT_DAILY_COHORT,SUCCESS,reservation-no-show-v1.0,reservation-no-show-feature-v1.0,29,5
RES-3a0856d650f23641afd0f4700d6d98ea,2026-08-04 18:00:00,True,0.00497645437284814,24,False,LOW,TOP_15_PERCENT_DAILY_COHORT,SUCCESS,reservation-no-show-v1.0,reservation-no-show-feature-v1.0,29,5
RES-3809ec54a5430ce9d088f09fc25e1c52,2026-08-21 18:00:00,True,0.021601775238597114,7,False,LOW,TOP_15_PERCENT_DAILY_COHORT,SUCCESS,reservation-no-show-v1.0,reservation-no-show-feature-v1.0,29,5
RES-120249740ba9e0b6b5bca1ec46f75025,2026-09-07 18:00:00,True,0.007149184837551521,26,False,LOW,TOP_15_PERCENT_DAILY_COHORT,SUCCESS,reservation-no-show-v1.0,reservation-no-show-feature-v1.0,29,5
RES-b0fb07bca999a734feffb920a92d30a4,2026-09-24 18:00:00,True,0.004848500653845805,19,False,LOW,TOP_15_PERCENT_DAILY_COHORT,SUCCESS,reservation-no-show-v1.0,reservation-no-show-feature-v1.0,29,5
RES-6c9e0bb47af29cad6bafd4809296e2c9,2026-10-11 18:00:00,True,0.016265560510627844,9,False,LOW,TOP_15_PERCENT_DAILY_COHORT,SUCCESS,reservation-no-show-v1.0,reservation-no-show-feature-v1.0,29,5
RES-625e987f694af80ac95c125b071e3175,2026-10-28 18:00:00,True,0.005759471387527095,29,False,LOW,TOP_15_PERCENT_DAILY_COHORT,SUCCESS,reservation-no-show-v1.0,reservation-no-show-feature-v1.0,29,5
RES-01f41d15d38bc09b3ad3d9f042e63d37,2026-11-14 18:00:00,True,0.007978545494273553,14,False,LOW,TOP_15_PERCENT_DAILY_COHORT,SUCCESS,reservation-no-show-v1.0,reservation-no-show-feature-v1.0,29,5
RES-59dcec9e92b396c3016b0e2f383a79c6,2026-12-01 18:00:00,True,0.013067172058334648,10,False,LOW,TOP_15_PERCENT_DAILY_COHORT,SUCCESS,reservation-no-show-v1.0,reservation-no-show-feature-v1.0,29,5
RES-49acff9fbed2b59f4758bd87ea45a847,2026-12-18 18:00:00,True,0.005777257273285345,15,False,LOW,TOP_15_PERCENT_DAILY_COHORT,SUCCESS,reservation-no-show-v1.0,reservation-no-show-feature-v1.0,29,5
RES-a1487bc78ef192670e05a40ddca5404e,2026-08-03 18:00:00,True,0.005350483733961677,15,False,LOW,TOP_15_PERCENT_DAILY_COHORT,SUCCESS,reservation-no-show-v1.0,reservation-no-show-feature-v1.0,29,5
RES-4771f6752c6c56e32eb761d58e5e4f7e,2026-08-20 18:00:00,True,0.005344533958134545,21,False,LOW,TOP_15_PERCENT_DAILY_COHORT,SUCCESS,reservation-no-show-v1.0,reservation-no-show-feature-v1.0,29,5
RES-ef7a6e108e0eac4abcf8f39cf5cf0e19,2026-09-06 18:00:00,True,0.02405659038005068,5,True,HIGH,TOP_15_PERCENT_DAILY_COHORT,SUCCESS,reservation-no-show-v1.0,reservation-no-show-feature-v1.0,29,5
RES-21cc86d326a159a92c4361a99a5e1e4e,2026-09-23 18:00:00,True,0.006339148458103697,28,False,LOW,TOP_15_PERCENT_DAILY_COHORT,SUCCESS,reservation-no-show-v1.0,reservation-no-show-feature-v1.0,29,5
RES-fac5735c78a13c36108f5549e8209a57,2026-10-10 18:00:00,True,0.004479277642676701,20,False,LOW,TOP_15_PERCENT_DAILY_COHORT,SUCCESS,reservation-no-show-v1.0,reservation-no-show-feature-v1.0,29,5
RES-3f270892caf825262de0c31b2cb23b85,2026-10-27 18:00:00,True,0.015875469262263815,7,False,LOW,TOP_15_PERCENT_DAILY_COHORT,SUCCESS,reservation-no-show-v1.0,reservation-no-show-feature-v1.0,29,5
RES-487814f20f279e899b8d5933f84432bf,2026-11-13 18:00:00,True,0.008588361324406121,12,False,LOW,TOP_15_PERCENT_DAILY_COHORT,SUCCESS,reservation-no-show-v1.0,reservation-no-show-feature-v1.0,29,5
RES-dbb8383cb538e6b76fd734b4f12a934d,2026-11-30 18:00:00,True,0.007350282829908609,23,False,LOW,TOP_15_PERCENT_DAILY_COHORT,SUCCESS,reservation-no-show-v1.0,reservation-no-show-feature-v1.0,29,5
RES-cd19310b6edfc7c9946d329f8a0e5c81,2026-12-17 18:00:00,True,0.012752792253681613,10,False,LOW,TOP_15_PERCENT_DAILY_COHORT,SUCCESS,reservation-no-show-v1.0,reservation-no-show-feature-v1.0,29,5
RES-143142014aa36b3853d5200a888aae2e,2026-08-02 18:00:00,True,0.024058560302430355,7,False,LOW,TOP_15_PERCENT_DAILY_COHORT,SUCCESS,reservation-no-show-v1.0,reservation-no-show-feature-v1.0,29,5
RES-7a8ed9af73fac99e58830f06eef842ce,2026-08-19 18:00:00,True,0.005220775701750244,15,False,LOW,TOP_15_PERCENT_DAILY_COHORT,SUCCESS,reservation-no-show-v1.0,reservation-no-show-feature-v1.0,29,5
RES-674d0b9ffe7cc956d2e1126372adf215,2026-09-05 18:00:00,True,0.00493772444584224,23,False,LOW,TOP_15_PERCENT_DAILY_COHORT,SUCCESS,reservation-no-show-v1.0,reservation-no-show-feature-v1.0,29,5
RES-a438451b9e871363af8e7b047203c00b,2026-09-22 18:00:00,True,0.021372102275186308,7,False,LOW,TOP_15_PERCENT_DAILY_COHORT,SUCCESS,reservation-no-show-v1.0,reservation-no-show-feature-v1.0,29,5
RES-e1050bfd01775dc56828b8c94b813e4d,2026-10-09 18:00:00,True,0.006445977603261389,29,False,LOW,TOP_15_PERCENT_DAILY_COHORT,SUCCESS,reservation-no-show-v1.0,reservation-no-show-feature-v1.0,29,5
RES-698982048e2cb33226bd240469297374,2026-10-26 18:00:00,True,0.004138665833421162,28,False,LOW,TOP_15_PERCENT_DAILY_COHORT,SUCCESS,reservation-no-show-v1.0,reservation-no-show-feature-v1.0,29,5
RES-94773dd0ba95347dbbc015d39be46ca8,2026-11-12 18:00:00,True,0.020518938655585926,1,True,HIGH,TOP_15_PERCENT_DAILY_COHORT,SUCCESS,reservation-no-show-v1.0,reservation-no-show-feature-v1.0,29,5
RES-d27886b34b93706c1715ffc36d665bf4,2026-11-29 18:00:00,True,0.005956212677704646,28,False,LOW,TOP_15_PERCENT_DAILY_COHORT,SUCCESS,reservation-no-show-v1.0,reservation-no-show-feature-v1.0,29,5
RES-1672f9a5c2f6b2a4a1970ae1d1ec9ca9,2026-12-16 18:00:00,True,0.007892548103138754,17,False,LOW,TOP_15_PERCENT_DAILY_COHORT,SUCCESS,reservation-no-show-v1.0,reservation-no-show-feature-v1.0,29,5
RES-e53e2333131582cd601b94a3f5c3506d,2026-08-01 18:00:00,True,0.00667301284437434,23,False,LOW,TOP_15_PERCENT_DAILY_COHORT,SUCCESS,reservation-no-show-v1.0,reservation-no-show-feature-v1.0,29,5
RES-956dca4f0be927f07c403f191c1a8c1a,2026-08-18 18:00:00,True,0.023486034307885536,7,False,LOW,TOP_15_PERCENT_DAILY_COHORT,SUCCESS,reservation-no-show-v1.0,reservation-no-show-feature-v1.0,29,5
RES-4a1500715751e6ad96275a67f25b6ac0,2026-09-04 18:00:00,True,0.00438202987651471,25,False,LOW,TOP_15_PERCENT_DAILY_COHORT,SUCCESS,reservation-no-show-v1.0,reservation-no-show-feature-v1.0,29,5
RES-16cd45f1e015ec8e27f6855ac7b109c7,2026-09-21 18:00:00,True,0.005021796512286192,21,False,LOW,TOP_15_PERCENT_DAILY_COHORT,SUCCESS,reservation-no-show-v1.0,reservation-no-show-feature-v1.0,29,5
RES-cfc7acae0301af97da4db12cccb78b94,2026-10-08 18:00:00,True,0.022852917046469395,3,True,HIGH,TOP_15_PERCENT_DAILY_COHORT,SUCCESS,reservation-no-show-v1.0,reservation-no-show-feature-v1.0,29,5
RES-c0fb10d681a4122e91e0b79153ada206,2026-10-25 18:00:00,True,0.008734771741004734,15,False,LOW,TOP_15_PERCENT_DAILY_COHORT,SUCCESS,reservation-no-show-v1.0,reservation-no-show-feature-v1.0,29,5
RES-34a5ac2682112db138eadb683495bc2d,2026-11-11 18:00:00,True,0.006501912889078258,11,False,LOW,TOP_15_PERCENT_DAILY_COHORT,SUCCESS,reservation-no-show-v1.0,reservation-no-show-feature-v1.0,29,5
RES-fd27521b7e8d28c45a9cc5a6df69f9f1,2026-11-28 18:00:00,True,0.025262698019889437,1,True,HIGH,TOP_15_PERCENT_DAILY_COHORT,SUCCESS,reservation-no-show-v1.0,reservation-no-show-feature-v1.0,29,5
RES-c675200415412738e104f1311c80cbb0,2026-12-15 18:00:00,True,0.006480677737347561,24,False,LOW,TOP_15_PERCENT_DAILY_COHORT,SUCCESS,reservation-no-show-v1.0,reservation-no-show-feature-v1.0,29,5
RES-67571172b73da9d7fb9bb968937f5e05,2026-07-31 18:00:00,True,0.005316813626856756,20,False,LOW,TOP_15_PERCENT_DAILY_COHORT,SUCCESS,reservation-no-show-v1.0,reservation-no-show-feature-v1.0,29,5
RES-1d3508bf34072da0ef5d51a203985060,2026-08-17 18:00:00,True,0.0066450716556276145,24,False,LOW,TOP_15_PERCENT_DAILY_COHORT,SUCCESS,reservation-no-show-v1.0,reservation-no-show-feature-v1.0,29,5
RES-0fa1b526416303bc2dfd31f265d2353c,2026-09-03 18:00:00,True,0.022854790711847813,8,False,LOW,TOP_15_PERCENT_DAILY_COHORT,SUCCESS,reservation-no-show-v1.0,reservation-no-show-feature-v1.0,29,5
RES-244fae0765486647f1a12c9e0f9f1c7e,2026-09-20 18:00:00,True,0.005399215287902272,16,False,LOW,TOP_15_PERCENT_DAILY_COHORT,SUCCESS,reservation-no-show-v1.0,reservation-no-show-feature-v1.0,29,5
RES-8fc7c863b9937657cfef538239e18398,2026-10-07 18:00:00,True,0.005916780799121408,11,False,LOW,TOP_15_PERCENT_DAILY_COHORT,SUCCESS,reservation-no-show-v1.0,reservation-no-show-feature-v1.0,29,5
RES-acc13551a37571a1f54b4a4842672915,2026-10-24 18:00:00,True,0.02330471544373741,5,True,HIGH,TOP_15_PERCENT_DAILY_COHORT,SUCCESS,reservation-no-show-v1.0,reservation-no-show-feature-v1.0,29,5
RES-1fc55a830874f246f4d580ff01c65197,2026-11-10 18:00:00,True,0.00637639293961072,28,False,LOW,TOP_15_PERCENT_DAILY_COHORT,SUCCESS,reservation-no-show-v1.0,reservation-no-show-feature-v1.0,29,5
RES-856a4321eec4efe0216085c9b394f05b,2026-11-27 18:00:00,True,0.004106429200002546,26,False,LOW,TOP_15_PERCENT_DAILY_COHORT,SUCCESS,reservation-no-show-v1.0,reservation-no-show-feature-v1.0,29,5
RES-f355c383ccf39e7ccb9bd663aa46d7e9,2026-12-14 18:00:00,True,0.01755537715987191,6,False,LOW,TOP_15_PERCENT_DAILY_COHORT,SUCCESS,reservation-no-show-v1.0,reservation-no-show-feature-v1.0,29,5
RES-ab6f5f7c5432e133c13467de3e4a4c7b,2026-07-30 18:00:00,True,0.01566906292868235,4,True,HIGH,TOP_15_PERCENT_DAILY_COHORT,SUCCESS,reservation-no-show-v1.0,reservation-no-show-feature-v1.0,29,5
RES-3a4d95d8036faa7941111232e627020b,2026-08-16 18:00:00,True,0.005407305172717916,17,False,LOW,TOP_15_PERCENT_DAILY_COHORT,SUCCESS,reservation-no-show-v1.0,reservation-no-show-feature-v1.0,29,5
RES-f0583fb240af117278b5ef46da6094cc,2026-09-02 18:00:00,True,0.00879517378768879,11,False,LOW,TOP_15_PERCENT_DAILY_COHORT,SUCCESS,reservation-no-show-v1.0,reservation-no-show-feature-v1.0,29,5
RES-6710dc3bd6b69de4d5b15420b6a4912f,2026-09-19 18:00:00,True,0.02560480240704013,4,True,HIGH,TOP_15_PERCENT_DAILY_COHORT,SUCCESS,reservation-no-show-v1.0,reservation-no-show-feature-v1.0,29,5
RES-a5a994a728a091e2594ae643838fd80e,2026-10-06 18:00:00,True,0.007000246351560685,11,False,LOW,TOP_15_PERCENT_DAILY_COHORT,SUCCESS,reservation-no-show-v1.0,reservation-no-show-feature-v1.0,29,5
RES-68039eb0980c4944a286a4a8974f838e,2026-10-23 18:00:00,True,0.00603582278534142,14,False,LOW,TOP_15_PERCENT_DAILY_COHORT,SUCCESS,reservation-no-show-v1.0,reservation-no-show-feature-v1.0,29,5
RES-3d4f54f801eb5d5b08652d8322569cc6,2026-11-09 18:00:00,True,0.01955898919253516,10,False,LOW,TOP_15_PERCENT_DAILY_COHORT,SUCCESS,reservation-no-show-v1.0,reservation-no-show-feature-v1.0,29,5
RES-a5f7eb163cf37c4555f0216915e2e920,2026-11-26 18:00:00,True,0.00753501300062722,17,False,LOW,TOP_15_PERCENT_DAILY_COHORT,SUCCESS,reservation-no-show-v1.0,reservation-no-show-feature-v1.0,29,5
RES-c49d44f551d76ebda0bb91da85c527bc,2026-12-13 18:00:00,True,0.004582393492072169,21,False,LOW,TOP_15_PERCENT_DAILY_COHORT,SUCCESS,reservation-no-show-v1.0,reservation-no-show-feature-v1.0,29,5
RES-f10cbbb29c13cc9aad2961ee5b4926c4,2026-07-29 18:00:00,True,0.007288008760661159,17,False,LOW,TOP_15_PERCENT_DAILY_COHORT,SUCCESS,reservation-no-show-v1.0,reservation-no-show-feature-v1.0,29,5
RES-5e50535aa588fd5db519f4d119b92a3d,2026-08-15 18:00:00,True,0.013173972847617602,9,False,LOW,TOP_15_PERCENT_DAILY_COHORT,SUCCESS,reservation-no-show-v1.0,reservation-no-show-feature-v1.0,29,5
RES-adc34cee49824bf822e7c6635a476f13,2026-09-01 18:00:00,True,0.007010718223267349,12,False,LOW,TOP_15_PERCENT_DAILY_COHORT,SUCCESS,reservation-no-show-v1.0,reservation-no-show-feature-v1.0,29,5
RES-ee07a2c0e888f57d2698214aaa3a00b8,2026-09-18 18:00:00,True,0.01085857170712055,11,False,LOW,TOP_15_PERCENT_DAILY_COHORT,SUCCESS,reservation-no-show-v1.0,reservation-no-show-feature-v1.0,29,5
RES-7ec511e1c81b5b1fa880cf2a253bef55,2026-10-05 18:00:00,True,0.03769887285113498,1,True,HIGH,TOP_15_PERCENT_DAILY_COHORT,SUCCESS,reservation-no-show-v1.0,reservation-no-show-feature-v1.0,29,5
RES-eaa4ebcd9cb7c1796460aedc7f580674,2026-10-22 18:00:00,True,0.0038422604458000836,28,False,LOW,TOP_15_PERCENT_DAILY_COHORT,SUCCESS,reservation-no-show-v1.0,reservation-no-show-feature-v1.0,29,5
RES-3c99aa54424b306f3c69e34a69fe0f90,2026-11-08 18:00:00,True,0.0061188626463155,12,False,LOW,TOP_15_PERCENT_DAILY_COHORT,SUCCESS,reservation-no-show-v1.0,reservation-no-show-feature-v1.0,29,5
RES-a88864449ab23d25abbacee6f7f16ab0,2026-11-25 18:00:00,True,0.01909144566978123,10,False,LOW,TOP_15_PERCENT_DAILY_COHORT,SUCCESS,reservation-no-show-v1.0,reservation-no-show-feature-v1.0,29,5
RES-975617669b46b8ba405090213d05e8d0,2026-12-12 18:00:00,True,0.006326837078966969,27,False,LOW,TOP_15_PERCENT_DAILY_COHORT,SUCCESS,reservation-no-show-v1.0,reservation-no-show-feature-v1.0,29,5
RES-465616d1863841fb9913896c46b1cb86,2026-07-28 18:00:00,True,0.005886805180521663,29,False,LOW,TOP_15_PERCENT_DAILY_COHORT,SUCCESS,reservation-no-show-v1.0,reservation-no-show-feature-v1.0,29,5
RES-62dd56c685d6e0ef0634285899481e0c,2026-08-14 18:00:00,True,0.008154537503417244,18,False,LOW,TOP_15_PERCENT_DAILY_COHORT,SUCCESS,reservation-no-show-v1.0,reservation-no-show-feature-v1.0,29,5
RES-50b4428c16869e22e77f2704dbe5f068,2026-08-31 18:00:00,True,0.013353898817735773,8,False,LOW,TOP_15_PERCENT_DAILY_COHORT,SUCCESS,reservation-no-show-v1.0,reservation-no-show-feature-v1.0,29,5
RES-d46bd9050d257af29c757a9062a1bd7b,2026-09-17 18:00:00,True,0.004662438673855922,28,False,LOW,TOP_15_PERCENT_DAILY_COHORT,SUCCESS,reservation-no-show-v1.0,reservation-no-show-feature-v1.0,29,5
RES-e5b5e89026b1b52541a90d0f54380a74,2026-10-04 18:00:00,True,0.008265796058059756,14,False,LOW,TOP_15_PERCENT_DAILY_COHORT,SUCCESS,reservation-no-show-v1.0,reservation-no-show-feature-v1.0,29,5
RES-ef311dac1fe03cf2a60450e1b11bbc89,2026-10-21 18:00:00,True,0.02533367074836862,6,False,LOW,TOP_15_PERCENT_DAILY_COHORT,SUCCESS,reservation-no-show-v1.0,reservation-no-show-feature-v1.0,29,5
RES-16039670c0594293650f6ee2be389855,2026-11-07 18:00:00,True,0.005210624945578322,13,False,LOW,TOP_15_PERCENT_DAILY_COHORT,SUCCESS,reservation-no-show-v1.0,reservation-no-show-feature-v1.0,29,5
RES-23a5039a32cd88e90c1c75b6c176ed6c,2026-11-24 18:00:00,True,0.005424928764864658,14,False,LOW,TOP_15_PERCENT_DAILY_COHORT,SUCCESS,reservation-no-show-v1.0,reservation-no-show-feature-v1.0,29,5
RES-45ee75ad72981ce216f7699148319127,2026-12-11 18:00:00,True,0.021331221869224707,7,False,LOW,TOP_15_PERCENT_DAILY_COHORT,SUCCESS,reservation-no-show-v1.0,reservation-no-show-feature-v1.0,29,5
RES-c4fc305f5e8461900091cbb35b137617,2026-08-13 18:00:00,True,0.007631312069071115,12,False,LOW,TOP_15_PERCENT_DAILY_COHORT,SUCCESS,reservation-no-show-v1.0,reservation-no-show-feature-v1.0,29,5
RES-bf5713e8e0b56f78e6dd4d15d22a553a,2026-08-30 18:00:00,True,0.007536568493960822,25,False,LOW,TOP_15_PERCENT_DAILY_COHORT,SUCCESS,reservation-no-show-v1.0,reservation-no-show-feature-v1.0,29,5
RES-01cae159270a978def5616ef35419d80,2026-09-16 18:00:00,True,0.01576025415003222,6,False,LOW,TOP_15_PERCENT_DAILY_COHORT,SUCCESS,reservation-no-show-v1.0,reservation-no-show-feature-v1.0,29,5
RES-0c6f584bf5a9471e72fabe0b10ed1bf9,2026-10-03 18:00:00,True,0.004307323326404034,29,False,LOW,TOP_15_PERCENT_DAILY_COHORT,SUCCESS,reservation-no-show-v1.0,reservation-no-show-feature-v1.0,29,5
RES-77a2336f328ef7c0d8a663327a0da4f8,2026-10-20 18:00:00,True,0.0073301764301213455,17,False,LOW,TOP_15_PERCENT_DAILY_COHORT,SUCCESS,reservation-no-show-v1.0,reservation-no-show-feature-v1.0,29,5
RES-9ae1dff86baa8d365f32616cf0f1c5e5,2026-11-06 18:00:00,True,0.025752305091547238,6,False,LOW,TOP_15_PERCENT_DAILY_COHORT,SUCCESS,reservation-no-show-v1.0,reservation-no-show-feature-v1.0,29,5
RES-49c4d22b4210dedb4baba076f69a26a9,2026-11-23 18:00:00,True,0.005299318801261694,13,False,LOW,TOP_15_PERCENT_DAILY_COHORT,SUCCESS,reservation-no-show-v1.0,reservation-no-show-feature-v1.0,29,5
RES-479717e927ba4cd5edfdec7df902122f,2026-12-10 18:00:00,True,0.005276497767361063,16,False,LOW,TOP_15_PERCENT_DAILY_COHORT,SUCCESS,reservation-no-show-v1.0,reservation-no-show-feature-v1.0,29,5
RES-394dc69a84385a330cca1ae6188021bd,2026-08-12 18:00:00,True,0.017353164671568094,5,True,HIGH,TOP_15_PERCENT_DAILY_COHORT,SUCCESS,reservation-no-show-v1.0,reservation-no-show-feature-v1.0,29,5
RES-70de687b7166b9c3309b7ead16541847,2026-08-29 18:00:00,True,0.006428328874207303,24,False,LOW,TOP_15_PERCENT_DAILY_COHORT,SUCCESS,reservation-no-show-v1.0,reservation-no-show-feature-v1.0,29,5
RES-d2462ac16ef3b2a53fd45437b72012aa,2026-09-15 18:00:00,True,0.007330786964694687,26,False,LOW,TOP_15_PERCENT_DAILY_COHORT,SUCCESS,reservation-no-show-v1.0,reservation-no-show-feature-v1.0,29,5
RES-fb5cebfb9ed9d18ba0b15c52eff9ad84,2026-10-02 18:00:00,True,0.013250838556859238,8,False,LOW,TOP_15_PERCENT_DAILY_COHORT,SUCCESS,reservation-no-show-v1.0,reservation-no-show-feature-v1.0,29,5
RES-020631903dc78743689a31d8316bfe5f,2026-10-19 18:00:00,True,0.004821887498725107,22,False,LOW,TOP_15_PERCENT_DAILY_COHORT,SUCCESS,reservation-no-show-v1.0,reservation-no-show-feature-v1.0,29,5
RES-a6d96ac2314300849f22f72e14f269d6,2026-11-05 18:00:00,True,0.006479006616745291,24,False,LOW,TOP_15_PERCENT_DAILY_COHORT,SUCCESS,reservation-no-show-v1.0,reservation-no-show-feature-v1.0,29,5
RES-9a042d88000f437942c3c44ba381a559,2026-11-22 18:00:00,True,0.021690114029582954,9,False,LOW,TOP_15_PERCENT_DAILY_COHORT,SUCCESS,reservation-no-show-v1.0,reservation-no-show-feature-v1.0,29,5
RES-c63a9d3b3e9ed0d8b2ae6366a612c155,2026-12-09 18:00:00,True,0.003864891988315006,28,False,LOW,TOP_15_PERCENT_DAILY_COHORT,SUCCESS,reservation-no-show-v1.0,reservation-no-show-feature-v1.0,29,5
RES-b65b8b924036c7f7607b53c7c018d1e2,2026-08-11 18:00:00,True,0.0054866481158931365,13,False,LOW,TOP_15_PERCENT_DAILY_COHORT,SUCCESS,reservation-no-show-v1.0,reservation-no-show-feature-v1.0,29,5
RES-ae12772756583f7087cde64a1f31d574,2026-08-28 18:00:00,True,0.01609796413204813,8,False,LOW,TOP_15_PERCENT_DAILY_COHORT,SUCCESS,reservation-no-show-v1.0,reservation-no-show-feature-v1.0,29,5
RES-92aa7d5cae8ba185b038b3a1e1064888,2026-09-14 18:00:00,True,0.0059214078411529755,29,False,LOW,TOP_15_PERCENT_DAILY_COHORT,SUCCESS,reservation-no-show-v1.0,reservation-no-show-feature-v1.0,29,5
RES-7d5563484941c44a119e743c61c97ed4,2026-10-01 18:00:00,True,0.0064795467196554525,28,False,LOW,TOP_15_PERCENT_DAILY_COHORT,SUCCESS,reservation-no-show-v1.0,reservation-no-show-feature-v1.0,29,5
RES-285afb2b20148ccbb34cdad86e2985b2,2026-10-18 18:00:00,True,0.016293019957393313,4,True,HIGH,TOP_15_PERCENT_DAILY_COHORT,SUCCESS,reservation-no-show-v1.0,reservation-no-show-feature-v1.0,29,5
RES-93eac45c5a3a2619356f74e83f232582,2026-11-04 18:00:00,True,0.00426072654187438,29,False,LOW,TOP_15_PERCENT_DAILY_COHORT,SUCCESS,reservation-no-show-v1.0,reservation-no-show-feature-v1.0,29,5
RES-f7198e024927afb627a04d247a9c3385,2026-11-21 18:00:00,True,0.00800340603947946,14,False,LOW,TOP_15_PERCENT_DAILY_COHORT,SUCCESS,reservation-no-show-v1.0,reservation-no-show-feature-v1.0,29,5
RES-997695e8cf6a4b58fa99f4c1a5757f42,2026-12-08 18:00:00,True,0.021106096818584653,9,False,LOW,TOP_15_PERCENT_DAILY_COHORT,SUCCESS,reservation-no-show-v1.0,reservation-no-show-feature-v1.0,29,5
RES-a1420ef38dfe4b90d96c7182c18fbbf5,2026-08-10 18:00:00,True,0.006517276592622063,29,False,LOW,TOP_15_PERCENT_DAILY_COHORT,SUCCESS,reservation-no-show-v1.0,reservation-no-show-feature-v1.0,30,5
RES-40f124719321f6d3e5a3140d55eee448,2026-08-27 18:00:00,True,0.005241985663247869,14,False,LOW,TOP_15_PERCENT_DAILY_COHORT,SUCCESS,reservation-no-show-v1.0,reservation-no-show-feature-v1.0,30,5
RES-091a6188bc648c3c1070ffc6dc0b76fb,2026-09-13 18:00:00,True,0.017938796425887988,5,True,HIGH,TOP_15_PERCENT_DAILY_COHORT,SUCCESS,reservation-no-show-v1.0,reservation-no-show-feature-v1.0,30,5
RES-dc70c96aea9410230c630184987c548c,2026-09-30 18:00:00,True,0.006975596774616463,21,False,LOW,TOP_15_PERCENT_DAILY_COHORT,SUCCESS,reservation-no-show-v1.0,reservation-no-show-feature-v1.0,30,5
RES-1fd3cfd1f5aba99d39157786c809f251,2026-10-17 18:00:00,True,0.007273868071924614,22,False,LOW,TOP_15_PERCENT_DAILY_COHORT,SUCCESS,reservation-no-show-v1.0,reservation-no-show-feature-v1.0,30,5
RES-f0daea83305ddae762c6bb79cc74d3eb,2026-11-03 18:00:00,True,0.015851967541601675,5,True,HIGH,TOP_15_PERCENT_DAILY_COHORT,SUCCESS,reservation-no-show-v1.0,reservation-no-show-feature-v1.0,30,5
RES-86db5d6ce166bbd5485484faf2741201,2026-11-20 18:00:00,True,0.004784354725189401,24,False,LOW,TOP_15_PERCENT_DAILY_COHORT,SUCCESS,reservation-no-show-v1.0,reservation-no-show-feature-v1.0,30,5
RES-62e6d0a7bfb299612c9a4e7a1b571169,2026-12-07 18:00:00,True,0.006700161311425183,22,False,LOW,TOP_15_PERCENT_DAILY_COHORT,SUCCESS,reservation-no-show-v1.0,reservation-no-show-feature-v1.0,30,5
RES-6c682094ae8ed6893b066b322fc4f77b,2026-12-24 18:00:00,True,0.030004604062033854,2,True,HIGH,TOP_15_PERCENT_DAILY_COHORT,SUCCESS,reservation-no-show-v1.0,reservation-no-show-feature-v1.0,30,5
RES-9d501845b2e5fa94f49c54e2360bfa6e,2026-08-09 18:00:00,True,0.024132306106955003,4,True,HIGH,TOP_15_PERCENT_DAILY_COHORT,SUCCESS,reservation-no-show-v1.0,reservation-no-show-feature-v1.0,29,5
RES-2d1041201049d841a2c49bc9fa039e64,2026-08-26 18:00:00,True,0.006998520317075202,28,False,LOW,TOP_15_PERCENT_DAILY_COHORT,SUCCESS,reservation-no-show-v1.0,reservation-no-show-feature-v1.0,29,5
RES-cc22202f5c2a7b018977a7a2ec21f807,2026-09-12 18:00:00,True,0.005443969261520225,12,False,LOW,TOP_15_PERCENT_DAILY_COHORT,SUCCESS,reservation-no-show-v1.0,reservation-no-show-feature-v1.0,29,5
RES-9b9148baf1809049c3b5cb794eec920f,2026-09-29 18:00:00,True,0.015925855911051834,6,False,LOW,TOP_15_PERCENT_DAILY_COHORT,SUCCESS,reservation-no-show-v1.0,reservation-no-show-feature-v1.0,29,5
RES-ab1f569ec5ced3cdac99f5184a3d5aca,2026-10-16 18:00:00,True,0.007115788998324709,18,False,LOW,TOP_15_PERCENT_DAILY_COHORT,SUCCESS,reservation-no-show-v1.0,reservation-no-show-feature-v1.0,29,5
RES-06de354d7c657a4f6114787c092c8c90,2026-11-02 18:00:00,True,0.006700719725892287,26,False,LOW,TOP_15_PERCENT_DAILY_COHORT,SUCCESS,reservation-no-show-v1.0,reservation-no-show-feature-v1.0,29,5
RES-9a2432a0ee9992fb4b4cc9ee6578db12,2026-11-19 18:00:00,True,0.014069838507746003,6,False,LOW,TOP_15_PERCENT_DAILY_COHORT,SUCCESS,reservation-no-show-v1.0,reservation-no-show-feature-v1.0,29,5
RES-cfa147663933230cad49dee15d333fff,2026-12-06 18:00:00,True,0.004850261110074704,28,False,LOW,TOP_15_PERCENT_DAILY_COHORT,SUCCESS,reservation-no-show-v1.0,reservation-no-show-feature-v1.0,29,5
RES-2c9581249acf52272d717e16d31b9e9b,2026-12-23 18:00:00,True,0.009584473453721924,11,False,LOW,TOP_15_PERCENT_DAILY_COHORT,SUCCESS,reservation-no-show-v1.0,reservation-no-show-feature-v1.0,29,5
RES-8efdc3d503463ebf4c8f3e1db808d156,2026-08-08 18:00:00,True,0.006000555559202755,13,False,LOW,TOP_15_PERCENT_DAILY_COHORT,SUCCESS,reservation-no-show-v1.0,reservation-no-show-feature-v1.0,29,5
RES-7071501e2a9c28597eb225342829b5d2,2026-08-25 18:00:00,True,0.021439554454020505,9,False,LOW,TOP_15_PERCENT_DAILY_COHORT,SUCCESS,reservation-no-show-v1.0,reservation-no-show-feature-v1.0,29,5
RES-909ca9d316dd80764992142959b3a023,2026-09-11 18:00:00,True,0.006466632942454984,27,False,LOW,TOP_15_PERCENT_DAILY_COHORT,SUCCESS,reservation-no-show-v1.0,reservation-no-show-feature-v1.0,29,5
RES-b94d4b31d953d232fff4cb2bf2661b3a,2026-09-28 18:00:00,True,0.004570205366345042,21,False,LOW,TOP_15_PERCENT_DAILY_COHORT,SUCCESS,reservation-no-show-v1.0,reservation-no-show-feature-v1.0,29,5
RES-c7708fdc81cef27c5cec5fd4317327c0,2026-10-15 18:00:00,True,0.015494586080657359,8,False,LOW,TOP_15_PERCENT_DAILY_COHORT,SUCCESS,reservation-no-show-v1.0,reservation-no-show-feature-v1.0,29,5
RES-e74997b94a64674f4a10d8cbee348308,2026-11-01 18:00:00,True,0.006555014330874124,26,False,LOW,TOP_15_PERCENT_DAILY_COHORT,SUCCESS,reservation-no-show-v1.0,reservation-no-show-feature-v1.0,29,5
RES-e8e794ac23d2f05708f7741229949e15,2026-11-18 18:00:00,True,0.007195411011047145,22,False,LOW,TOP_15_PERCENT_DAILY_COHORT,SUCCESS,reservation-no-show-v1.0,reservation-no-show-feature-v1.0,29,5
RES-3b8aa17dc9cfbb6d1175bfe284eb4ec8,2026-12-05 18:00:00,True,0.017294233252978117,4,True,HIGH,TOP_15_PERCENT_DAILY_COHORT,SUCCESS,reservation-no-show-v1.0,reservation-no-show-feature-v1.0,29,5
RES-6c7bd69f8b61f642b2add22eaf229d53,2026-12-22 18:00:00,True,0.004732621925734592,26,False,LOW,TOP_15_PERCENT_DAILY_COHORT,SUCCESS,reservation-no-show-v1.0,reservation-no-show-feature-v1.0,29,5
RES-5df3bcbac711efa2a1cb41054e85d0d5,2026-08-07 18:00:00,True,0.004396100813071177,26,False,LOW,TOP_15_PERCENT_DAILY_COHORT,SUCCESS,reservation-no-show-v1.0,reservation-no-show-feature-v1.0,29,5
RES-ea9809ff21f314fb770324a26775ec06,2026-08-24 18:00:00,True,0.004577058824882973,28,False,LOW,TOP_15_PERCENT_DAILY_COHORT,SUCCESS,reservation-no-show-v1.0,reservation-no-show-feature-v1.0,29,5
RES-e904097225555b48150bae188a1da078,2026-09-10 18:00:00,True,0.018981351388714884,8,False,LOW,TOP_15_PERCENT_DAILY_COHORT,SUCCESS,reservation-no-show-v1.0,reservation-no-show-feature-v1.0,29,5
RES-b710a96887ef57150ac61170bea4ee6a,2026-09-27 18:00:00,True,0.007237278938730523,23,False,LOW,TOP_15_PERCENT_DAILY_COHORT,SUCCESS,reservation-no-show-v1.0,reservation-no-show-feature-v1.0,29,5
RES-afa51092f1f4d9a023764f2a10757b25,2026-10-14 18:00:00,True,0.004445055861232639,24,False,LOW,TOP_15_PERCENT_DAILY_COHORT,SUCCESS,reservation-no-show-v1.0,reservation-no-show-feature-v1.0,29,5
RES-571d5dfdaa98fc15752c1e298eb25d5c,2026-10-31 18:00:00,True,0.020925582823140425,1,True,HIGH,TOP_15_PERCENT_DAILY_COHORT,SUCCESS,reservation-no-show-v1.0,reservation-no-show-feature-v1.0,29,5
RES-9ec310a6fe6dd1a0830726e32166a7b0,2026-11-17 18:00:00,True,0.0063962934867587435,27,False,LOW,TOP_15_PERCENT_DAILY_COHORT,SUCCESS,reservation-no-show-v1.0,reservation-no-show-feature-v1.0,29,5
RES-e76d4de1840f80b9944062ea68e8335a,2026-12-04 18:00:00,True,0.007316563886527999,23,False,LOW,TOP_15_PERCENT_DAILY_COHORT,SUCCESS,reservation-no-show-v1.0,reservation-no-show-feature-v1.0,29,5
RES-efa387c87f704ee2d309fc93f73c649e,2026-12-21 18:00:00,True,0.014546305378817043,8,False,LOW,TOP_15_PERCENT_DAILY_COHORT,SUCCESS,reservation-no-show-v1.0,reservation-no-show-feature-v1.0,29,5
RES-63bf20e46806c092f8eda3e839502187,2026-08-06 18:00:00,True,0.0251885039011193,6,False,LOW,TOP_15_PERCENT_DAILY_COHORT,SUCCESS,reservation-no-show-v1.0,reservation-no-show-feature-v1.0,29,5
RES-ae829e82861fda642c2b6b945c44cb58,2026-08-23 18:00:00,True,0.004061788103880344,28,False,LOW,TOP_15_PERCENT_DAILY_COHORT,SUCCESS,reservation-no-show-v1.0,reservation-no-show-feature-v1.0,29,5
RES-d73bdc99d24851f92523b6597cdd605e,2026-09-09 18:00:00,True,0.005393211616071198,17,False,LOW,TOP_15_PERCENT_DAILY_COHORT,SUCCESS,reservation-no-show-v1.0,reservation-no-show-feature-v1.0,29,5
RES-ea827aa87825e3dd4beee263ebe5487a,2026-09-26 18:00:00,True,0.023378121405905474,6,False,LOW,TOP_15_PERCENT_DAILY_COHORT,SUCCESS,reservation-no-show-v1.0,reservation-no-show-feature-v1.0,29,5
RES-382255a9fd05841977a6817245496a3e,2026-10-13 18:00:00,True,0.011349720442175337,12,False,LOW,TOP_15_PERCENT_DAILY_COHORT,SUCCESS,reservation-no-show-v1.0,reservation-no-show-feature-v1.0,29,5
RES-6bb71e0530129b77520d78ee1b930915,2026-10-30 18:00:00,True,0.0041196188295590025,27,False,LOW,TOP_15_PERCENT_DAILY_COHORT,SUCCESS,reservation-no-show-v1.0,reservation-no-show-feature-v1.0,29,5
RES-802653107b85a86403838d3533c6f6a0,2026-11-16 18:00:00,True,0.021276051398663235,1,True,HIGH,TOP_15_PERCENT_DAILY_COHORT,SUCCESS,reservation-no-show-v1.0,reservation-no-show-feature-v1.0,29,5
RES-228ade6851df5bb18c7d5dba7ed259d6,2026-12-03 18:00:00,True,0.00753438558646397,15,False,LOW,TOP_15_PERCENT_DAILY_COHORT,SUCCESS,reservation-no-show-v1.0,reservation-no-show-feature-v1.0,29,5
RES-c4c66f63116204de839509613152c5b2,2026-12-20 18:00:00,True,0.009008768878090314,15,False,LOW,TOP_15_PERCENT_DAILY_COHORT,SUCCESS,reservation-no-show-v1.0,reservation-no-show-feature-v1.0,29,5
RES-9164e72560692cdca8d4d8c9111b25e4,2026-08-05 18:00:00,True,0.00601724569652019,24,False,LOW,TOP_15_PERCENT_DAILY_COHORT,SUCCESS,reservation-no-show-v1.0,reservation-no-show-feature-v1.0,29,5
RES-51467d4a94b8057b0c715505ed8b6794,2026-08-22 18:00:00,True,0.02338003710144783,7,False,LOW,TOP_15_PERCENT_DAILY_COHORT,SUCCESS,reservation-no-show-v1.0,reservation-no-show-feature-v1.0,29,5
RES-3ebab5d4f843c3c15db3adbd53a78ae7,2026-09-08 18:00:00,True,0.004348547824780853,24,False,LOW,TOP_15_PERCENT_DAILY_COHORT,SUCCESS,reservation-no-show-v1.0,reservation-no-show-feature-v1.0,29,5
RES-5d414bfba2095e6b757d945b3b9b7cf0,2026-09-25 18:00:00,True,0.00550177801280441,15,False,LOW,TOP_15_PERCENT_DAILY_COHORT,SUCCESS,reservation-no-show-v1.0,reservation-no-show-feature-v1.0,29,5
RES-6173e518136bdce70b3ef534e48fc5c9,2026-10-12 18:00:00,True,0.021563593229061692,7,False,LOW,TOP_15_PERCENT_DAILY_COHORT,SUCCESS,reservation-no-show-v1.0,reservation-no-show-feature-v1.0,29,5
RES-fd234431dc0f7a504db94deac3bd60f5,2026-10-29 18:00:00,True,0.009151761309803629,13,False,LOW,TOP_15_PERCENT_DAILY_COHORT,SUCCESS,reservation-no-show-v1.0,reservation-no-show-feature-v1.0,29,5
RES-43fa188e53dccc8b80fee96bc992fd8f,2026-11-15 18:00:00,True,0.004597104836412969,20,False,LOW,TOP_15_PERCENT_DAILY_COHORT,SUCCESS,reservation-no-show-v1.0,reservation-no-show-feature-v1.0,29,5
RES-1355ac7be4232904f51d903932fccdf7,2026-12-02 18:00:00,True,0.014172873810129227,9,False,LOW,TOP_15_PERCENT_DAILY_COHORT,SUCCESS,reservation-no-show-v1.0,reservation-no-show-feature-v1.0,29,5
RES-233abec9259da081b26aeee9a00e2b7d,2026-12-19 18:00:00,True,0.0076857211626904795,16,False,LOW,TOP_15_PERCENT_DAILY_COHORT,SUCCESS,reservation-no-show-v1.0,reservation-no-show-feature-v1.0,29,5
RES-47a38ad76f64dba05b28abd8b05664c2,2026-10-22 18:00:00,True,0.01875912021576693,2,True,HIGH,TOP_15_PERCENT_DAILY_COHORT,SUCCESS,reservation-no-show-v1.0,reservation-no-show-feature-v1.0,29,5
RES-80b3b02be13fe9dc9aff8e1935bd860b,2026-08-04 18:00:00,True,0.004793679071019329,26,False,LOW,TOP_15_PERCENT_DAILY_COHORT,SUCCESS,reservation-no-show-v1.0,reservation-no-show-feature-v1.0,29,5
RES-e5e98c848481b123c14501c057074de5,2026-08-21 18:00:00,True,0.007433813583312969,17,False,LOW,TOP_15_PERCENT_DAILY_COHORT,SUCCESS,reservation-no-show-v1.0,reservation-no-show-feature-v1.0,29,5
RES-dc35436a6c4fb12432604f9d361bdadc,2026-09-07 18:00:00,True,0.026031556426188082,3,True,HIGH,TOP_15_PERCENT_DAILY_COHORT,SUCCESS,reservation-no-show-v1.0,reservation-no-show-feature-v1.0,29,5
RES-742d1eb28a3d010504a9783ff9a384b1,2026-09-24 18:00:00,True,0.00385460486363932,28,False,LOW,TOP_15_PERCENT_DAILY_COHORT,SUCCESS,reservation-no-show-v1.0,reservation-no-show-feature-v1.0,29,5
RES-d01911988b1acea5a8df237d718491f0,2026-10-11 18:00:00,True,0.004603998446699856,28,False,LOW,TOP_15_PERCENT_DAILY_COHORT,SUCCESS,reservation-no-show-v1.0,reservation-no-show-feature-v1.0,29,5
RES-1455a527302883c91eac24b93800f09b,2026-10-28 18:00:00,True,0.0210491598615607,8,False,LOW,TOP_15_PERCENT_DAILY_COHORT,SUCCESS,reservation-no-show-v1.0,reservation-no-show-feature-v1.0,29,5
RES-29fe544fc2000a2129e6140665cf7674,2026-11-14 18:00:00,True,0.006984937361306198,20,False,LOW,TOP_15_PERCENT_DAILY_COHORT,SUCCESS,reservation-no-show-v1.0,reservation-no-show-feature-v1.0,29,5
RES-cefd277f5a658be5dff3d94d29405f2d,2026-12-01 18:00:00,True,0.004061996829585274,25,False,LOW,TOP_15_PERCENT_DAILY_COHORT,SUCCESS,reservation-no-show-v1.0,reservation-no-show-feature-v1.0,29,5
RES-3f98127cdc6d14c58c43e5cac31c1f22,2026-12-18 18:00:00,True,0.021113159340290857,1,True,HIGH,TOP_15_PERCENT_DAILY_COHORT,SUCCESS,reservation-no-show-v1.0,reservation-no-show-feature-v1.0,29,5
RES-cf85a1aabe531bfb65c718e17cdf31df,2026-08-03 18:00:00,True,0.013396391276609815,7,False,LOW,TOP_15_PERCENT_DAILY_COHORT,SUCCESS,reservation-no-show-v1.0,reservation-no-show-feature-v1.0,29,5
RES-6ad53e06da727c2fc9dfe11cb2d3f27d,2026-08-20 18:00:00,True,0.004677405788220609,27,False,LOW,TOP_15_PERCENT_DAILY_COHORT,SUCCESS,reservation-no-show-v1.0,reservation-no-show-feature-v1.0,29,5
RES-57e6ab5e86d3aec86521c609ac8d8771,2026-09-06 18:00:00,True,0.007379087419723246,18,False,LOW,TOP_15_PERCENT_DAILY_COHORT,SUCCESS,reservation-no-show-v1.0,reservation-no-show-feature-v1.0,29,5
RES-fda01bb3d5eeeed76bc1b1d2766f9e53,2026-09-23 18:00:00,True,0.025413301292526697,6,False,LOW,TOP_15_PERCENT_DAILY_COHORT,SUCCESS,reservation-no-show-v1.0,reservation-no-show-feature-v1.0,29,5
RES-d355c3947d1a9373d5dd8a4f6cd31e86,2026-10-10 18:00:00,True,0.005227342576606589,15,False,LOW,TOP_15_PERCENT_DAILY_COHORT,SUCCESS,reservation-no-show-v1.0,reservation-no-show-feature-v1.0,29,5
RES-a92362cf4137d7eced267d41af30a334,2026-10-27 18:00:00,True,0.006591934497081173,12,False,LOW,TOP_15_PERCENT_DAILY_COHORT,SUCCESS,reservation-no-show-v1.0,reservation-no-show-feature-v1.0,29,5
RES-709cac99a88aa40866b39a28d0eff8c6,2026-11-13 18:00:00,True,0.01947036214876164,9,False,LOW,TOP_15_PERCENT_DAILY_COHORT,SUCCESS,reservation-no-show-v1.0,reservation-no-show-feature-v1.0,29,5
RES-c9397f02f728137924873a47f7fd8133,2026-11-30 18:00:00,True,0.007080941962384378,26,False,LOW,TOP_15_PERCENT_DAILY_COHORT,SUCCESS,reservation-no-show-v1.0,reservation-no-show-feature-v1.0,29,5
RES-0cade2af9b61cf5c9c8b2882d39e2295,2026-12-17 18:00:00,True,0.004362735831223098,21,False,LOW,TOP_15_PERCENT_DAILY_COHORT,SUCCESS,reservation-no-show-v1.0,reservation-no-show-feature-v1.0,29,5
RES-f5f43a473d5a837e6bc6b371f4673b08,2026-08-02 18:00:00,True,0.008292924107324443,16,False,LOW,TOP_15_PERCENT_DAILY_COHORT,SUCCESS,reservation-no-show-v1.0,reservation-no-show-feature-v1.0,29,5
RES-99bc29ae5ad9e89cd9a660608ef56e3d,2026-08-19 18:00:00,True,0.014378245776904138,6,False,LOW,TOP_15_PERCENT_DAILY_COHORT,SUCCESS,reservation-no-show-v1.0,reservation-no-show-feature-v1.0,29,5
RES-147e5b67672476369ff2035e593577c5,2026-09-05 18:00:00,True,0.005761909477359786,14,False,LOW,TOP_15_PERCENT_DAILY_COHORT,SUCCESS,reservation-no-show-v1.0,reservation-no-show-feature-v1.0,29,5
RES-17cf239745962cbca6f86d8a16033b9d,2026-09-22 18:00:00,True,0.011853729204253488,11,False,LOW,TOP_15_PERCENT_DAILY_COHORT,SUCCESS,reservation-no-show-v1.0,reservation-no-show-feature-v1.0,29,5
RES-1906838c5a37ed2e0f22f210a7a5f8fc,2026-10-09 18:00:00,True,0.0235150327801244,6,False,LOW,TOP_15_PERCENT_DAILY_COHORT,SUCCESS,reservation-no-show-v1.0,reservation-no-show-feature-v1.0,29,5
RES-f06dfddfab9bced75afe1771055e0ba7,2026-10-26 18:00:00,True,0.004388194128457764,23,False,LOW,TOP_15_PERCENT_DAILY_COHORT,SUCCESS,reservation-no-show-v1.0,reservation-no-show-feature-v1.0,29,5
RES-b5f059810bafeec9a5c6aaecac43b635,2026-11-12 18:00:00,True,0.005293425618408686,19,False,LOW,TOP_15_PERCENT_DAILY_COHORT,SUCCESS,reservation-no-show-v1.0,reservation-no-show-feature-v1.0,29,5
RES-745d1dc8924b45fc38c5e3758b2a03ea,2026-11-29 18:00:00,True,0.031668820353646605,1,True,HIGH,TOP_15_PERCENT_DAILY_COHORT,SUCCESS,reservation-no-show-v1.0,reservation-no-show-feature-v1.0,29,5
RES-4c87c62f4ee1e9715c16f3607993b88c,2026-12-16 18:00:00,True,0.006909575060424589,27,False,LOW,TOP_15_PERCENT_DAILY_COHORT,SUCCESS,reservation-no-show-v1.0,reservation-no-show-feature-v1.0,29,5
RES-ca375c43a17ffb2277c0fca38a4011fd,2026-08-01 18:00:00,True,0.005841031915897434,28,False,LOW,TOP_15_PERCENT_DAILY_COHORT,SUCCESS,reservation-no-show-v1.0,reservation-no-show-feature-v1.0,29,5
RES-f5aaed82d5d76a73ed9dc849460887e2,2026-08-18 18:00:00,True,0.009796353337416804,14,False,LOW,TOP_15_PERCENT_DAILY_COHORT,SUCCESS,reservation-no-show-v1.0,reservation-no-show-feature-v1.0,29,5
RES-4b2e4316e6bca3793250f0f1ab3da49f,2026-09-04 18:00:00,True,0.013293007493577055,9,False,LOW,TOP_15_PERCENT_DAILY_COHORT,SUCCESS,reservation-no-show-v1.0,reservation-no-show-feature-v1.0,29,5
RES-597027b8f4cd023562c1142e8ac0fca4,2026-09-21 18:00:00,True,0.00439477584882822,28,False,LOW,TOP_15_PERCENT_DAILY_COHORT,SUCCESS,reservation-no-show-v1.0,reservation-no-show-feature-v1.0,29,5
RES-8243d6ecc4338a69fdeeb86d5d080fbc,2026-10-08 18:00:00,True,0.007152821220487891,15,False,LOW,TOP_15_PERCENT_DAILY_COHORT,SUCCESS,reservation-no-show-v1.0,reservation-no-show-feature-v1.0,29,5
RES-0492328c9b4bd392b138279bcba3e7e5,2026-10-25 18:00:00,True,0.02390781130159843,6,False,LOW,TOP_15_PERCENT_DAILY_COHORT,SUCCESS,reservation-no-show-v1.0,reservation-no-show-feature-v1.0,29,5
RES-40104450cc3a219616b7c6280965fc08,2026-11-11 18:00:00,True,0.00517084467651462,13,False,LOW,TOP_15_PERCENT_DAILY_COHORT,SUCCESS,reservation-no-show-v1.0,reservation-no-show-feature-v1.0,29,5
RES-1910cdc7ecfeb5ae8124d9f8832852e4,2026-11-28 18:00:00,True,0.004457326352592071,27,False,LOW,TOP_15_PERCENT_DAILY_COHORT,SUCCESS,reservation-no-show-v1.0,reservation-no-show-feature-v1.0,29,5
RES-e7b84178a5f5705d1fd1c494c9a4e834,2026-12-15 18:00:00,True,0.02807140168172137,1,True,HIGH,TOP_15_PERCENT_DAILY_COHORT,SUCCESS,reservation-no-show-v1.0,reservation-no-show-feature-v1.0,29,5
RES-a3ee6187cab8ef98e94c45a9c15ac7f8,2026-07-31 18:00:00,True,0.014640259280007813,9,False,LOW,TOP_15_PERCENT_DAILY_COHORT,SUCCESS,reservation-no-show-v1.0,reservation-no-show-feature-v1.0,29,5
RES-95d64398efe84667110ee0d4ae78643c,2026-08-17 18:00:00,True,0.005940392311425981,29,False,LOW,TOP_15_PERCENT_DAILY_COHORT,SUCCESS,reservation-no-show-v1.0,reservation-no-show-feature-v1.0,29,5
RES-3cc7c1561df17ee1b05bde6d9a1da809,2026-09-03 18:00:00,True,0.007871625340969274,18,False,LOW,TOP_15_PERCENT_DAILY_COHORT,SUCCESS,reservation-no-show-v1.0,reservation-no-show-feature-v1.0,29,5
RES-429b115e889a16bae405a4324cc73414,2026-09-20 18:00:00,True,0.016344709846835132,6,False,LOW,TOP_15_PERCENT_DAILY_COHORT,SUCCESS,reservation-no-show-v1.0,reservation-no-show-feature-v1.0,29,5
RES-392362a36f9c9d0605857ce52fd950ee,2026-10-07 18:00:00,True,0.005178594165088313,17,False,LOW,TOP_15_PERCENT_DAILY_COHORT,SUCCESS,reservation-no-show-v1.0,reservation-no-show-feature-v1.0,29,5
RES-091b5a33e1591a6d4c155c01201e411b,2026-10-24 18:00:00,True,0.0066304601788547725,21,False,LOW,TOP_15_PERCENT_DAILY_COHORT,SUCCESS,reservation-no-show-v1.0,reservation-no-show-feature-v1.0,29,5
RES-e9d8ef80fb81d5e8a1f22e1958433d41,2026-11-10 18:00:00,True,0.025559729726502466,6,False,LOW,TOP_15_PERCENT_DAILY_COHORT,SUCCESS,reservation-no-show-v1.0,reservation-no-show-feature-v1.0,29,5
RES-a4c59e6c5eeed3421fa80ddd630a97df,2026-11-27 18:00:00,True,0.003955481170918294,29,False,LOW,TOP_15_PERCENT_DAILY_COHORT,SUCCESS,reservation-no-show-v1.0,reservation-no-show-feature-v1.0,29,5
RES-aaa4e8e2eeb4dadee172659417d45bcc,2026-12-14 18:00:00,True,0.005474334623312078,17,False,LOW,TOP_15_PERCENT_DAILY_COHORT,SUCCESS,reservation-no-show-v1.0,reservation-no-show-feature-v1.0,29,5
RES-9eadbdb39d6dc15db25ffd0dee7de8c5,2026-07-30 18:00:00,True,0.005911131836399416,11,False,LOW,TOP_15_PERCENT_DAILY_COHORT,SUCCESS,reservation-no-show-v1.0,reservation-no-show-feature-v1.0,29,5
RES-3132ab0dbc46cd8808c410ce34458455,2026-08-16 18:00:00,True,0.01799561205391259,6,False,LOW,TOP_15_PERCENT_DAILY_COHORT,SUCCESS,reservation-no-show-v1.0,reservation-no-show-feature-v1.0,29,5
RES-461b6543300d5c0315bb616c21d2f1be,2026-09-02 18:00:00,True,0.006358933510147864,26,False,LOW,TOP_15_PERCENT_DAILY_COHORT,SUCCESS,reservation-no-show-v1.0,reservation-no-show-feature-v1.0,29,5
RES-a8ee1eb5b1c02746c43640a506fbf5b3,2026-09-19 18:00:00,True,0.008029679906446301,16,False,LOW,TOP_15_PERCENT_DAILY_COHORT,SUCCESS,reservation-no-show-v1.0,reservation-no-show-feature-v1.0,29,5
RES-b6853cadf89b2c2f3862d308c275ef15,2026-10-06 18:00:00,True,0.017483413359414352,4,True,HIGH,TOP_15_PERCENT_DAILY_COHORT,SUCCESS,reservation-no-show-v1.0,reservation-no-show-feature-v1.0,29,5
RES-779ea41bf3c714fe328dfa9949ca4935,2026-10-23 18:00:00,True,0.00581436634195706,18,False,LOW,TOP_15_PERCENT_DAILY_COHORT,SUCCESS,reservation-no-show-v1.0,reservation-no-show-feature-v1.0,29,5
RES-4d167cba6a46647b4251e7e55ed408b9,2026-11-09 18:00:00,True,0.006721625640636268,17,False,LOW,TOP_15_PERCENT_DAILY_COHORT,SUCCESS,reservation-no-show-v1.0,reservation-no-show-feature-v1.0,29,5
RES-f0b6545222c5655001280299f3494954,2026-11-26 18:00:00,True,0.022711408905457448,7,False,LOW,TOP_15_PERCENT_DAILY_COHORT,SUCCESS,reservation-no-show-v1.0,reservation-no-show-feature-v1.0,29,5
RES-ef3019e5cb09c8fe8026957f70755c1e,2026-12-13 18:00:00,True,0.004010015500395334,29,False,LOW,TOP_15_PERCENT_DAILY_COHORT,SUCCESS,reservation-no-show-v1.0,reservation-no-show-feature-v1.0,29,5
RES-b6a7d977d8d5bd74e856be0e1a28f38f,2026-07-29 18:00:00,True,0.007020933699561822,22,False,LOW,TOP_15_PERCENT_DAILY_COHORT,SUCCESS,reservation-no-show-v1.0,reservation-no-show-feature-v1.0,29,5
RES-784bd9cb6e702e93af5c51ec23d5a009,2026-08-15 18:00:00,True,0.004095501822573043,25,False,LOW,TOP_15_PERCENT_DAILY_COHORT,SUCCESS,reservation-no-show-v1.0,reservation-no-show-feature-v1.0,29,5
RES-292924cc401993b5cd2a9510973f5545,2026-09-01 18:00:00,True,0.017509290787250373,5,True,HIGH,TOP_15_PERCENT_DAILY_COHORT,SUCCESS,reservation-no-show-v1.0,reservation-no-show-feature-v1.0,29,5
RES-e9241dd0f70a4e72208d797671933dfc,2026-09-18 18:00:00,True,0.007138575244289018,16,False,LOW,TOP_15_PERCENT_DAILY_COHORT,SUCCESS,reservation-no-show-v1.0,reservation-no-show-feature-v1.0,29,5
RES-dd7d8ecc3b19c187701b976b21fbeddc,2026-10-05 18:00:00,True,0.008139926283494317,17,False,LOW,TOP_15_PERCENT_DAILY_COHORT,SUCCESS,reservation-no-show-v1.0,reservation-no-show-feature-v1.0,29,5
RES-f9ee753eadfd52c35c7544b8ac4998e0,2026-11-08 18:00:00,True,0.00589437750928278,14,False,LOW,TOP_15_PERCENT_DAILY_COHORT,SUCCESS,reservation-no-show-v1.0,reservation-no-show-feature-v1.0,29,5
RES-b007d37df63081e265489f31ed801a76,2026-11-25 18:00:00,True,0.006558897162981839,22,False,LOW,TOP_15_PERCENT_DAILY_COHORT,SUCCESS,reservation-no-show-v1.0,reservation-no-show-feature-v1.0,29,5
RES-6dd839139ab0910076d065df27c78d3f,2026-12-12 18:00:00,True,0.02101060964410953,8,False,LOW,TOP_15_PERCENT_DAILY_COHORT,SUCCESS,reservation-no-show-v1.0,reservation-no-show-feature-v1.0,29,5
RES-32b32d871e84882cc0d731ffaabd214c,2026-07-28 18:00:00,True,0.023632252202152204,6,False,LOW,TOP_15_PERCENT_DAILY_COHORT,SUCCESS,reservation-no-show-v1.0,reservation-no-show-feature-v1.0,29,5
RES-1b15b20fdabc5e734069e094b7538ff6,2026-08-14 18:00:00,True,0.010462898042836528,11,False,LOW,TOP_15_PERCENT_DAILY_COHORT,SUCCESS,reservation-no-show-v1.0,reservation-no-show-feature-v1.0,29,5
RES-d9cfb222a094f2ee654ee8fb540bd386,2026-08-31 18:00:00,True,0.004151958573632862,25,False,LOW,TOP_15_PERCENT_DAILY_COHORT,SUCCESS,reservation-no-show-v1.0,reservation-no-show-feature-v1.0,29,5
RES-b9eae8adafe922e836fe2d03fcca1c86,2026-09-17 18:00:00,True,0.020648771397627438,1,True,HIGH,TOP_15_PERCENT_DAILY_COHORT,SUCCESS,reservation-no-show-v1.0,reservation-no-show-feature-v1.0,29,5
RES-b835e5cd7d91c153e69bb52ea522e1c7,2026-10-04 18:00:00,True,0.005975308064113023,29,False,LOW,TOP_15_PERCENT_DAILY_COHORT,SUCCESS,reservation-no-show-v1.0,reservation-no-show-feature-v1.0,29,5
RES-65a8b9826a53b48ee0e65c057f840a39,2026-10-21 18:00:00,True,0.007943135772077637,18,False,LOW,TOP_15_PERCENT_DAILY_COHORT,SUCCESS,reservation-no-show-v1.0,reservation-no-show-feature-v1.0,29,5
RES-2ddc0411a55402896e473a8ec35d6564,2026-11-07 18:00:00,True,0.014350546998820385,8,False,LOW,TOP_15_PERCENT_DAILY_COHORT,SUCCESS,reservation-no-show-v1.0,reservation-no-show-feature-v1.0,29,5
RES-cf62120d0ae73869dcfaa92f8e863b8b,2026-11-24 18:00:00,True,0.0052257683949854345,17,False,LOW,TOP_15_PERCENT_DAILY_COHORT,SUCCESS,reservation-no-show-v1.0,reservation-no-show-feature-v1.0,29,5
RES-73a94f5e17a335d51e452195da231baa,2026-12-11 18:00:00,True,0.007339377007616063,22,False,LOW,TOP_15_PERCENT_DAILY_COHORT,SUCCESS,reservation-no-show-v1.0,reservation-no-show-feature-v1.0,29,5
RES-eca8319522a0512de4bec688974a6abc,2026-08-13 18:00:00,True,0.027751481426169226,1,True,HIGH,TOP_15_PERCENT_DAILY_COHORT,SUCCESS,reservation-no-show-v1.0,reservation-no-show-feature-v1.0,29,5
RES-1e0670547776f5ef2b346ab4ce30a176,2026-08-30 18:00:00,True,0.006597635899926322,28,False,LOW,TOP_15_PERCENT_DAILY_COHORT,SUCCESS,reservation-no-show-v1.0,reservation-no-show-feature-v1.0,29,5
RES-4364993f3e99eed87d4b96840b5297aa,2026-09-16 18:00:00,True,0.005289734285346424,15,False,LOW,TOP_15_PERCENT_DAILY_COHORT,SUCCESS,reservation-no-show-v1.0,reservation-no-show-feature-v1.0,29,5
RES-814d97a4f13fd3ea53832895723b1fb5,2026-10-03 18:00:00,True,0.017374725551638655,8,False,LOW,TOP_15_PERCENT_DAILY_COHORT,SUCCESS,reservation-no-show-v1.0,reservation-no-show-feature-v1.0,29,5
RES-d463a4445c867471d1c2b3966ae5968a,2026-10-20 18:00:00,True,0.00855026849477123,11,False,LOW,TOP_15_PERCENT_DAILY_COHORT,SUCCESS,reservation-no-show-v1.0,reservation-no-show-feature-v1.0,29,5
RES-2c2e93f3029212be2e7b196b4e7e690d,2026-11-06 18:00:00,True,0.006669960588402837,26,False,LOW,TOP_15_PERCENT_DAILY_COHORT,SUCCESS,reservation-no-show-v1.0,reservation-no-show-feature-v1.0,29,5
RES-0b4a056f7e46513d75bedaebedbd3aa3,2026-11-23 18:00:00,True,0.014592535989478515,6,False,LOW,TOP_15_PERCENT_DAILY_COHORT,SUCCESS,reservation-no-show-v1.0,reservation-no-show-feature-v1.0,29,5
RES-561a919b77ac69a417cb24c36bfde3e7,2026-12-10 18:00:00,True,0.00559424281352768,13,False,LOW,TOP_15_PERCENT_DAILY_COHORT,SUCCESS,reservation-no-show-v1.0,reservation-no-show-feature-v1.0,29,5
RES-55c6ae4678431be74ecaab7c013672de,2026-08-12 18:00:00,True,0.004466016204950935,28,False,LOW,TOP_15_PERCENT_DAILY_COHORT,SUCCESS,reservation-no-show-v1.0,reservation-no-show-feature-v1.0,29,5
RES-d8b87edadd7adf29a063b570f292d1aa,2026-08-29 18:00:00,True,0.02345175303278055,6,False,LOW,TOP_15_PERCENT_DAILY_COHORT,SUCCESS,reservation-no-show-v1.0,reservation-no-show-feature-v1.0,29,5
RES-b3b40aa5167dd34a59b0ec60344d6f6c,2026-09-15 18:00:00,True,0.0077712726457594096,23,False,LOW,TOP_15_PERCENT_DAILY_COHORT,SUCCESS,reservation-no-show-v1.0,reservation-no-show-feature-v1.0,29,5
RES-cd39a197e87cbbadb5d616dd7a349bfc,2026-10-02 18:00:00,True,0.004534622718231271,19,False,LOW,TOP_15_PERCENT_DAILY_COHORT,SUCCESS,reservation-no-show-v1.0,reservation-no-show-feature-v1.0,29,5
RES-d703465a4b3bb42ccb77fd9869b2d3f2,2026-10-19 18:00:00,True,0.017666796312684068,7,False,LOW,TOP_15_PERCENT_DAILY_COHORT,SUCCESS,reservation-no-show-v1.0,reservation-no-show-feature-v1.0,29,5
RES-c555332a5941e762cf6939be05514adc,2026-11-05 18:00:00,True,0.006868665433820829,19,False,LOW,TOP_15_PERCENT_DAILY_COHORT,SUCCESS,reservation-no-show-v1.0,reservation-no-show-feature-v1.0,29,5
RES-27aa801c1f5436a4f0dd3e36455aa298,2026-11-22 18:00:00,True,0.007464655631626403,22,False,LOW,TOP_15_PERCENT_DAILY_COHORT,SUCCESS,reservation-no-show-v1.0,reservation-no-show-feature-v1.0,29,5
RES-b046473cce674094b93c911d38660341,2026-12-09 18:00:00,True,0.012909037676289517,8,False,LOW,TOP_15_PERCENT_DAILY_COHORT,SUCCESS,reservation-no-show-v1.0,reservation-no-show-feature-v1.0,29,5
RES-169f86cd9c31670c9673884588c5d33e,2026-08-11 18:00:00,True,0.005285233941660742,15,False,LOW,TOP_15_PERCENT_DAILY_COHORT,SUCCESS,reservation-no-show-v1.0,reservation-no-show-feature-v1.0,29,5
RES-1bcaabedafdc5577944c5e1ce38850d1,2026-08-28 18:00:00,True,0.007356752043928172,12,False,LOW,TOP_15_PERCENT_DAILY_COHORT,SUCCESS,reservation-no-show-v1.0,reservation-no-show-feature-v1.0,29,5
RES-c7adfaed6ad5e96823a60d0cb204a76f,2026-09-14 18:00:00,True,0.01968286995283345,8,False,LOW,TOP_15_PERCENT_DAILY_COHORT,SUCCESS,reservation-no-show-v1.0,reservation-no-show-feature-v1.0,29,5
RES-c7f5a33d76b2f901c234499f82ebf746,2026-10-01 18:00:00,True,0.006869237794880193,26,False,LOW,TOP_15_PERCENT_DAILY_COHORT,SUCCESS,reservation-no-show-v1.0,reservation-no-show-feature-v1.0,29,5
RES-1e25c9af237b9397c827f0ef9575bf89,2026-10-18 18:00:00,True,0.005076202239294147,16,False,LOW,TOP_15_PERCENT_DAILY_COHORT,SUCCESS,reservation-no-show-v1.0,reservation-no-show-feature-v1.0,29,5
RES-ff5303e59cee59e4424365b7cdd0d8a9,2026-11-04 18:00:00,True,0.017189205562574132,4,True,HIGH,TOP_15_PERCENT_DAILY_COHORT,SUCCESS,reservation-no-show-v1.0,reservation-no-show-feature-v1.0,29,5
RES-49573c44b7fd5088e33d8343e6c1cb46,2026-11-21 18:00:00,True,0.008483962028054405,12,False,LOW,TOP_15_PERCENT_DAILY_COHORT,SUCCESS,reservation-no-show-v1.0,reservation-no-show-feature-v1.0,29,5
RES-01683d6a5f4f94f7cfca5ba2d989b6cb,2026-12-08 18:00:00,True,0.007260823275214551,20,False,LOW,TOP_15_PERCENT_DAILY_COHORT,SUCCESS,reservation-no-show-v1.0,reservation-no-show-feature-v1.0,29,5
RES-5acb9055a92c35bcd120f93c2b7c1576,2026-08-10 18:00:00,True,0.023770615640783883,7,False,LOW,TOP_15_PERCENT_DAILY_COHORT,SUCCESS,reservation-no-show-v1.0,reservation-no-show-feature-v1.0,30,5
RES-e0f2343798d4744d3909553a82921fa1,2026-08-27 18:00:00,True,0.0062468318697234135,11,False,LOW,TOP_15_PERCENT_DAILY_COHORT,SUCCESS,reservation-no-show-v1.0,reservation-no-show-feature-v1.0,30,5
RES-52fc4c32cc0ddd275abb9c0ef85a6b18,2026-09-13 18:00:00,True,0.005083810613112044,22,False,LOW,TOP_15_PERCENT_DAILY_COHORT,SUCCESS,reservation-no-show-v1.0,reservation-no-show-feature-v1.0,30,5
RES-edf27e822bf251fcc802c44639469c3c,2026-09-30 18:00:00,True,0.019151840766223976,10,False,LOW,TOP_15_PERCENT_DAILY_COHORT,SUCCESS,reservation-no-show-v1.0,reservation-no-show-feature-v1.0,30,5
RES-4b13d0c6bb085704776f387cd0572a37,2026-10-17 18:00:00,True,0.006367453656276683,30,False,LOW,TOP_15_PERCENT_DAILY_COHORT,SUCCESS,reservation-no-show-v1.0,reservation-no-show-feature-v1.0,30,5
RES-087867b9c688c6e61b78565977d081e7,2026-11-03 18:00:00,True,0.0040750443287250315,28,False,LOW,TOP_15_PERCENT_DAILY_COHORT,SUCCESS,reservation-no-show-v1.0,reservation-no-show-feature-v1.0,30,5
RES-b2b9df979bcf9c8044a90b32ce1c6080,2026-11-20 18:00:00,True,0.01594567217248112,9,False,LOW,TOP_15_PERCENT_DAILY_COHORT,SUCCESS,reservation-no-show-v1.0,reservation-no-show-feature-v1.0,30,5
RES-68156f58bc2adbd5efe532b82d73b78c,2026-12-07 18:00:00,True,0.008600391557973826,13,False,LOW,TOP_15_PERCENT_DAILY_COHORT,SUCCESS,reservation-no-show-v1.0,reservation-no-show-feature-v1.0,30,5
RES-eb39560241d36ff23d61b4cf5e1e5406,2026-12-24 18:00:00,True,0.007796540529286192,17,False,LOW,TOP_15_PERCENT_DAILY_COHORT,SUCCESS,reservation-no-show-v1.0,reservation-no-show-feature-v1.0,30,5
RES-7ba7e12253e85b8dced0fcc98b4b57d1,2026-08-09 18:00:00,True,0.006870084321643852,24,False,LOW,TOP_15_PERCENT_DAILY_COHORT,SUCCESS,reservation-no-show-v1.0,reservation-no-show-feature-v1.0,29,5
RES-cb56d94b5a1a5af32d28f03bd1de5e70,2026-08-26 18:00:00,True,0.02320477899322506,8,False,LOW,TOP_15_PERCENT_DAILY_COHORT,SUCCESS,reservation-no-show-v1.0,reservation-no-show-feature-v1.0,29,5
RES-4c3616980af5311c1ad924de8bf2d390,2026-09-12 18:00:00,True,0.0047644885952653,20,False,LOW,TOP_15_PERCENT_DAILY_COHORT,SUCCESS,reservation-no-show-v1.0,reservation-no-show-feature-v1.0,29,5
RES-efeef270c964f005e32e986ab70b6f8d,2026-09-29 18:00:00,True,0.008007964112349872,10,False,LOW,TOP_15_PERCENT_DAILY_COHORT,SUCCESS,reservation-no-show-v1.0,reservation-no-show-feature-v1.0,29,5
RES-5d157a9250bd975c1a613c2c48765502,2026-10-16 18:00:00,True,0.023587152796307295,5,True,HIGH,TOP_15_PERCENT_DAILY_COHORT,SUCCESS,reservation-no-show-v1.0,reservation-no-show-feature-v1.0,29,5
RES-57152b4388e1b0ab4ebf00dd7e4706f0,2026-11-02 18:00:00,True,0.006455026410389424,29,False,LOW,TOP_15_PERCENT_DAILY_COHORT,SUCCESS,reservation-no-show-v1.0,reservation-no-show-feature-v1.0,29,5
RES-27b47e1ee9c5e059060fb2e1bdf61712,2026-11-19 18:00:00,True,0.004817526165043611,17,False,LOW,TOP_15_PERCENT_DAILY_COHORT,SUCCESS,reservation-no-show-v1.0,reservation-no-show-feature-v1.0,29,5
RES-48e60ae7ec7894b482b97e8870051951,2026-12-06 18:00:00,True,0.01776940411095037,6,False,LOW,TOP_15_PERCENT_DAILY_COHORT,SUCCESS,reservation-no-show-v1.0,reservation-no-show-feature-v1.0,29,5
RES-0c46567a5740d642a2c6c8a43b3771d6,2026-12-23 18:00:00,True,0.00693112804658382,15,False,LOW,TOP_15_PERCENT_DAILY_COHORT,SUCCESS,reservation-no-show-v1.0,reservation-no-show-feature-v1.0,29,5
RES-4abf3e32f07974f243784ef451f03530,2026-08-08 18:00:00,True,0.004335031733766941,29,False,LOW,TOP_15_PERCENT_DAILY_COHORT,SUCCESS,reservation-no-show-v1.0,reservation-no-show-feature-v1.0,29,5
RES-23bfd1a0cd78909ec1a5523e9b3c70cb,2026-08-25 18:00:00,True,0.007377186353581658,19,False,LOW,TOP_15_PERCENT_DAILY_COHORT,SUCCESS,reservation-no-show-v1.0,reservation-no-show-feature-v1.0,29,5
RES-20e7a343058c9ef5d5bfffb1923e0a54,2026-09-11 18:00:00,True,0.025914375641842007,8,False,LOW,TOP_15_PERCENT_DAILY_COHORT,SUCCESS,reservation-no-show-v1.0,reservation-no-show-feature-v1.0,29,5
RES-4e8e7f7d029dbcb86ed7bb76ee81ba01,2026-09-28 18:00:00,True,0.0048456254285311785,16,False,LOW,TOP_15_PERCENT_DAILY_COHORT,SUCCESS,reservation-no-show-v1.0,reservation-no-show-feature-v1.0,29,5
RES-4b25ebe8eff251f3741573e57320f6a1,2026-10-15 18:00:00,True,0.004383309709799004,27,False,LOW,TOP_15_PERCENT_DAILY_COHORT,SUCCESS,reservation-no-show-v1.0,reservation-no-show-feature-v1.0,29,5
RES-8383e694a08792e8cf57fe8311224853,2026-11-01 18:00:00,True,0.026261529395685716,1,True,HIGH,TOP_15_PERCENT_DAILY_COHORT,SUCCESS,reservation-no-show-v1.0,reservation-no-show-feature-v1.0,29,5
RES-6ccf556c2504c90d975687bd008bbb1c,2026-11-18 18:00:00,True,0.007627824850134268,16,False,LOW,TOP_15_PERCENT_DAILY_COHORT,SUCCESS,reservation-no-show-v1.0,reservation-no-show-feature-v1.0,29,5
RES-ae9802ad31c5a7295e844a1f22a161a6,2026-12-05 18:00:00,True,0.004450651373870676,21,False,LOW,TOP_15_PERCENT_DAILY_COHORT,SUCCESS,reservation-no-show-v1.0,reservation-no-show-feature-v1.0,29,5
RES-35049ca91a00bae4fa3be78c6cc65d94,2026-12-22 18:00:00,True,0.01434626504306711,10,False,LOW,TOP_15_PERCENT_DAILY_COHORT,SUCCESS,reservation-no-show-v1.0,reservation-no-show-feature-v1.0,29,5
RES-9b513dd1fce2fc8cfe235abe1b202edb,2026-08-07 18:00:00,True,0.014665015804054566,7,False,LOW,TOP_15_PERCENT_DAILY_COHORT,SUCCESS,reservation-no-show-v1.0,reservation-no-show-feature-v1.0,29,5
RES-ee36a7fcc09c17475806bf3b7500a241,2026-08-24 18:00:00,True,0.006469782167163248,11,False,LOW,TOP_15_PERCENT_DAILY_COHORT,SUCCESS,reservation-no-show-v1.0,reservation-no-show-feature-v1.0,29,5
RES-7056725fa1f8665f5eedba1eee7327e9,2026-09-10 18:00:00,True,0.005924917597793488,26,False,LOW,TOP_15_PERCENT_DAILY_COHORT,SUCCESS,reservation-no-show-v1.0,reservation-no-show-feature-v1.0,29,5
RES-173c73ae384954223c689fc1acc77b49,2026-09-27 18:00:00,True,0.023983070268458313,9,False,LOW,TOP_15_PERCENT_DAILY_COHORT,SUCCESS,reservation-no-show-v1.0,reservation-no-show-feature-v1.0,29,5
RES-0fa1e1f70514b297429dde4eba2a5c7c,2026-10-14 18:00:00,True,0.00471296958923221,19,False,LOW,TOP_15_PERCENT_DAILY_COHORT,SUCCESS,reservation-no-show-v1.0,reservation-no-show-feature-v1.0,29,5
RES-13776f4c52608af047502c1f8dc54b8b,2026-10-31 18:00:00,True,0.006540714523904734,13,False,LOW,TOP_15_PERCENT_DAILY_COHORT,SUCCESS,reservation-no-show-v1.0,reservation-no-show-feature-v1.0,29,5
RES-5e2d9025c6f20d7bfc3df257abf04240,2026-11-17 18:00:00,True,0.021237820092031873,8,False,LOW,TOP_15_PERCENT_DAILY_COHORT,SUCCESS,reservation-no-show-v1.0,reservation-no-show-feature-v1.0,29,5
RES-20566386bb2692c178621a62466b3c31,2026-12-04 18:00:00,True,0.006404863367747118,28,False,LOW,TOP_15_PERCENT_DAILY_COHORT,SUCCESS,reservation-no-show-v1.0,reservation-no-show-feature-v1.0,29,5
RES-038ff7cc32d3e14bda75a4d87fddde55,2026-12-21 18:00:00,True,0.0049822522147961006,17,False,LOW,TOP_15_PERCENT_DAILY_COHORT,SUCCESS,reservation-no-show-v1.0,reservation-no-show-feature-v1.0,29,5
RES-e8f4d1409dd12896ee2640bbe5300b82,2026-08-06 18:00:00,True,0.00652113721769073,29,False,LOW,TOP_15_PERCENT_DAILY_COHORT,SUCCESS,reservation-no-show-v1.0,reservation-no-show-feature-v1.0,29,5
RES-00513b14a513d251d48df6a00963990e,2026-08-23 18:00:00,True,0.014912227360535745,5,True,HIGH,TOP_15_PERCENT_DAILY_COHORT,SUCCESS,reservation-no-show-v1.0,reservation-no-show-feature-v1.0,29,5
RES-934dff0bde3d1eccdac3383186d4f03f,2026-09-09 18:00:00,True,0.006292943912726766,11,False,LOW,TOP_15_PERCENT_DAILY_COHORT,SUCCESS,reservation-no-show-v1.0,reservation-no-show-feature-v1.0,29,5
RES-89fb2f5754f3da2ed72a640634e8737c,2026-09-26 18:00:00,True,0.006513132987016027,24,False,LOW,TOP_15_PERCENT_DAILY_COHORT,SUCCESS,reservation-no-show-v1.0,reservation-no-show-feature-v1.0,29,5
RES-c4d0e9284a797d5455094684f6fa9f20,2026-10-13 18:00:00,True,0.025640052142407155,6,False,LOW,TOP_15_PERCENT_DAILY_COHORT,SUCCESS,reservation-no-show-v1.0,reservation-no-show-feature-v1.0,29,5
RES-7d28bb705cf76e5d34634835a1603bc8,2026-10-30 18:00:00,True,0.004807908775553922,18,False,LOW,TOP_15_PERCENT_DAILY_COHORT,SUCCESS,reservation-no-show-v1.0,reservation-no-show-feature-v1.0,29,5
RES-049caee037573f6604dead199e65bf8f,2026-11-16 18:00:00,True,0.00549189366256875,18,False,LOW,TOP_15_PERCENT_DAILY_COHORT,SUCCESS,reservation-no-show-v1.0,reservation-no-show-feature-v1.0,29,5
RES-afcab138032896d4e60bd57fee885e12,2026-12-03 18:00:00,True,0.030096013994135907,1,True,HIGH,TOP_15_PERCENT_DAILY_COHORT,SUCCESS,reservation-no-show-v1.0,reservation-no-show-feature-v1.0,29,5
RES-8a182063903d920e7d4b2f3890b83e15,2026-12-20 18:00:00,True,0.007168201228428019,24,False,LOW,TOP_15_PERCENT_DAILY_COHORT,SUCCESS,reservation-no-show-v1.0,reservation-no-show-feature-v1.0,29,5
RES-de860b105d0a21e53b75662c35f94cdf,2026-08-05 18:00:00,True,0.01131879849140614,11,False,LOW,TOP_15_PERCENT_DAILY_COHORT,SUCCESS,reservation-no-show-v1.0,reservation-no-show-feature-v1.0,29,5
RES-ee5b5da97dcb747a2742bf0f4aa16399,2026-08-22 18:00:00,True,0.00805536887966509,13,False,LOW,TOP_15_PERCENT_DAILY_COHORT,SUCCESS,reservation-no-show-v1.0,reservation-no-show-feature-v1.0,29,5
RES-1bf91ebec523c78073c312ca21f9373f,2026-09-08 18:00:00,True,0.01753881245949263,2,True,HIGH,TOP_15_PERCENT_DAILY_COHORT,SUCCESS,reservation-no-show-v1.0,reservation-no-show-feature-v1.0,29,5
RES-6cad49ba2b24db318238d59fd53f4177,2026-09-25 18:00:00,True,0.004374555350820737,29,False,LOW,TOP_15_PERCENT_DAILY_COHORT,SUCCESS,reservation-no-show-v1.0,reservation-no-show-feature-v1.0,29,5
RES-e6724ce0373a2fc4a3dfbba12a3341c0,2026-10-12 18:00:00,True,0.0067431582651854656,19,False,LOW,TOP_15_PERCENT_DAILY_COHORT,SUCCESS,reservation-no-show-v1.0,reservation-no-show-feature-v1.0,29,5
RES-99b1b91bc4a9f98691494956760b7a73,2026-10-29 18:00:00,True,0.027494267205978692,3,True,HIGH,TOP_15_PERCENT_DAILY_COHORT,SUCCESS,reservation-no-show-v1.0,reservation-no-show-feature-v1.0,29,5
RES-efa63fc7bf719244aa9da9c7bb4ae5a7,2026-11-15 18:00:00,True,0.004022896705268108,29,False,LOW,TOP_15_PERCENT_DAILY_COHORT,SUCCESS,reservation-no-show-v1.0,reservation-no-show-feature-v1.0,29,5
RES-43b59577a0f65f8fe1fa4e0956ed7e0b,2026-12-02 18:00:00,True,0.005879021955224495,19,False,LOW,TOP_15_PERCENT_DAILY_COHORT,SUCCESS,reservation-no-show-v1.0,reservation-no-show-feature-v1.0,29,5
RES-f9ef95bc26a125eef2ea8207f2928e8b,2026-12-19 18:00:00,True,0.025442536923901672,2,True,HIGH,TOP_15_PERCENT_DAILY_COHORT,SUCCESS,reservation-no-show-v1.0,reservation-no-show-feature-v1.0,29,5
RES-769284c8df8c8f6d0c6d0b831fb1891e,2026-08-04 18:00:00,True,0.015976399884256975,5,True,HIGH,TOP_15_PERCENT_DAILY_COHORT,SUCCESS,reservation-no-show-v1.0,reservation-no-show-feature-v1.0,29,5
RES-22cc8cfb977a289fd609bd8ec5e7953d,2026-08-21 18:00:00,True,0.007161433930294381,22,False,LOW,TOP_15_PERCENT_DAILY_COHORT,SUCCESS,reservation-no-show-v1.0,reservation-no-show-feature-v1.0,29,5
RES-1008314e471eda77019c87e2c6120370,2026-09-07 18:00:00,True,0.007421102088029401,24,False,LOW,TOP_15_PERCENT_DAILY_COHORT,SUCCESS,reservation-no-show-v1.0,reservation-no-show-feature-v1.0,29,5
RES-554757771c297a887cc89b729ac97cc0,2026-09-24 18:00:00,True,0.015570043180888029,6,False,LOW,TOP_15_PERCENT_DAILY_COHORT,SUCCESS,reservation-no-show-v1.0,reservation-no-show-feature-v1.0,29,5
RES-8cfc28c36e43e23be7068f5fb6256c93,2026-10-11 18:00:00,True,0.0048814450372196205,26,False,LOW,TOP_15_PERCENT_DAILY_COHORT,SUCCESS,reservation-no-show-v1.0,reservation-no-show-feature-v1.0,29,5
RES-c2a8f311e554baf0823a51f076b4386c,2026-10-28 18:00:00,True,0.005978849576524183,26,False,LOW,TOP_15_PERCENT_DAILY_COHORT,SUCCESS,reservation-no-show-v1.0,reservation-no-show-feature-v1.0,29,5
RES-b8bccae6b499543eb32e28c9dd150001,2026-11-14 18:00:00,True,0.02107694549322094,10,False,LOW,TOP_15_PERCENT_DAILY_COHORT,SUCCESS,reservation-no-show-v1.0,reservation-no-show-feature-v1.0,29,5
RES-4a2b7673d30b62b3c8382f1bc1395c4d,2026-12-01 18:00:00,True,0.004740705343975178,17,False,LOW,TOP_15_PERCENT_DAILY_COHORT,SUCCESS,reservation-no-show-v1.0,reservation-no-show-feature-v1.0,29,5
RES-09612e3c563e1b1c975e2a75140d6abc,2026-12-18 18:00:00,True,0.004950887820977323,21,False,LOW,TOP_15_PERCENT_DAILY_COHORT,SUCCESS,reservation-no-show-v1.0,reservation-no-show-feature-v1.0,29,5
RES-dd753e93f990c8e7fd833c84eb4be025,2026-08-03 18:00:00,True,0.0045848777620785975,21,False,LOW,TOP_15_PERCENT_DAILY_COHORT,SUCCESS,reservation-no-show-v1.0,reservation-no-show-feature-v1.0,29,5
RES-8c81cf1a2bfaf376058430eaff651bff,2026-08-20 18:00:00,True,0.017144063688936163,4,True,HIGH,TOP_15_PERCENT_DAILY_COHORT,SUCCESS,reservation-no-show-v1.0,reservation-no-show-feature-v1.0,29,5
RES-91f511fffb22c35a05e9127fc924f111,2026-09-06 18:00:00,True,0.005994464300413858,29,False,LOW,TOP_15_PERCENT_DAILY_COHORT,SUCCESS,reservation-no-show-v1.0,reservation-no-show-feature-v1.0,29,5
RES-2ff933c456f8960d4bf0f0dfbbdb57eb,2026-09-23 18:00:00,True,0.007241562961202067,19,False,LOW,TOP_15_PERCENT_DAILY_COHORT,SUCCESS,reservation-no-show-v1.0,reservation-no-show-feature-v1.0,29,5
RES-f7b160450ab1bec11c56bb4bcca132f1,2026-10-10 18:00:00,True,0.014396164545177661,7,False,LOW,TOP_15_PERCENT_DAILY_COHORT,SUCCESS,reservation-no-show-v1.0,reservation-no-show-feature-v1.0,29,5
RES-0572a118e94a31908a05e5ee7e3eedc4,2026-10-27 18:00:00,True,0.005242534355808468,22,False,LOW,TOP_15_PERCENT_DAILY_COHORT,SUCCESS,reservation-no-show-v1.0,reservation-no-show-feature-v1.0,29,5
RES-e9a1178e8b35803d8c3cb03be5847326,2026-11-13 18:00:00,True,0.007362873919772312,17,False,LOW,TOP_15_PERCENT_DAILY_COHORT,SUCCESS,reservation-no-show-v1.0,reservation-no-show-feature-v1.0,29,5
RES-715f6c8ee714a987ca494df1256eb1f1,2026-11-30 18:00:00,True,0.023473550145230983,10,False,LOW,TOP_15_PERCENT_DAILY_COHORT,SUCCESS,reservation-no-show-v1.0,reservation-no-show-feature-v1.0,29,5
RES-819983d3e38b354766ba281d4a9630b0,2026-12-17 18:00:00,True,0.00462571099538908,19,False,LOW,TOP_15_PERCENT_DAILY_COHORT,SUCCESS,reservation-no-show-v1.0,reservation-no-show-feature-v1.0,29,5
RES-9a95f80eb643f4233e2c13ead6214deb,2026-08-02 18:00:00,True,0.006597635899926322,29,False,LOW,TOP_15_PERCENT_DAILY_COHORT,SUCCESS,reservation-no-show-v1.0,reservation-no-show-feature-v1.0,29,5
RES-e5ba22924dc1c88f2b87f548b8af4339,2026-08-19 18:00:00,True,0.004064200126905056,27,False,LOW,TOP_15_PERCENT_DAILY_COHORT,SUCCESS,reservation-no-show-v1.0,reservation-no-show-feature-v1.0,29,5
RES-d1a789f099598856975232ebbe3e36db,2026-09-05 18:00:00,True,0.01585342537513054,7,False,LOW,TOP_15_PERCENT_DAILY_COHORT,SUCCESS,reservation-no-show-v1.0,reservation-no-show-feature-v1.0,29,5
RES-d4f918da5e8dd09f8d565f314386cbf6,2026-09-22 18:00:00,True,0.007084180947216528,20,False,LOW,TOP_15_PERCENT_DAILY_COHORT,SUCCESS,reservation-no-show-v1.0,reservation-no-show-feature-v1.0,29,5
RES-a6f1218880a8a8dc6456baf1031117cb,2026-10-09 18:00:00,True,0.007363487157536459,20,False,LOW,TOP_15_PERCENT_DAILY_COHORT,SUCCESS,reservation-no-show-v1.0,reservation-no-show-feature-v1.0,29,5
RES-1703f1bab1eb96307d2390af6a860f64,2026-10-26 18:00:00,True,0.014638911346189127,9,False,LOW,TOP_15_PERCENT_DAILY_COHORT,SUCCESS,reservation-no-show-v1.0,reservation-no-show-feature-v1.0,29,5
RES-998eddf18ea9f13315885c086ae5d5fb,2026-11-12 18:00:00,True,0.005099068250060915,22,False,LOW,TOP_15_PERCENT_DAILY_COHORT,SUCCESS,reservation-no-show-v1.0,reservation-no-show-feature-v1.0,29,5
RES-bbe1dce4cc8ed8aff0084ffebf386f00,2026-11-29 18:00:00,True,0.007487927021245467,16,False,LOW,TOP_15_PERCENT_DAILY_COHORT,SUCCESS,reservation-no-show-v1.0,reservation-no-show-feature-v1.0,29,5
RES-62262591806e7622947edf1379b5d5f9,2026-12-16 18:00:00,True,0.027652345714150057,2,True,HIGH,TOP_15_PERCENT_DAILY_COHORT,SUCCESS,reservation-no-show-v1.0,reservation-no-show-feature-v1.0,29,5
RES-91251e10acdeedda3e25ce97bc1da634,2026-08-01 18:00:00,True,0.021342591558691094,7,False,LOW,TOP_15_PERCENT_DAILY_COHORT,SUCCESS,reservation-no-show-v1.0,reservation-no-show-feature-v1.0,29,5
RES-e321e47073949456f79be007bbb1a983,2026-08-18 18:00:00,True,0.007796141406232919,21,False,LOW,TOP_15_PERCENT_DAILY_COHORT,SUCCESS,reservation-no-show-v1.0,reservation-no-show-feature-v1.0,29,5
RES-83b9bcc298b0b48d441b7485a0277f28,2026-09-04 18:00:00,True,0.004549181399875516,21,False,LOW,TOP_15_PERCENT_DAILY_COHORT,SUCCESS,reservation-no-show-v1.0,reservation-no-show-feature-v1.0,29,5
RES-4335af0301455c21da76ef31ff6c7520,2026-09-21 18:00:00,True,0.016120342476040727,8,False,LOW,TOP_15_PERCENT_DAILY_COHORT,SUCCESS,reservation-no-show-v1.0,reservation-no-show-feature-v1.0,29,5
RES-e3b387167d94a76b424dfa69f5645121,2026-10-08 18:00:00,True,0.0068906658303482925,19,False,LOW,TOP_15_PERCENT_DAILY_COHORT,SUCCESS,reservation-no-show-v1.0,reservation-no-show-feature-v1.0,29,5
RES-227db11b4137a0d0f08c623b1f355dff,2026-10-25 18:00:00,True,0.007488550595835813,23,False,LOW,TOP_15_PERCENT_DAILY_COHORT,SUCCESS,reservation-no-show-v1.0,reservation-no-show-feature-v1.0,29,5
RES-18be23fa512d258dd43bedbf7dd596e7,2026-11-11 18:00:00,True,0.012950133155059464,10,False,LOW,TOP_15_PERCENT_DAILY_COHORT,SUCCESS,reservation-no-show-v1.0,reservation-no-show-feature-v1.0,29,5
RES-eaeefb35b32a3b5648b26027195b3126,2026-11-28 18:00:00,True,0.0042935353213235635,28,False,LOW,TOP_15_PERCENT_DAILY_COHORT,SUCCESS,reservation-no-show-v1.0,reservation-no-show-feature-v1.0,29,5
RES-e69742df9ed484f400c40f54928ec951,2026-12-15 18:00:00,True,0.007283463871700587,17,False,LOW,TOP_15_PERCENT_DAILY_COHORT,SUCCESS,reservation-no-show-v1.0,reservation-no-show-feature-v1.0,29,5
RES-60678a55fd300d8e183877b72eab5983,2026-07-31 18:00:00,True,0.005519424588766148,17,False,LOW,TOP_15_PERCENT_DAILY_COHORT,SUCCESS,reservation-no-show-v1.0,reservation-no-show-feature-v1.0,29,5
RES-a942b37cd0c5e8fd7e9d165ae14fd8d4,2026-08-17 18:00:00,True,0.02169988953875049,8,False,LOW,TOP_15_PERCENT_DAILY_COHORT,SUCCESS,reservation-no-show-v1.0,reservation-no-show-feature-v1.0,29,5
RES-509e750e169d179c472e9b6fdf403781,2026-09-03 18:00:00,True,0.006261917686000236,29,False,LOW,TOP_15_PERCENT_DAILY_COHORT,SUCCESS,reservation-no-show-v1.0,reservation-no-show-feature-v1.0,29,5
RES-4f62a88ea1163b650c1366ff45a6a246,2026-09-20 18:00:00,True,0.005604948684313298,12,False,LOW,TOP_15_PERCENT_DAILY_COHORT,SUCCESS,reservation-no-show-v1.0,reservation-no-show-feature-v1.0,29,5
RES-f446cac1cd88e28fa78e46caf7ca5cef,2026-10-07 18:00:00,True,0.020833919383309578,1,True,HIGH,TOP_15_PERCENT_DAILY_COHORT,SUCCESS,reservation-no-show-v1.0,reservation-no-show-feature-v1.0,29,5
RES-b5afa2272ce422178fedfe6186d165dd,2026-10-24 18:00:00,True,0.0070291632347367315,18,False,LOW,TOP_15_PERCENT_DAILY_COHORT,SUCCESS,reservation-no-show-v1.0,reservation-no-show-feature-v1.0,29,5
RES-7d91844c913c8975779433fe8d5f1abd,2026-11-10 18:00:00,True,0.008015290597222589,15,False,LOW,TOP_15_PERCENT_DAILY_COHORT,SUCCESS,reservation-no-show-v1.0,reservation-no-show-feature-v1.0,29,5
RES-4c7ddcf4661bc65cd496c4d066fb29ec,2026-11-27 18:00:00,True,0.01756059988026226,4,True,HIGH,TOP_15_PERCENT_DAILY_COHORT,SUCCESS,reservation-no-show-v1.0,reservation-no-show-feature-v1.0,29,5
RES-4fb5d153289ce9cb55b0ca2228c72e53,2026-12-14 18:00:00,True,0.005803923681164498,13,False,LOW,TOP_15_PERCENT_DAILY_COHORT,SUCCESS,reservation-no-show-v1.0,reservation-no-show-feature-v1.0,29,5
RES-5ae87b33ea8d9430718f9d9ac8a9354d,2026-07-30 18:00:00,True,0.004270321971124674,23,False,LOW,TOP_15_PERCENT_DAILY_COHORT,SUCCESS,reservation-no-show-v1.0,reservation-no-show-feature-v1.0,29,5
RES-d7b0d694ecba2f949cf9308686c870f8,2026-08-16 18:00:00,True,0.00617789113212208,13,False,LOW,TOP_15_PERCENT_DAILY_COHORT,SUCCESS,reservation-no-show-v1.0,reservation-no-show-feature-v1.0,29,5
RES-546809538bd3ad7574bc78ecb84b91d6,2026-09-02 18:00:00,True,0.023202877316673327,5,True,HIGH,TOP_15_PERCENT_DAILY_COHORT,SUCCESS,reservation-no-show-v1.0,reservation-no-show-feature-v1.0,29,5
RES-ec95b6719bdca1a8f9d3dbc89f100f41,2026-09-19 18:00:00,True,0.007029748875297675,26,False,LOW,TOP_15_PERCENT_DAILY_COHORT,SUCCESS,reservation-no-show-v1.0,reservation-no-show-feature-v1.0,29,5
RES-cc580d89e43c9045dbd8f0371ac82dc1,2026-10-06 18:00:00,True,0.004849753273338317,22,False,LOW,TOP_15_PERCENT_DAILY_COHORT,SUCCESS,reservation-no-show-v1.0,reservation-no-show-feature-v1.0,29,5
RES-b9e8eac332694286efec7b3979f54679,2026-10-23 18:00:00,True,0.019331899790092727,4,True,HIGH,TOP_15_PERCENT_DAILY_COHORT,SUCCESS,reservation-no-show-v1.0,reservation-no-show-feature-v1.0,29,5
RES-23b4f7cf2f3fd8fc2aa8580a5b2493e1,2026-11-09 18:00:00,True,0.006475170771150847,23,False,LOW,TOP_15_PERCENT_DAILY_COHORT,SUCCESS,reservation-no-show-v1.0,reservation-no-show-feature-v1.0,29,5
RES-0762519861ecca9b8d5aaf06552c902e,2026-11-26 18:00:00,True,0.0071078228887679834,23,False,LOW,TOP_15_PERCENT_DAILY_COHORT,SUCCESS,reservation-no-show-v1.0,reservation-no-show-feature-v1.0,29,5
RES-14a292c9f987cb5a02720cec3155de2e,2026-12-13 18:00:00,True,0.014724196945719335,7,False,LOW,TOP_15_PERCENT_DAILY_COHORT,SUCCESS,reservation-no-show-v1.0,reservation-no-show-feature-v1.0,29,5
RES-9641dd6a2eb64c1edace1c384d056aa6,2026-07-29 18:00:00,True,0.028088551235940815,2,True,HIGH,TOP_15_PERCENT_DAILY_COHORT,SUCCESS,reservation-no-show-v1.0,reservation-no-show-feature-v1.0,29,5
RES-a3c2c375a636b45b0dbcf8685afbecfb,2026-08-15 18:00:00,True,0.004342439022499332,21,False,LOW,TOP_15_PERCENT_DAILY_COHORT,SUCCESS,reservation-no-show-v1.0,reservation-no-show-feature-v1.0,29,5
RES-83f39ef7438c31ad4a52221702a58563,2026-09-01 18:00:00,True,0.007277407537435846,11,False,LOW,TOP_15_PERCENT_DAILY_COHORT,SUCCESS,reservation-no-show-v1.0,reservation-no-show-feature-v1.0,29,5
RES-285ed946f40348381ec3e47e4fb71f89,2026-09-18 18:00:00,True,0.023661426836779142,7,False,LOW,TOP_15_PERCENT_DAILY_COHORT,SUCCESS,reservation-no-show-v1.0,reservation-no-show-feature-v1.0,29,5
RES-d2945f0e39effb0fb487c2cb88c07ab4,2026-10-05 18:00:00,True,0.006475710556381478,29,False,LOW,TOP_15_PERCENT_DAILY_COHORT,SUCCESS,reservation-no-show-v1.0,reservation-no-show-feature-v1.0,29,5
RES-38f9b703cde0b0845f40051cc8ac5172,2026-10-22 18:00:00,True,0.004390799127545533,21,False,LOW,TOP_15_PERCENT_DAILY_COHORT,SUCCESS,reservation-no-show-v1.0,reservation-no-show-feature-v1.0,29,5
RES-96118caeb73fefb8aa1b51271cfa556f,2026-11-08 18:00:00,True,0.02153444479784796,1,True,HIGH,TOP_15_PERCENT_DAILY_COHORT,SUCCESS,reservation-no-show-v1.0,reservation-no-show-feature-v1.0,29,5
RES-4d55323743e3fba66fc76cc21e90c26c,2026-11-25 18:00:00,True,0.006318370935372038,27,False,LOW,TOP_15_PERCENT_DAILY_COHORT,SUCCESS,reservation-no-show-v1.0,reservation-no-show-feature-v1.0,29,5
RES-69b07e6f6b8cfe831b84972a3e5c6a9e,2026-12-12 18:00:00,True,0.009627929087274216,12,False,LOW,TOP_15_PERCENT_DAILY_COHORT,SUCCESS,reservation-no-show-v1.0,reservation-no-show-feature-v1.0,29,5
RES-c41afda08326d50e4f93f5db5e196d44,2026-07-28 18:00:00,True,0.006725261824987165,25,False,LOW,TOP_15_PERCENT_DAILY_COHORT,SUCCESS,reservation-no-show-v1.0,reservation-no-show-feature-v1.0,29,5
RES-8f03d674766067367983b00d46a81fc7,2026-08-14 18:00:00,True,0.02366336518498761,5,True,HIGH,TOP_15_PERCENT_DAILY_COHORT,SUCCESS,reservation-no-show-v1.0,reservation-no-show-feature-v1.0,29,5
RES-90f93a9481250690765918902eaf6928,2026-08-31 18:00:00,True,0.0048456254285311785,19,False,LOW,TOP_15_PERCENT_DAILY_COHORT,SUCCESS,reservation-no-show-v1.0,reservation-no-show-feature-v1.0,29,5
RES-71e6b39d7ba01e03564700a03c624142,2026-09-17 18:00:00,True,0.004840234326763316,25,False,LOW,TOP_15_PERCENT_DAILY_COHORT,SUCCESS,reservation-no-show-v1.0,reservation-no-show-feature-v1.0,29,5
RES-a5798f4e72576b95141260ae10a5719b,2026-10-04 18:00:00,True,0.026343997619689363,6,False,LOW,TOP_15_PERCENT_DAILY_COHORT,SUCCESS,reservation-no-show-v1.0,reservation-no-show-feature-v1.0,29,5
RES-d755c10f147357f0b629910e96e82606,2026-10-21 18:00:00,True,0.008420103613710974,16,False,LOW,TOP_15_PERCENT_DAILY_COHORT,SUCCESS,reservation-no-show-v1.0,reservation-no-show-feature-v1.0,29,5
RES-ac98c4eda73ff099f328c5ae6c232ead,2026-11-07 18:00:00,True,0.004914561163902508,16,False,LOW,TOP_15_PERCENT_DAILY_COHORT,SUCCESS,reservation-no-show-v1.0,reservation-no-show-feature-v1.0,29,5
RES-9178b6ec9e8114aac899aa1267263f8b,2026-11-24 18:00:00,True,0.017398847380460845,5,True,HIGH,TOP_15_PERCENT_DAILY_COHORT,SUCCESS,reservation-no-show-v1.0,reservation-no-show-feature-v1.0,29,5
RES-9c8a89b86d394387d6548ca549d153d5,2026-12-11 18:00:00,True,0.007780374793889433,16,False,LOW,TOP_15_PERCENT_DAILY_COHORT,SUCCESS,reservation-no-show-v1.0,reservation-no-show-feature-v1.0,29,5
RES-7f9d8b74a1b75d1c0483a386ea41027b,2026-08-13 18:00:00,True,0.007198701977023097,15,False,LOW,TOP_15_PERCENT_DAILY_COHORT,SUCCESS,reservation-no-show-v1.0,reservation-no-show-feature-v1.0,29,5
RES-2bea8549dd19b539daed720bf3612859,2026-08-30 18:00:00,True,0.026428876536818323,5,True,HIGH,TOP_15_PERCENT_DAILY_COHORT,SUCCESS,reservation-no-show-v1.0,reservation-no-show-feature-v1.0,29,5
RES-cab743a8202519b2c1b5410fa391c859,2026-09-16 18:00:00,True,0.005204078962459957,17,False,LOW,TOP_15_PERCENT_DAILY_COHORT,SUCCESS,reservation-no-show-v1.0,reservation-no-show-feature-v1.0,29,5
RES-45d063d81ad07093d9657bc6b2004914,2026-10-03 18:00:00,True,0.004471637984317481,26,False,LOW,TOP_15_PERCENT_DAILY_COHORT,SUCCESS,reservation-no-show-v1.0,reservation-no-show-feature-v1.0,29,5
RES-086fcfcb9a7a252ed757503407adba78,2026-10-20 18:00:00,True,0.02341037935279812,6,False,LOW,TOP_15_PERCENT_DAILY_COHORT,SUCCESS,reservation-no-show-v1.0,reservation-no-show-feature-v1.0,29,5
RES-f45c921dbdbe82c09de6c8f9c9a7521d,2026-11-06 18:00:00,True,0.0070710219767702795,25,False,LOW,TOP_15_PERCENT_DAILY_COHORT,SUCCESS,reservation-no-show-v1.0,reservation-no-show-feature-v1.0,29,5
RES-f10a5cff838b4383c642fd329f10a458,2026-11-23 18:00:00,True,0.0045410006452492446,23,False,LOW,TOP_15_PERCENT_DAILY_COHORT,SUCCESS,reservation-no-show-v1.0,reservation-no-show-feature-v1.0,29,5
RES-75c35952565b7dec2e6f9b5570f1a4a3,2026-12-10 18:00:00,True,0.015396651682803143,9,False,LOW,TOP_15_PERCENT_DAILY_COHORT,SUCCESS,reservation-no-show-v1.0,reservation-no-show-feature-v1.0,29,5
RES-7654c2826b403dd87756efde60cce625,2026-08-12 18:00:00,True,0.00473518725221237,23,False,LOW,TOP_15_PERCENT_DAILY_COHORT,SUCCESS,reservation-no-show-v1.0,reservation-no-show-feature-v1.0,29,5
RES-ef4da96c4f7ea2199a227f3e373a913a,2026-08-29 18:00:00,True,0.008080466850912505,12,False,LOW,TOP_15_PERCENT_DAILY_COHORT,SUCCESS,reservation-no-show-v1.0,reservation-no-show-feature-v1.0,29,5
RES-af8dda9d01e82d11143da11aaeac6f66,2026-09-15 18:00:00,True,0.025720620311941077,6,False,LOW,TOP_15_PERCENT_DAILY_COHORT,SUCCESS,reservation-no-show-v1.0,reservation-no-show-feature-v1.0,29,5
RES-2ccd9d6e001eb6428edaa884cf8dd567,2026-10-02 18:00:00,True,0.0043680037802880595,28,False,LOW,TOP_15_PERCENT_DAILY_COHORT,SUCCESS,reservation-no-show-v1.0,reservation-no-show-feature-v1.0,29,5
RES-5b816217de93d3272a93a7d10c2d3b77,2026-10-19 18:00:00,True,0.006063675389544377,11,False,LOW,TOP_15_PERCENT_DAILY_COHORT,SUCCESS,reservation-no-show-v1.0,reservation-no-show-feature-v1.0,29,5
RES-2d19876016da5b063a4badb5862bf79d,2026-11-05 18:00:00,True,0.022781121727987498,7,False,LOW,TOP_15_PERCENT_DAILY_COHORT,SUCCESS,reservation-no-show-v1.0,reservation-no-show-feature-v1.0,29,5
RES-6ecc0952276ef73f830ad6edb5f4afb3,2026-11-22 18:00:00,True,0.008706935136242783,16,False,LOW,TOP_15_PERCENT_DAILY_COHORT,SUCCESS,reservation-no-show-v1.0,reservation-no-show-feature-v1.0,29,5
RES-88d6494f207bfe69a1da7c19b567a9da,2026-12-09 18:00:00,True,0.004012396903010987,26,False,LOW,TOP_15_PERCENT_DAILY_COHORT,SUCCESS,reservation-no-show-v1.0,reservation-no-show-feature-v1.0,29,5
RES-d7eed25a4e54f5dbf96c85113082e002,2026-08-11 18:00:00,True,0.013234326222770576,10,False,LOW,TOP_15_PERCENT_DAILY_COHORT,SUCCESS,reservation-no-show-v1.0,reservation-no-show-feature-v1.0,29,5
RES-46bb82299fb623575d0cac5b8355fded,2026-08-28 18:00:00,True,0.0058517123704514215,17,False,LOW,TOP_15_PERCENT_DAILY_COHORT,SUCCESS,reservation-no-show-v1.0,reservation-no-show-feature-v1.0,29,5
RES-09fb4689989f8c7bbf257dcb9d9f3160,2026-09-14 18:00:00,True,0.008191404767490576,12,False,LOW,TOP_15_PERCENT_DAILY_COHORT,SUCCESS,reservation-no-show-v1.0,reservation-no-show-feature-v1.0,29,5
RES-6a8f6e1a6b697975cb482235f2caa1cc,2026-10-01 18:00:00,True,0.03314674055081189,1,True,HIGH,TOP_15_PERCENT_DAILY_COHORT,SUCCESS,reservation-no-show-v1.0,reservation-no-show-feature-v1.0,29,5
RES-d67420c5333d30344f362f34c34ba19c,2026-10-18 18:00:00,True,0.004442418816022352,23,False,LOW,TOP_15_PERCENT_DAILY_COHORT,SUCCESS,reservation-no-show-v1.0,reservation-no-show-feature-v1.0,29,5
RES-75a7e7fb5d7c7712e5b841a24f70d1af,2026-11-04 18:00:00,True,0.0053587759976845215,18,False,LOW,TOP_15_PERCENT_DAILY_COHORT,SUCCESS,reservation-no-show-v1.0,reservation-no-show-feature-v1.0,29,5
RES-a4f06ecc1949c70c3f3b6da04b483184,2026-11-21 18:00:00,True,0.028032905515306815,1,True,HIGH,TOP_15_PERCENT_DAILY_COHORT,SUCCESS,reservation-no-show-v1.0,reservation-no-show-feature-v1.0,29,5
RES-42f2be83795e55e6621606dcd98182ca,2026-12-08 18:00:00,True,0.00769713763860727,18,False,LOW,TOP_15_PERCENT_DAILY_COHORT,SUCCESS,reservation-no-show-v1.0,reservation-no-show-feature-v1.0,29,5
RES-2dff89787007d84cac4bc7c477f709ac,2026-08-10 18:00:00,True,0.008192086442287399,19,False,LOW,TOP_15_PERCENT_DAILY_COHORT,SUCCESS,reservation-no-show-v1.0,reservation-no-show-feature-v1.0,30,5
RES-a6cb2974ef1053411f0b133139dbe5ab,2026-08-27 18:00:00,True,0.012915977527715429,9,False,LOW,TOP_15_PERCENT_DAILY_COHORT,SUCCESS,reservation-no-show-v1.0,reservation-no-show-feature-v1.0,30,5
RES-1b56c0c38955088590c837c99a80f9fa,2026-09-13 18:00:00,True,0.004449081502931995,28,False,LOW,TOP_15_PERCENT_DAILY_COHORT,SUCCESS,reservation-no-show-v1.0,reservation-no-show-feature-v1.0,30,5
RES-f8ded76c5f9c9f0d4b464e760f834651,2026-09-30 18:00:00,True,0.006579911942659048,24,False,LOW,TOP_15_PERCENT_DAILY_COHORT,SUCCESS,reservation-no-show-v1.0,reservation-no-show-feature-v1.0,30,5
RES-7c27e5946e322e4527123622b4e2b9f3,2026-10-17 18:00:00,True,0.02803519169275149,3,True,HIGH,TOP_15_PERCENT_DAILY_COHORT,SUCCESS,reservation-no-show-v1.0,reservation-no-show-feature-v1.0,30,5
RES-fcbcf02c59d15921a62cb1c4695217b2,2026-11-03 18:00:00,True,0.0039252454274513885,30,False,LOW,TOP_15_PERCENT_DAILY_COHORT,SUCCESS,reservation-no-show-v1.0,reservation-no-show-feature-v1.0,30,5
RES-7e6a7f0772e532904eaa11aa3723297a,2026-11-20 18:00:00,True,0.005466653008743596,16,False,LOW,TOP_15_PERCENT_DAILY_COHORT,SUCCESS,reservation-no-show-v1.0,reservation-no-show-feature-v1.0,30,5
RES-1bd435a50712d7f6fe2ae6573c08c67d,2026-12-07 18:00:00,True,0.025866658265887202,1,True,HIGH,TOP_15_PERCENT_DAILY_COHORT,SUCCESS,reservation-no-show-v1.0,reservation-no-show-feature-v1.0,30,5
RES-51f2ac422d661d89d8a13c4b3b8800c3,2026-12-24 18:00:00,True,0.006202091354005601,29,False,LOW,TOP_15_PERCENT_DAILY_COHORT,SUCCESS,reservation-no-show-v1.0,reservation-no-show-feature-v1.0,30,5
RES-911bf988164ec0efa79f0be58fa7c473,2026-08-09 18:00:00,True,0.0066182223411103734,26,False,LOW,TOP_15_PERCENT_DAILY_COHORT,SUCCESS,reservation-no-show-v1.0,reservation-no-show-feature-v1.0,29,5
RES-3e9601a569b63120f970b4a76015942c,2026-08-26 18:00:00,True,0.007264749014844378,26,False,LOW,TOP_15_PERCENT_DAILY_COHORT,SUCCESS,reservation-no-show-v1.0,reservation-no-show-feature-v1.0,29,5
RES-a1e1c4505a77aa4a2e292b656554fc89,2026-09-12 18:00:00,True,0.014441924975977098,7,False,LOW,TOP_15_PERCENT_DAILY_COHORT,SUCCESS,reservation-no-show-v1.0,reservation-no-show-feature-v1.0,29,5
RES-607a5a01378751340c312bc2765d9645,2026-09-29 18:00:00,True,0.005259353822884355,22,False,LOW,TOP_15_PERCENT_DAILY_COHORT,SUCCESS,reservation-no-show-v1.0,reservation-no-show-feature-v1.0,29,5
RES-eaea4121f49af1643f0c0b3e8dcc30f9,2026-10-16 18:00:00,True,0.006572383837583651,23,False,LOW,TOP_15_PERCENT_DAILY_COHORT,SUCCESS,reservation-no-show-v1.0,reservation-no-show-feature-v1.0,29,5
RES-96cbf97b56e529a4fd09cf5b40872e4d,2026-11-02 18:00:00,True,0.03119778514627389,3,True,HIGH,TOP_15_PERCENT_DAILY_COHORT,SUCCESS,reservation-no-show-v1.0,reservation-no-show-feature-v1.0,29,5
RES-0e58eb9134fbb080d93ebee2bf65b124,2026-11-19 18:00:00,True,0.005107774354217813,12,False,LOW,TOP_15_PERCENT_DAILY_COHORT,SUCCESS,reservation-no-show-v1.0,reservation-no-show-feature-v1.0,29,5
RES-acdb5ed79aa6e757d1e73bac74b6eb04,2026-12-06 18:00:00,True,0.006712402096146877,14,False,LOW,TOP_15_PERCENT_DAILY_COHORT,SUCCESS,reservation-no-show-v1.0,reservation-no-show-feature-v1.0,29,5
RES-c49a9b6987e2fbd963cc2977d18b574c,2026-12-23 18:00:00,True,0.020916863376118987,8,False,LOW,TOP_15_PERCENT_DAILY_COHORT,SUCCESS,reservation-no-show-v1.0,reservation-no-show-feature-v1.0,29,5
RES-a36433357893502841e60fd2f1e816c5,2026-08-08 18:00:00,True,0.023212527123193338,2,True,HIGH,TOP_15_PERCENT_DAILY_COHORT,SUCCESS,reservation-no-show-v1.0,reservation-no-show-feature-v1.0,29,5
RES-b718f8515da4047c57271d110feb3540,2026-08-25 18:00:00,True,0.0071068667020654855,21,False,LOW,TOP_15_PERCENT_DAILY_COHORT,SUCCESS,reservation-no-show-v1.0,reservation-no-show-feature-v1.0,29,5
RES-639fde25dc1f34c8985826f184722b9e,2026-09-11 18:00:00,True,0.013096560396371422,11,False,LOW,TOP_15_PERCENT_DAILY_COHORT,SUCCESS,reservation-no-show-v1.0,reservation-no-show-feature-v1.0,29,5
RES-49d49ced253663ce38225a2a35975c8f,2026-09-28 18:00:00,True,0.014685431888248586,7,False,LOW,TOP_15_PERCENT_DAILY_COHORT,SUCCESS,reservation-no-show-v1.0,reservation-no-show-feature-v1.0,29,5
RES-8224f7c8050de926d7813f9bf2c94791,2026-10-15 18:00:00,True,0.005115429806024711,19,False,LOW,TOP_15_PERCENT_DAILY_COHORT,SUCCESS,reservation-no-show-v1.0,reservation-no-show-feature-v1.0,29,5
RES-e236940d25330d2aab69ada16f120700,2026-11-01 18:00:00,True,0.007487927021245467,14,False,LOW,TOP_15_PERCENT_DAILY_COHORT,SUCCESS,reservation-no-show-v1.0,reservation-no-show-feature-v1.0,29,5
RES-390f660c66cf7e3de43b2c078b8c57a4,2026-11-18 18:00:00,True,0.02298682501499701,8,False,LOW,TOP_15_PERCENT_DAILY_COHORT,SUCCESS,reservation-no-show-v1.0,reservation-no-show-feature-v1.0,29,5
RES-3fce4deef55e9e3dcf5be991629a746a,2026-12-05 18:00:00,True,0.004718900757695222,19,False,LOW,TOP_15_PERCENT_DAILY_COHORT,SUCCESS,reservation-no-show-v1.0,reservation-no-show-feature-v1.0,29,5
RES-38d25648889b84b4c77fb0d1437a7038,2026-12-22 18:00:00,True,0.004913080709247872,22,False,LOW,TOP_15_PERCENT_DAILY_COHORT,SUCCESS,reservation-no-show-v1.0,reservation-no-show-feature-v1.0,29,5
RES-be78dfc77f882111673dc86ff9769819,2026-08-07 18:00:00,True,0.004563786608761287,24,False,LOW,TOP_15_PERCENT_DAILY_COHORT,SUCCESS,reservation-no-show-v1.0,reservation-no-show-feature-v1.0,29,5
RES-07322b664e1433b3a8eae963b9cae766,2026-08-24 18:00:00,True,0.019542926477608885,3,True,HIGH,TOP_15_PERCENT_DAILY_COHORT,SUCCESS,reservation-no-show-v1.0,reservation-no-show-feature-v1.0,29,5
RES-49efebd0048fdf6d1ee163e90755a1a2,2026-09-10 18:00:00,True,0.006912736203849654,15,False,LOW,TOP_15_PERCENT_DAILY_COHORT,SUCCESS,reservation-no-show-v1.0,reservation-no-show-feature-v1.0,29,5
RES-824ea8cf7c196b3da377a269b0eb954e,2026-09-27 18:00:00,True,0.006826852454751524,28,False,LOW,TOP_15_PERCENT_DAILY_COHORT,SUCCESS,reservation-no-show-v1.0,reservation-no-show-feature-v1.0,29,5
RES-b4ff9122dd0e009d879f4b1d0497d76c,2026-10-14 18:00:00,True,0.01428726487439948,7,False,LOW,TOP_15_PERCENT_DAILY_COHORT,SUCCESS,reservation-no-show-v1.0,reservation-no-show-feature-v1.0,29,5
RES-bc5f086edc8023bd7bfa42a881453519,2026-10-31 18:00:00,True,0.0042935353213235635,28,False,LOW,TOP_15_PERCENT_DAILY_COHORT,SUCCESS,reservation-no-show-v1.0,reservation-no-show-feature-v1.0,29,5
RES-345d82134c0078c33a9843a05f0defb4,2026-11-17 18:00:00,True,0.007306783096361508,19,False,LOW,TOP_15_PERCENT_DAILY_COHORT,SUCCESS,reservation-no-show-v1.0,reservation-no-show-feature-v1.0,29,5
RES-afa5b14b74e2d76095d92fa29e65d467,2026-12-04 18:00:00,True,0.021265849351953525,10,False,LOW,TOP_15_PERCENT_DAILY_COHORT,SUCCESS,reservation-no-show-v1.0,reservation-no-show-feature-v1.0,29,5
RES-c66f5c562e352549fdd772bc36d61300,2026-12-21 18:00:00,True,0.004799264996810735,18,False,LOW,TOP_15_PERCENT_DAILY_COHORT,SUCCESS,reservation-no-show-v1.0,reservation-no-show-feature-v1.0,29,5
RES-2395fc136d18f6cb4e09f87712a83107,2026-08-06 18:00:00,True,0.009210345038759662,11,False,LOW,TOP_15_PERCENT_DAILY_COHORT,SUCCESS,reservation-no-show-v1.0,reservation-no-show-feature-v1.0,29,5
RES-71bc34c011925bb227299b61b0bc0f09,2026-08-23 18:00:00,True,0.004641521528598457,23,False,LOW,TOP_15_PERCENT_DAILY_COHORT,SUCCESS,reservation-no-show-v1.0,reservation-no-show-feature-v1.0,29,5
RES-b8aff94e08ebce8e10722aa5108bd547,2026-09-09 18:00:00,True,0.015733678239092115,5,True,HIGH,TOP_15_PERCENT_DAILY_COHORT,SUCCESS,reservation-no-show-v1.0,reservation-no-show-feature-v1.0,29,5
RES-82396eb9735bce99d1bcd7632a839172,2026-09-26 18:00:00,True,0.006407795094531577,27,False,LOW,TOP_15_PERCENT_DAILY_COHORT,SUCCESS,reservation-no-show-v1.0,reservation-no-show-feature-v1.0,29,5
RES-dc0f5598b5e1160dd2c9f88e7e339fa2,2026-10-13 18:00:00,True,0.008847455437487571,16,False,LOW,TOP_15_PERCENT_DAILY_COHORT,SUCCESS,reservation-no-show-v1.0,reservation-no-show-feature-v1.0,29,5
RES-bcb47b54d0b7cd4245108bdc749d6fa8,2026-10-30 18:00:00,True,0.014572247141670604,8,False,LOW,TOP_15_PERCENT_DAILY_COHORT,SUCCESS,reservation-no-show-v1.0,reservation-no-show-feature-v1.0,29,5
RES-91b95e04602454e8d854a76339f303db,2026-11-16 18:00:00,True,0.005290287949302044,21,False,LOW,TOP_15_PERCENT_DAILY_COHORT,SUCCESS,reservation-no-show-v1.0,reservation-no-show-feature-v1.0,29,5
RES-e0dfbc18ee4b01ef962d86a26595b05b,2026-12-03 18:00:00,True,0.007107230790502343,20,False,LOW,TOP_15_PERCENT_DAILY_COHORT,SUCCESS,reservation-no-show-v1.0,reservation-no-show-feature-v1.0,29,5
RES-153ea36728c7e0a34efe5712a515cb01,2026-12-20 18:00:00,True,0.02609947845118605,6,False,LOW,TOP_15_PERCENT_DAILY_COHORT,SUCCESS,reservation-no-show-v1.0,reservation-no-show-feature-v1.0,29,5
RES-cfc1eca5469316aa81ff0d3b306965b6,2026-08-05 18:00:00,True,0.019273193463083673,10,False,LOW,TOP_15_PERCENT_DAILY_COHORT,SUCCESS,reservation-no-show-v1.0,reservation-no-show-feature-v1.0,29,5
RES-1a38e85ad5dd2d27aecf75b5d49fe20c,2026-08-22 18:00:00,True,0.007052261559730432,21,False,LOW,TOP_15_PERCENT_DAILY_COHORT,SUCCESS,reservation-no-show-v1.0,reservation-no-show-feature-v1.0,29,5
RES-dea877c183e15f5aa538282e79b9ec95,2026-09-08 18:00:00,True,0.004514427974013743,17,False,LOW,TOP_15_PERCENT_DAILY_COHORT,SUCCESS,reservation-no-show-v1.0,reservation-no-show-feature-v1.0,29,5
RES-f52385ac06f1a72198c00a2c06e11876,2026-09-25 18:00:00,True,0.01764230966834298,5,True,HIGH,TOP_15_PERCENT_DAILY_COHORT,SUCCESS,reservation-no-show-v1.0,reservation-no-show-feature-v1.0,29,5
RES-5bef5cb317ba842d8c3e491cbadddbd6,2026-10-12 18:00:00,True,0.006495919044636758,25,False,LOW,TOP_15_PERCENT_DAILY_COHORT,SUCCESS,reservation-no-show-v1.0,reservation-no-show-feature-v1.0,29,5
RES-55e3d187150f60f924656eb17e3286be,2026-10-29 18:00:00,True,0.0064795467196554525,28,False,LOW,TOP_15_PERCENT_DAILY_COHORT,SUCCESS,reservation-no-show-v1.0,reservation-no-show-feature-v1.0,29,5
RES-8d2f35eb9ed53522013fab2a9843ad77,2026-11-15 18:00:00,True,0.021570604110618407,1,True,HIGH,TOP_15_PERCENT_DAILY_COHORT,SUCCESS,reservation-no-show-v1.0,reservation-no-show-feature-v1.0,29,5
RES-deb0b06b5d005020c5e31d0b162c79e5,2026-12-02 18:00:00,True,0.005663285809822274,20,False,LOW,TOP_15_PERCENT_DAILY_COHORT,SUCCESS,reservation-no-show-v1.0,reservation-no-show-feature-v1.0,29,5
RES-77875b6dc04a93edb4941ba19011da78,2026-12-19 18:00:00,True,0.00797788144558298,14,False,LOW,TOP_15_PERCENT_DAILY_COHORT,SUCCESS,reservation-no-show-v1.0,reservation-no-show-feature-v1.0,29,5
RES-27e22873bd7ba88d85b616de799d4417,2026-08-04 18:00:00,True,0.006634241565487896,12,False,LOW,TOP_15_PERCENT_DAILY_COHORT,SUCCESS,reservation-no-show-v1.0,reservation-no-show-feature-v1.0,29,5
RES-08cae291bbb901d83907efddc1babb80,2026-08-21 18:00:00,True,0.02373592907467498,4,True,HIGH,TOP_15_PERCENT_DAILY_COHORT,SUCCESS,reservation-no-show-v1.0,reservation-no-show-feature-v1.0,29,5
RES-cd700dba085a1323c668f7ace7381e1b,2026-09-07 18:00:00,True,0.007866971534795753,19,False,LOW,TOP_15_PERCENT_DAILY_COHORT,SUCCESS,reservation-no-show-v1.0,reservation-no-show-feature-v1.0,29,5
RES-8b948f494039fb23fe555ae5e7adbc50,2026-09-24 18:00:00,True,0.004404898098063159,21,False,LOW,TOP_15_PERCENT_DAILY_COHORT,SUCCESS,reservation-no-show-v1.0,reservation-no-show-feature-v1.0,29,5
RES-181327c780767ffed265f8ea5ab6b4af,2026-10-11 18:00:00,True,0.016265560510627844,10,False,LOW,TOP_15_PERCENT_DAILY_COHORT,SUCCESS,reservation-no-show-v1.0,reservation-no-show-feature-v1.0,29,5
RES-5847a0242ee4c07ebba90ab82be531bd,2026-10-28 18:00:00,True,0.0076760897686543,13,False,LOW,TOP_15_PERCENT_DAILY_COHORT,SUCCESS,reservation-no-show-v1.0,reservation-no-show-feature-v1.0,29,5
RES-b58bd2732e19bc06274b71f50b7986f4,2026-11-14 18:00:00,True,0.007250653126618444,16,False,LOW,TOP_15_PERCENT_DAILY_COHORT,SUCCESS,reservation-no-show-v1.0,reservation-no-show-feature-v1.0,29,5
RES-903ee97e9ea68d7f6b772ffb78ff7888,2026-12-01 18:00:00,True,0.01580181090904134,3,True,HIGH,TOP_15_PERCENT_DAILY_COHORT,SUCCESS,reservation-no-show-v1.0,reservation-no-show-feature-v1.0,29,5
RES-358d1bec0c036dbcaf434ac9e9154534,2026-12-18 18:00:00,True,0.004769047027331689,26,False,LOW,TOP_15_PERCENT_DAILY_COHORT,SUCCESS,reservation-no-show-v1.0,reservation-no-show-feature-v1.0,29,5
RES-9b663932d8f7b1d27a83e2748c640469,2026-08-03 18:00:00,True,0.004012190715730711,29,False,LOW,TOP_15_PERCENT_DAILY_COHORT,SUCCESS,reservation-no-show-v1.0,reservation-no-show-feature-v1.0,29,5
RES-09bffda26138eed5a9e441f96a3ebd17,2026-08-20 18:00:00,True,0.005344533958134545,22,False,LOW,TOP_15_PERCENT_DAILY_COHORT,SUCCESS,reservation-no-show-v1.0,reservation-no-show-feature-v1.0,29,5
RES-dfeb6d2264c6d0fc3e86a13f120e62f1,2026-09-06 18:00:00,True,0.021894251713142913,8,False,LOW,TOP_15_PERCENT_DAILY_COHORT,SUCCESS,reservation-no-show-v1.0,reservation-no-show-feature-v1.0,29,5
RES-521f783e1771a00f4eed9461e40089ae,2026-09-23 18:00:00,True,0.0069761779835980035,24,False,LOW,TOP_15_PERCENT_DAILY_COHORT,SUCCESS,reservation-no-show-v1.0,reservation-no-show-feature-v1.0,29,5
RES-0ce0afe5b383da2ce9752d28c8b5e5b0,2026-10-10 18:00:00,True,0.004479277642676701,21,False,LOW,TOP_15_PERCENT_DAILY_COHORT,SUCCESS,reservation-no-show-v1.0,reservation-no-show-feature-v1.0,29,5
RES-eddfeb1f2a57093118dfc27ca5f935c8,2026-10-27 18:00:00,True,0.015875469262263815,8,False,LOW,TOP_15_PERCENT_DAILY_COHORT,SUCCESS,reservation-no-show-v1.0,reservation-no-show-feature-v1.0,29,5
RES-ca4999008086a48a9c9e0201c70b0dd5,2026-11-13 18:00:00,True,0.00709307496616941,21,False,LOW,TOP_15_PERCENT_DAILY_COHORT,SUCCESS,reservation-no-show-v1.0,reservation-no-show-feature-v1.0,29,5
RES-ff3e3f26a16d90171d095459476acc82,2026-11-30 18:00:00,True,0.008899305021133345,15,False,LOW,TOP_15_PERCENT_DAILY_COHORT,SUCCESS,reservation-no-show-v1.0,reservation-no-show-feature-v1.0,29,5
RES-6f64db6511a2355da16223d737b0869a,2026-12-17 18:00:00,True,0.014025240285743475,7,False,LOW,TOP_15_PERCENT_DAILY_COHORT,SUCCESS,reservation-no-show-v1.0,reservation-no-show-feature-v1.0,29,5
RES-3f7470d9284094777a77eaed5ff618a3,2026-08-02 18:00:00,True,0.029025777422639624,2,True,HIGH,TOP_15_PERCENT_DAILY_COHORT,SUCCESS,reservation-no-show-v1.0,reservation-no-show-feature-v1.0,29,5
RES-f3b1cc6f00ab91b4ba87bad5e004c22c,2026-08-19 18:00:00,True,0.005220775701750244,16,False,LOW,TOP_15_PERCENT_DAILY_COHORT,SUCCESS,reservation-no-show-v1.0,reservation-no-show-feature-v1.0,29,5
RES-a919245ca1bce4658d0a737a5d39289a,2026-09-05 18:00:00,True,0.00493772444584224,24,False,LOW,TOP_15_PERCENT_DAILY_COHORT,SUCCESS,reservation-no-show-v1.0,reservation-no-show-feature-v1.0,29,5
RES-168ff2beb6d768de32a989b332da678f,2026-09-22 18:00:00,True,0.021372102275186308,8,False,LOW,TOP_15_PERCENT_DAILY_COHORT,SUCCESS,reservation-no-show-v1.0,reservation-no-show-feature-v1.0,29,5
RES-85002cb1524310efc75f4e66ae933ed9,2026-10-09 18:00:00,True,0.008589075747178319,13,False,LOW,TOP_15_PERCENT_DAILY_COHORT,SUCCESS,reservation-no-show-v1.0,reservation-no-show-feature-v1.0,29,5
RES-403a8acd7b735e5577e7e9829586ae11,2026-10-26 18:00:00,True,0.004909653297907224,19,False,LOW,TOP_15_PERCENT_DAILY_COHORT,SUCCESS,reservation-no-show-v1.0,reservation-no-show-feature-v1.0,29,5
RES-fcdf2d5f7cd9dd7107abb0b632d1fc0e,2026-11-12 18:00:00,True,0.020518938655585926,2,True,HIGH,TOP_15_PERCENT_DAILY_COHORT,SUCCESS,reservation-no-show-v1.0,reservation-no-show-feature-v1.0,29,5
RES-04aa866a425b2af22962c600b776ec5e,2026-11-29 18:00:00,True,0.007937779288850656,13,False,LOW,TOP_15_PERCENT_DAILY_COHORT,SUCCESS,reservation-no-show-v1.0,reservation-no-show-feature-v1.0,29,5
RES-d749dec5da8a7214aa20eab63a1835fb,2026-12-16 18:00:00,True,0.007892548103138754,18,False,LOW,TOP_15_PERCENT_DAILY_COHORT,SUCCESS,reservation-no-show-v1.0,reservation-no-show-feature-v1.0,29,5
RES-0ed756837c4d82e0d441f0f2139119f0,2026-08-01 18:00:00,True,0.007343344905052837,18,False,LOW,TOP_15_PERCENT_DAILY_COHORT,SUCCESS,reservation-no-show-v1.0,reservation-no-show-feature-v1.0,29,5
RES-1c684d4b1807c32238e2c6ce162c5ab0,2026-08-18 18:00:00,True,0.028338477995933933,2,True,HIGH,TOP_15_PERCENT_DAILY_COHORT,SUCCESS,reservation-no-show-v1.0,reservation-no-show-feature-v1.0,29,5
RES-bec011be2ed61c7dccc5024f08d37efc,2026-09-04 18:00:00,True,0.00438202987651471,26,False,LOW,TOP_15_PERCENT_DAILY_COHORT,SUCCESS,reservation-no-show-v1.0,reservation-no-show-feature-v1.0,29,5
RES-848fa7ac728f76b10584d713c08394d5,2026-09-21 18:00:00,True,0.004562411336404186,25,False,LOW,TOP_15_PERCENT_DAILY_COHORT,SUCCESS,reservation-no-show-v1.0,reservation-no-show-feature-v1.0,29,5
RES-0098941191f69f0de23c2449b3e8543f,2026-10-08 18:00:00,True,0.022852917046469395,4,True,HIGH,TOP_15_PERCENT_DAILY_COHORT,SUCCESS,reservation-no-show-v1.0,reservation-no-show-feature-v1.0,29,5
RES-e5e6ef7d34806766ed3d96dee34c75b6,2026-10-25 18:00:00,True,0.008734771741004734,16,False,LOW,TOP_15_PERCENT_DAILY_COHORT,SUCCESS,reservation-no-show-v1.0,reservation-no-show-feature-v1.0,29,5
RES-7efb472c2e728240345a4a3dd9290b99,2026-11-11 18:00:00,True,0.004877030098523355,18,False,LOW,TOP_15_PERCENT_DAILY_COHORT,SUCCESS,reservation-no-show-v1.0,reservation-no-show-feature-v1.0,29,5
RES-2442d312850a16e7447d9be66d09d576,2026-11-28 18:00:00,True,0.014326313621976842,10,False,LOW,TOP_15_PERCENT_DAILY_COHORT,SUCCESS,reservation-no-show-v1.0,reservation-no-show-feature-v1.0,29,5
RES-c28985e6d4b58f8b987eb073e1b09777,2026-12-15 18:00:00,True,0.006375861379908888,25,False,LOW,TOP_15_PERCENT_DAILY_COHORT,SUCCESS,reservation-no-show-v1.0,reservation-no-show-feature-v1.0,29,5
RES-72ef27bfca70f2e5d328150832e75f88,2026-07-31 18:00:00,True,0.004830571824251446,28,False,LOW,TOP_15_PERCENT_DAILY_COHORT,SUCCESS,reservation-no-show-v1.0,reservation-no-show-feature-v1.0,29,5
RES-72fcf007848d9ebe2834dab5ed9a71d1,2026-08-17 18:00:00,True,0.0067864292581797355,21,False,LOW,TOP_15_PERCENT_DAILY_COHORT,SUCCESS,reservation-no-show-v1.0,reservation-no-show-feature-v1.0,29,5
RES-61d14f1c1299150eb3ceb0f7073f5235,2026-09-03 18:00:00,True,0.020798174319626977,9,False,LOW,TOP_15_PERCENT_DAILY_COHORT,SUCCESS,reservation-no-show-v1.0,reservation-no-show-feature-v1.0,29,5
RES-9d40883ff8cd404fd2560cc0216eb45e,2026-09-20 18:00:00,True,0.004048782876044451,27,False,LOW,TOP_15_PERCENT_DAILY_COHORT,SUCCESS,reservation-no-show-v1.0,reservation-no-show-feature-v1.0,29,5
RES-0f174c90d35f3b6ef49f1a22ccf14073,2026-10-07 18:00:00,True,0.004884341412324339,22,False,LOW,TOP_15_PERCENT_DAILY_COHORT,SUCCESS,reservation-no-show-v1.0,reservation-no-show-feature-v1.0,29,5
RES-63fafd1e74d9b2d4a22176e098572cdd,2026-10-24 18:00:00,True,0.02120849077480785,9,False,LOW,TOP_15_PERCENT_DAILY_COHORT,SUCCESS,reservation-no-show-v1.0,reservation-no-show-feature-v1.0,29,5
RES-f5fd06d667ee165bcdbb1bc8c2103e2d,2026-11-10 18:00:00,True,0.00637639293961072,29,False,LOW,TOP_15_PERCENT_DAILY_COHORT,SUCCESS,reservation-no-show-v1.0,reservation-no-show-feature-v1.0,29,5
RES-1b8b1d1798f0ac5759f686aabbba2f0a,2026-11-27 18:00:00,True,0.004520110416969211,22,False,LOW,TOP_15_PERCENT_DAILY_COHORT,SUCCESS,reservation-no-show-v1.0,reservation-no-show-feature-v1.0,29,5
RES-6caa2b1bcd1314d2f0fe1ff7a5ffe8ec,2026-12-14 18:00:00,True,0.01755537715987191,7,False,LOW,TOP_15_PERCENT_DAILY_COHORT,SUCCESS,reservation-no-show-v1.0,reservation-no-show-feature-v1.0,29,5
RES-33f01e102607a3ec0ed254fb4b9e9610,2026-07-30 18:00:00,True,0.01295709480926253,9,False,LOW,TOP_15_PERCENT_DAILY_COHORT,SUCCESS,reservation-no-show-v1.0,reservation-no-show-feature-v1.0,29,5
RES-dc62f555ba387f06452ea9b8df680a10,2026-08-16 18:00:00,True,0.005407305172717916,18,False,LOW,TOP_15_PERCENT_DAILY_COHORT,SUCCESS,reservation-no-show-v1.0,reservation-no-show-feature-v1.0,29,5
RES-5dbbb9bb8fef53abccb8a98639605721,2026-09-02 18:00:00,True,0.007264143939904476,20,False,LOW,TOP_15_PERCENT_DAILY_COHORT,SUCCESS,reservation-no-show-v1.0,reservation-no-show-feature-v1.0,29,5
RES-eebbbe30abea33dc0557b514d6c8357a,2026-09-19 18:00:00,True,0.023306625267654812,7,False,LOW,TOP_15_PERCENT_DAILY_COHORT,SUCCESS,reservation-no-show-v1.0,reservation-no-show-feature-v1.0,29,5
RES-86bd2f6ca66713a1a35f9bf2338dc6e8,2026-10-06 18:00:00,True,0.003937855405577043,29,False,LOW,TOP_15_PERCENT_DAILY_COHORT,SUCCESS,reservation-no-show-v1.0,reservation-no-show-feature-v1.0,29,5
RES-5d00030271388ce5f6a8ec18bf3a2122,2026-10-23 18:00:00,True,0.008043660489727074,11,False,LOW,TOP_15_PERCENT_DAILY_COHORT,SUCCESS,reservation-no-show-v1.0,reservation-no-show-feature-v1.0,29,5
RES-e9199c358294203c94d78a6479abd6c7,2026-11-09 18:00:00,True,0.025947919532173718,3,True,HIGH,TOP_15_PERCENT_DAILY_COHORT,SUCCESS,reservation-no-show-v1.0,reservation-no-show-feature-v1.0,29,5
RES-b5402c934222dd4e2ba399641aa78ffd,2026-11-26 18:00:00,True,0.006221970083869234,29,False,LOW,TOP_15_PERCENT_DAILY_COHORT,SUCCESS,reservation-no-show-v1.0,reservation-no-show-feature-v1.0,29,5
RES-a599bd5c887d825e8c8ca89c2f789916,2026-12-13 18:00:00,True,0.0041630359559737306,27,False,LOW,TOP_15_PERCENT_DAILY_COHORT,SUCCESS,reservation-no-show-v1.0,reservation-no-show-feature-v1.0,29,5
RES-607fe79bbd667586484d65eae3403360,2026-07-29 18:00:00,True,0.007288008760661159,18,False,LOW,TOP_15_PERCENT_DAILY_COHORT,SUCCESS,reservation-no-show-v1.0,reservation-no-show-feature-v1.0,29,5
RES-6ed6dd429c160bf6fa9fb6ca68d8d6a0,2026-08-15 18:00:00,True,0.013173972847617602,10,False,LOW,TOP_15_PERCENT_DAILY_COHORT,SUCCESS,reservation-no-show-v1.0,reservation-no-show-feature-v1.0,29,5
RES-735bc3db295bdb34b1f066f259c6a6a6,2026-09-01 18:00:00,True,0.0043411301611483944,28,False,LOW,TOP_15_PERCENT_DAILY_COHORT,SUCCESS,reservation-no-show-v1.0,reservation-no-show-feature-v1.0,29,5
RES-9ecfa4556378ac5d084daf36cdc87929,2026-09-18 18:00:00,True,0.0074100919735951105,15,False,LOW,TOP_15_PERCENT_DAILY_COHORT,SUCCESS,reservation-no-show-v1.0,reservation-no-show-feature-v1.0,29,5
RES-508dabc495a5331f5969e0f03d86b5f8,2026-10-05 18:00:00,True,0.021497524220020815,10,False,LOW,TOP_15_PERCENT_DAILY_COHORT,SUCCESS,reservation-no-show-v1.0,reservation-no-show-feature-v1.0,29,5
RES-b20f714def11030aa9c7dfff3beeec61,2026-10-22 18:00:00,True,0.0038422604458000836,29,False,LOW,TOP_15_PERCENT_DAILY_COHORT,SUCCESS,reservation-no-show-v1.0,reservation-no-show-feature-v1.0,29,5
RES-a821724a08ddb5a9ef789ee39d9c7bf3,2026-11-08 18:00:00,True,0.005559680548997125,17,False,LOW,TOP_15_PERCENT_DAILY_COHORT,SUCCESS,reservation-no-show-v1.0,reservation-no-show-feature-v1.0,29,5
RES-07ae4ea37d765ab1fa0c5169375f8078,2026-11-25 18:00:00,True,0.020982909588198796,7,False,LOW,TOP_15_PERCENT_DAILY_COHORT,SUCCESS,reservation-no-show-v1.0,reservation-no-show-feature-v1.0,29,5
RES-f627ae9574ae681aa5af1b7a2875421d,2026-12-12 18:00:00,True,0.006326837078966969,28,False,LOW,TOP_15_PERCENT_DAILY_COHORT,SUCCESS,reservation-no-show-v1.0,reservation-no-show-feature-v1.0,29,5
RES-35780babf8fc4c1e3df3a49949c89eec,2026-07-28 18:00:00,True,0.00712962458213023,22,False,LOW,TOP_15_PERCENT_DAILY_COHORT,SUCCESS,reservation-no-show-v1.0,reservation-no-show-feature-v1.0,29,5
RES-54e6445bb8fa8723cfaf3a723e215128,2026-08-14 18:00:00,True,0.0067342694769927085,25,False,LOW,TOP_15_PERCENT_DAILY_COHORT,SUCCESS,reservation-no-show-v1.0,reservation-no-show-feature-v1.0,29,5
RES-60455983cf12d55578029f68b00e588b,2026-08-31 18:00:00,True,0.01614756079050066,5,True,HIGH,TOP_15_PERCENT_DAILY_COHORT,SUCCESS,reservation-no-show-v1.0,reservation-no-show-feature-v1.0,29,5
RES-d0a9a6bd16752806575004bd483dd932,2026-09-17 18:00:00,True,0.004662438673855922,29,False,LOW,TOP_15_PERCENT_DAILY_COHORT,SUCCESS,reservation-no-show-v1.0,reservation-no-show-feature-v1.0,29,5
RES-0fe8dabbc98851c73cdd5ffdfaf99fb3,2026-10-04 18:00:00,True,0.0075118959152516845,17,False,LOW,TOP_15_PERCENT_DAILY_COHORT,SUCCESS,reservation-no-show-v1.0,reservation-no-show-feature-v1.0,29,5
RES-93e9191e6626a85da7efe7529a25f098,2026-10-21 18:00:00,True,0.023059253315595916,7,False,LOW,TOP_15_PERCENT_DAILY_COHORT,SUCCESS,reservation-no-show-v1.0,reservation-no-show-feature-v1.0,29,5
RES-aac5858b09eb35242475168cadef8848,2026-11-07 18:00:00,True,0.004300872011226031,22,False,LOW,TOP_15_PERCENT_DAILY_COHORT,SUCCESS,reservation-no-show-v1.0,reservation-no-show-feature-v1.0,29,5
RES-845143fa1bc9fd5159e6afb60e38aa48,2026-11-24 18:00:00,True,0.005424928764864658,15,False,LOW,TOP_15_PERCENT_DAILY_COHORT,SUCCESS,reservation-no-show-v1.0,reservation-no-show-feature-v1.0,29,5
RES-5b3b449f7b51657127e80068e2ab931e,2026-12-11 18:00:00,True,0.021331221869224707,8,False,LOW,TOP_15_PERCENT_DAILY_COHORT,SUCCESS,reservation-no-show-v1.0,reservation-no-show-feature-v1.0,29,5
RES-9425c6d052ea514a3576fa1d0642eaeb,2026-08-13 18:00:00,True,0.006934876773754703,18,False,LOW,TOP_15_PERCENT_DAILY_COHORT,SUCCESS,reservation-no-show-v1.0,reservation-no-show-feature-v1.0,29,5
RES-086be7bfc69a0f828d37c905c0571a0b,2026-08-30 18:00:00,True,0.008292924107324443,18,False,LOW,TOP_15_PERCENT_DAILY_COHORT,SUCCESS,reservation-no-show-v1.0,reservation-no-show-feature-v1.0,29,5
RES-523e43b9a2d459f8be5628fa8dc603bb,2026-09-16 18:00:00,True,0.01576025415003222,7,False,LOW,TOP_15_PERCENT_DAILY_COHORT,SUCCESS,reservation-no-show-v1.0,reservation-no-show-feature-v1.0,29,5
RES-c6215799430821fad2f0cea17aba376f,2026-10-03 18:00:00,True,0.006321044113455808,10,False,LOW,TOP_15_PERCENT_DAILY_COHORT,SUCCESS,reservation-no-show-v1.0,reservation-no-show-feature-v1.0,29,5
RES-ceb38ad0d26431d4f4b74f4307505d13,2026-10-20 18:00:00,True,0.0073301764301213455,18,False,LOW,TOP_15_PERCENT_DAILY_COHORT,SUCCESS,reservation-no-show-v1.0,reservation-no-show-feature-v1.0,29,5
RES-f9abd01affe28cf8b0b22345491bdf31,2026-11-06 18:00:00,True,0.023441207242540802,8,False,LOW,TOP_15_PERCENT_DAILY_COHORT,SUCCESS,reservation-no-show-v1.0,reservation-no-show-feature-v1.0,29,5
RES-ec9b72b87cdceab7166547ef792e16dd,2026-11-23 18:00:00,True,0.005299318801261694,14,False,LOW,TOP_15_PERCENT_DAILY_COHORT,SUCCESS,reservation-no-show-v1.0,reservation-no-show-feature-v1.0,29,5
RES-69035dd00e062ef8f0bb860762c9edfe,2026-12-10 18:00:00,True,0.0047939252258382406,25,False,LOW,TOP_15_PERCENT_DAILY_COHORT,SUCCESS,reservation-no-show-v1.0,reservation-no-show-feature-v1.0,29,5
RES-5c2c2fc1978860e925fcaae5f0bf2ebc,2026-08-12 18:00:00,True,0.015783622079469175,8,False,LOW,TOP_15_PERCENT_DAILY_COHORT,SUCCESS,reservation-no-show-v1.0,reservation-no-show-feature-v1.0,29,5
RES-000e046341d3ee4e81b172e3353bc77d,2026-08-29 18:00:00,True,0.005841031915897434,29,False,LOW,TOP_15_PERCENT_DAILY_COHORT,SUCCESS,reservation-no-show-v1.0,reservation-no-show-feature-v1.0,29,5
RES-a193266e4ff977fff266bd5c7ed22ef9,2026-09-15 18:00:00,True,0.008875737271790606,13,False,LOW,TOP_15_PERCENT_DAILY_COHORT,SUCCESS,reservation-no-show-v1.0,reservation-no-show-feature-v1.0,29,5
RES-8cfcb8fec7547a89b9c30448e1dcc9ae,2026-10-02 18:00:00,True,0.01602329026426562,3,True,HIGH,TOP_15_PERCENT_DAILY_COHORT,SUCCESS,reservation-no-show-v1.0,reservation-no-show-feature-v1.0,29,5
RES-c75169ff3de794cb0dee95d25c955813,2026-10-19 18:00:00,True,0.005307259805420331,15,False,LOW,TOP_15_PERCENT_DAILY_COHORT,SUCCESS,reservation-no-show-v1.0,reservation-no-show-feature-v1.0,29,5
RES-d729d8d3f3e981a7e7bada7f1c595059,2026-11-05 18:00:00,True,0.006981526349558936,18,False,LOW,TOP_15_PERCENT_DAILY_COHORT,SUCCESS,reservation-no-show-v1.0,reservation-no-show-feature-v1.0,29,5
RES-2e92d66c31907db9a628ff4a634383b1,2026-11-22 18:00:00,True,0.02875475844137293,1,True,HIGH,TOP_15_PERCENT_DAILY_COHORT,SUCCESS,reservation-no-show-v1.0,reservation-no-show-feature-v1.0,29,5
RES-d0e914efb9f490a97c857cb015657a80,2026-12-09 18:00:00,True,0.003864891988315006,29,False,LOW,TOP_15_PERCENT_DAILY_COHORT,SUCCESS,reservation-no-show-v1.0,reservation-no-show-feature-v1.0,29,5
RES-a0f26ddce930d9b0086947fdf534769a,2026-08-11 18:00:00,True,0.004528922114182016,22,False,LOW,TOP_15_PERCENT_DAILY_COHORT,SUCCESS,reservation-no-show-v1.0,reservation-no-show-feature-v1.0,29,5
RES-6d26dd5fc61bd3c38764eef090f27bde,2026-08-28 18:00:00,True,0.01769820318835518,5,True,HIGH,TOP_15_PERCENT_DAILY_COHORT,SUCCESS,reservation-no-show-v1.0,reservation-no-show-feature-v1.0,29,5
RES-9fa57f0c642832bed9bd06140720332e,2026-09-14 18:00:00,True,0.007171479839357994,18,False,LOW,TOP_15_PERCENT_DAILY_COHORT,SUCCESS,reservation-no-show-v1.0,reservation-no-show-feature-v1.0,29,5
RES-c7b09760e9b118bb6ed67062d4e17ab4,2026-10-01 18:00:00,True,0.00863370862460166,15,False,LOW,TOP_15_PERCENT_DAILY_COHORT,SUCCESS,reservation-no-show-v1.0,reservation-no-show-feature-v1.0,29,5
RES-fdf7161910be3b5ba7610dd9eaa00c0f,2026-10-18 18:00:00,True,0.016293019957393313,5,True,HIGH,TOP_15_PERCENT_DAILY_COHORT,SUCCESS,reservation-no-show-v1.0,reservation-no-show-feature-v1.0,29,5
RES-5cca97429a9da34e171cc61a7ec97c32,2026-11-04 18:00:00,True,0.005681447451560531,15,False,LOW,TOP_15_PERCENT_DAILY_COHORT,SUCCESS,reservation-no-show-v1.0,reservation-no-show-feature-v1.0,29,5
RES-8b6c3856a5d15b555fa89e200bb16b4a,2026-11-21 18:00:00,True,0.006609285033389329,25,False,LOW,TOP_15_PERCENT_DAILY_COHORT,SUCCESS,reservation-no-show-v1.0,reservation-no-show-feature-v1.0,29,5
RES-a5e328d66632ae5e9404d0baed096326,2026-12-08 18:00:00,True,0.023192440783025823,8,False,LOW,TOP_15_PERCENT_DAILY_COHORT,SUCCESS,reservation-no-show-v1.0,reservation-no-show-feature-v1.0,29,5
RES-b2c8254e8c3fa09db8d7a31239c2dd29,2026-08-10 18:00:00,True,0.007172077251501871,27,False,LOW,TOP_15_PERCENT_DAILY_COHORT,SUCCESS,reservation-no-show-v1.0,reservation-no-show-feature-v1.0,30,5
RES-69395a38b5ef745218d2f8b6fd2f3526,2026-08-27 18:00:00,True,0.004864062135704201,16,False,LOW,TOP_15_PERCENT_DAILY_COHORT,SUCCESS,reservation-no-show-v1.0,reservation-no-show-feature-v1.0,30,5
RES-eb5e3365c5050c4f61b8c0d34da3dbe6,2026-09-13 18:00:00,True,0.014839910175626417,10,False,LOW,TOP_15_PERCENT_DAILY_COHORT,SUCCESS,reservation-no-show-v1.0,reservation-no-show-feature-v1.0,30,5
RES-8ac29a36149b254bb3769b12ef7fd8bc,2026-09-30 18:00:00,True,0.005759471387527095,30,False,LOW,TOP_15_PERCENT_DAILY_COHORT,SUCCESS,reservation-no-show-v1.0,reservation-no-show-feature-v1.0,30,5
RES-a3b99da87f18652f7c7de31fc4314d3e,2026-10-17 18:00:00,True,0.008004072195598752,18,False,LOW,TOP_15_PERCENT_DAILY_COHORT,SUCCESS,reservation-no-show-v1.0,reservation-no-show-feature-v1.0,30,5
RES-a34d9ef14217ec52bdf712127dac6628,2026-11-03 18:00:00,True,0.014416211820820079,9,False,LOW,TOP_15_PERCENT_DAILY_COHORT,SUCCESS,reservation-no-show-v1.0,reservation-no-show-feature-v1.0,30,5
RES-8d1aa82a57d048aa8f07896c1c6ac4de,2026-11-20 18:00:00,True,0.005265968965783267,19,False,LOW,TOP_15_PERCENT_DAILY_COHORT,SUCCESS,reservation-no-show-v1.0,reservation-no-show-feature-v1.0,30,5
RES-a5466605ecb62f6a166cc611f4d92357,2026-12-07 18:00:00,True,0.007373200306104887,17,False,LOW,TOP_15_PERCENT_DAILY_COHORT,SUCCESS,reservation-no-show-v1.0,reservation-no-show-feature-v1.0,30,5
RES-46f8c1aece56946a94f497c8f940dd23,2026-12-24 18:00:00,True,0.030004604062033854,3,True,HIGH,TOP_15_PERCENT_DAILY_COHORT,SUCCESS,reservation-no-show-v1.0,reservation-no-show-feature-v1.0,30,5
RES-37d24f4fca2daa16d3011f004b26643f,2026-08-09 18:00:00,True,0.02650969062492615,2,True,HIGH,TOP_15_PERCENT_DAILY_COHORT,SUCCESS,reservation-no-show-v1.0,reservation-no-show-feature-v1.0,29,5
RES-24ad0b0dcdeba84279aa438664945ea2,2026-08-26 18:00:00,True,0.00770129745209144,24,False,LOW,TOP_15_PERCENT_DAILY_COHORT,SUCCESS,reservation-no-show-v1.0,reservation-no-show-feature-v1.0,29,5
RES-fd33ad12f378caa2bfd10921a9e0be9d,2026-09-12 18:00:00,True,0.005443969261520225,13,False,LOW,TOP_15_PERCENT_DAILY_COHORT,SUCCESS,reservation-no-show-v1.0,reservation-no-show-feature-v1.0,29,5
RES-a4edbd46d569ee5eba6c31860018037d,2026-09-29 18:00:00,True,0.017509290787250373,3,True,HIGH,TOP_15_PERCENT_DAILY_COHORT,SUCCESS,reservation-no-show-v1.0,reservation-no-show-feature-v1.0,29,5
RES-41694a82483073708ac09aa9cce6d5cc,2026-10-16 18:00:00,True,0.007830249157156735,14,False,LOW,TOP_15_PERCENT_DAILY_COHORT,SUCCESS,reservation-no-show-v1.0,reservation-no-show-feature-v1.0,29,5
RES-ac1f535eecfe27d7fbdc49e99c1d7807,2026-11-02 18:00:00,True,0.008113969858259698,15,False,LOW,TOP_15_PERCENT_DAILY_COHORT,SUCCESS,reservation-no-show-v1.0,reservation-no-show-feature-v1.0,29,5
RES-59c83cfcc4c94d61cd7c368d42067db0,2026-11-19 18:00:00,True,0.014069838507746003,7,False,LOW,TOP_15_PERCENT_DAILY_COHORT,SUCCESS,reservation-no-show-v1.0,reservation-no-show-feature-v1.0,29,5
RES-c1f989c85ee6277fbd0dacb9f5de5ea9,2026-12-06 18:00:00,True,0.004406498198555607,29,False,LOW,TOP_15_PERCENT_DAILY_COHORT,SUCCESS,reservation-no-show-v1.0,reservation-no-show-feature-v1.0,29,5
RES-b32ea2f8ccbaec8cdaf5865a31bdd570,2026-12-23 18:00:00,True,0.007194811669357402,14,False,LOW,TOP_15_PERCENT_DAILY_COHORT,SUCCESS,reservation-no-show-v1.0,reservation-no-show-feature-v1.0,29,5
RES-cc83290247f31ff004a1c17ade9c37a7,2026-08-08 18:00:00,True,0.005452125835621262,18,False,LOW,TOP_15_PERCENT_DAILY_COHORT,SUCCESS,reservation-no-show-v1.0,reservation-no-show-feature-v1.0,29,5
RES-9f26adb2c15a15fb0644d550354034f0,2026-08-25 18:00:00,True,0.023558067532133648,7,False,LOW,TOP_15_PERCENT_DAILY_COHORT,SUCCESS,reservation-no-show-v1.0,reservation-no-show-feature-v1.0,29,5
RES-258ba8400549af9266445182caf994fe,2026-09-11 18:00:00,True,0.006466632942454984,28,False,LOW,TOP_15_PERCENT_DAILY_COHORT,SUCCESS,reservation-no-show-v1.0,reservation-no-show-feature-v1.0,29,5
RES-925b27e0c9029428ffaa4e23265db150,2026-09-28 18:00:00,True,0.004151958573632862,28,False,LOW,TOP_15_PERCENT_DAILY_COHORT,SUCCESS,reservation-no-show-v1.0,reservation-no-show-feature-v1.0,29,5
RES-6229d13e21f5fce1d435411f30ee8dcc,2026-10-15 18:00:00,True,0.01872758365166793,2,True,HIGH,TOP_15_PERCENT_DAILY_COHORT,SUCCESS,reservation-no-show-v1.0,reservation-no-show-feature-v1.0,29,5
RES-cb27145352c1274bcf92d391b82720d0,2026-11-01 18:00:00,True,0.007213579027327573,15,False,LOW,TOP_15_PERCENT_DAILY_COHORT,SUCCESS,reservation-no-show-v1.0,reservation-no-show-feature-v1.0,29,5
RES-962bc07f8e886c71d1ae7b9314437f4c,2026-11-18 18:00:00,True,0.008712081470191204,13,False,LOW,TOP_15_PERCENT_DAILY_COHORT,SUCCESS,reservation-no-show-v1.0,reservation-no-show-feature-v1.0,29,5
RES-9f1851659504f70bf65b5486b21e2ee2,2026-12-05 18:00:00,True,0.017294233252978117,5,True,HIGH,TOP_15_PERCENT_DAILY_COHORT,SUCCESS,reservation-no-show-v1.0,reservation-no-show-feature-v1.0,29,5
RES-2762c398a3b8e05ae66e1169ade28852,2026-12-22 18:00:00,True,0.004732621925734592,27,False,LOW,TOP_15_PERCENT_DAILY_COHORT,SUCCESS,reservation-no-show-v1.0,reservation-no-show-feature-v1.0,29,5
RES-553cf8d18622d8ebc86d447831e6c727,2026-08-07 18:00:00,True,0.003993723442487287,29,False,LOW,TOP_15_PERCENT_DAILY_COHORT,SUCCESS,reservation-no-show-v1.0,reservation-no-show-feature-v1.0,29,5
RES-045844943438c4336250e39e2f3168d6,2026-08-24 18:00:00,True,0.005544907541275135,15,False,LOW,TOP_15_PERCENT_DAILY_COHORT,SUCCESS,reservation-no-show-v1.0,reservation-no-show-feature-v1.0,29,5
RES-96c7cffa959c88681f4dfead20f4b608,2026-09-10 18:00:00,True,0.018981351388714884,9,False,LOW,TOP_15_PERCENT_DAILY_COHORT,SUCCESS,reservation-no-show-v1.0,reservation-no-show-feature-v1.0,29,5
RES-c4bcb5fa4ab019db73d0c53111207421,2026-09-27 18:00:00,True,0.008762696554407841,15,False,LOW,TOP_15_PERCENT_DAILY_COHORT,SUCCESS,reservation-no-show-v1.0,reservation-no-show-feature-v1.0,29,5
RES-416a70f129837fd7f3c4773d6aea6f92,2026-10-14 18:00:00,True,0.0048926826967343635,16,False,LOW,TOP_15_PERCENT_DAILY_COHORT,SUCCESS,reservation-no-show-v1.0,reservation-no-show-feature-v1.0,29,5
RES-3b8840cafa4c977c9b2b2e17ff649fab,2026-10-31 18:00:00,True,0.01731983560886393,4,True,HIGH,TOP_15_PERCENT_DAILY_COHORT,SUCCESS,reservation-no-show-v1.0,reservation-no-show-feature-v1.0,29,5
RES-55a7a4b955328d4183aab511f189723f,2026-11-17 18:00:00,True,0.005811906185319971,29,False,LOW,TOP_15_PERCENT_DAILY_COHORT,SUCCESS,reservation-no-show-v1.0,reservation-no-show-feature-v1.0,29,5
RES-93ba2a4eaa5edcb025b6732c2d83a3c0,2026-12-04 18:00:00,True,0.008051019368151132,18,False,LOW,TOP_15_PERCENT_DAILY_COHORT,SUCCESS,reservation-no-show-v1.0,reservation-no-show-feature-v1.0,29,5
RES-7f6055032d001944b5e00224a07e73da,2026-12-21 18:00:00,True,0.014546305378817043,9,False,LOW,TOP_15_PERCENT_DAILY_COHORT,SUCCESS,reservation-no-show-v1.0,reservation-no-show-feature-v1.0,29,5
RES-55c0475d2b81284e18ac13d88a528cc6,2026-08-06 18:00:00,True,0.022926812753113777,9,False,LOW,TOP_15_PERCENT_DAILY_COHORT,SUCCESS,reservation-no-show-v1.0,reservation-no-show-feature-v1.0,29,5
RES-687cd8e87f425bf01a7e7251818bf6c0,2026-08-23 18:00:00,True,0.004061788103880344,29,False,LOW,TOP_15_PERCENT_DAILY_COHORT,SUCCESS,reservation-no-show-v1.0,reservation-no-show-feature-v1.0,29,5
RES-1bb82220acac298f18a916c1bc79e286,2026-09-09 18:00:00,True,0.00445172248546616,27,False,LOW,TOP_15_PERCENT_DAILY_COHORT,SUCCESS,reservation-no-show-v1.0,reservation-no-show-feature-v1.0,29,5
RES-b42ca47269cf1ce162ee7e9927d5c86c,2026-09-26 18:00:00,True,0.02127543780774278,9,False,LOW,TOP_15_PERCENT_DAILY_COHORT,SUCCESS,reservation-no-show-v1.0,reservation-no-show-feature-v1.0,29,5
RES-cb6bfcce8a2af8771a97fd9c77b417c3,2026-10-13 18:00:00,True,0.007746482594318871,24,False,LOW,TOP_15_PERCENT_DAILY_COHORT,SUCCESS,reservation-no-show-v1.0,reservation-no-show-feature-v1.0,29,5
RES-935e05c988b0b0659510dd9a27bce060,2026-10-30 18:00:00,True,0.004534622718231271,20,False,LOW,TOP_15_PERCENT_DAILY_COHORT,SUCCESS,reservation-no-show-v1.0,reservation-no-show-feature-v1.0,29,5
RES-6892db425eba58053a91d51ec9384d39,2026-11-16 18:00:00,True,0.01601851730229907,9,False,LOW,TOP_15_PERCENT_DAILY_COHORT,SUCCESS,reservation-no-show-v1.0,reservation-no-show-feature-v1.0,29,5
RES-557ad1762cd21c387cbf0efc9b7802a4,2026-12-03 18:00:00,True,0.00753438558646397,16,False,LOW,TOP_15_PERCENT_DAILY_COHORT,SUCCESS,reservation-no-show-v1.0,reservation-no-show-feature-v1.0,29,5
RES-75bad2995ca4224f2390db1aba7b7330,2026-12-20 18:00:00,True,0.007440836341442703,21,False,LOW,TOP_15_PERCENT_DAILY_COHORT,SUCCESS,reservation-no-show-v1.0,reservation-no-show-feature-v1.0,29,5
RES-f229829065ec63a11e6f9ada452f8227,2026-08-05 18:00:00,True,0.008018953522812544,14,False,LOW,TOP_15_PERCENT_DAILY_COHORT,SUCCESS,reservation-no-show-v1.0,reservation-no-show-feature-v1.0,29,5
RES-5512f451ac38dd6a3b2dde60675db781,2026-08-22 18:00:00,True,0.025685262731989428,5,True,HIGH,TOP_15_PERCENT_DAILY_COHORT,SUCCESS,reservation-no-show-v1.0,reservation-no-show-feature-v1.0,29,5
RES-47debc91da5cdedd951faee77a08bf14,2026-09-08 18:00:00,True,0.004348547824780853,25,False,LOW,TOP_15_PERCENT_DAILY_COHORT,SUCCESS,reservation-no-show-v1.0,reservation-no-show-feature-v1.0,29,5
RES-e3e35f7d84ec57c334b544ae330a78f9,2026-09-25 18:00:00,True,0.0049987055576696466,21,False,LOW,TOP_15_PERCENT_DAILY_COHORT,SUCCESS,reservation-no-show-v1.0,reservation-no-show-feature-v1.0,29,5
RES-6d295a007ed974a03a5df3a17912496c,2026-10-12 18:00:00,True,0.021563593229061692,8,False,LOW,TOP_15_PERCENT_DAILY_COHORT,SUCCESS,reservation-no-show-v1.0,reservation-no-show-feature-v1.0,29,5
RES-86263a3bb3f29a6e17e8cd805ec20c14,2026-10-29 18:00:00,True,0.007559131469175972,21,False,LOW,TOP_15_PERCENT_DAILY_COHORT,SUCCESS,reservation-no-show-v1.0,reservation-no-show-feature-v1.0,29,5
RES-c4d09a0116b43d6de602e4feb544b911,2026-11-15 18:00:00,True,0.004501142996267654,22,False,LOW,TOP_15_PERCENT_DAILY_COHORT,SUCCESS,reservation-no-show-v1.0,reservation-no-show-feature-v1.0,29,5
RES-024b24247576fa080e1602930d826a27,2026-12-02 18:00:00,True,0.015584777954178404,5,True,HIGH,TOP_15_PERCENT_DAILY_COHORT,SUCCESS,reservation-no-show-v1.0,reservation-no-show-feature-v1.0,29,5
RES-17206948f865622751ad7cb7ed183b00,2026-12-19 18:00:00,True,0.005766711924742605,29,False,LOW,TOP_15_PERCENT_DAILY_COHORT,SUCCESS,reservation-no-show-v1.0,reservation-no-show-feature-v1.0,29,5
RES-1998b43ce7ffb3f17b445f998bb82e7c,2026-08-04 18:00:00,True,0.00527622696514324,20,False,LOW,TOP_15_PERCENT_DAILY_COHORT,SUCCESS,reservation-no-show-v1.0,reservation-no-show-feature-v1.0,29,5
RES-a170a0b4f3e00548352a9668e099cf20,2026-08-21 18:00:00,True,0.006755279353434617,25,False,LOW,TOP_15_PERCENT_DAILY_COHORT,SUCCESS,reservation-no-show-v1.0,reservation-no-show-feature-v1.0,29,5
RES-52e08eb81b3ab07f57358e4e52e58222,2026-09-07 18:00:00,True,0.02156536351830595,9,False,LOW,TOP_15_PERCENT_DAILY_COHORT,SUCCESS,reservation-no-show-v1.0,reservation-no-show-feature-v1.0,29,5
RES-e552330e09dabf31eaeec00b226fd63b,2026-09-24 18:00:00,True,0.0042430254093228405,26,False,LOW,TOP_15_PERCENT_DAILY_COHORT,SUCCESS,reservation-no-show-v1.0,reservation-no-show-feature-v1.0,29,5
RES-249c43dd269dd12ac81b2c31b45e448e,2026-10-11 18:00:00,True,0.00613847626211851,12,False,LOW,TOP_15_PERCENT_DAILY_COHORT,SUCCESS,reservation-no-show-v1.0,reservation-no-show-feature-v1.0,29,5
RES-4c58b61f22caf39e77efe8b0af79b482,2026-10-28 18:00:00,True,0.02541122333180306,5,True,HIGH,TOP_15_PERCENT_DAILY_COHORT,SUCCESS,reservation-no-show-v1.0,reservation-no-show-feature-v1.0,29,5
RES-86cd6243595005f8a600d9ea6228680c,2026-11-14 18:00:00,True,0.006347113085928728,29,False,LOW,TOP_15_PERCENT_DAILY_COHORT,SUCCESS,reservation-no-show-v1.0,reservation-no-show-feature-v1.0,29,5
RES-9285dc15e70a2a6e419796383984248a,2026-12-01 18:00:00,True,0.0049214708307580134,14,False,LOW,TOP_15_PERCENT_DAILY_COHORT,SUCCESS,reservation-no-show-v1.0,reservation-no-show-feature-v1.0,29,5
RES-0b813187331d695d67488e0e4f0bdea1,2026-12-18 18:00:00,True,0.01921018469221337,2,True,HIGH,TOP_15_PERCENT_DAILY_COHORT,SUCCESS,reservation-no-show-v1.0,reservation-no-show-feature-v1.0,29,5
RES-699e970982967d33b1ee603bded31668,2026-08-03 18:00:00,True,0.013396391276609815,8,False,LOW,TOP_15_PERCENT_DAILY_COHORT,SUCCESS,reservation-no-show-v1.0,reservation-no-show-feature-v1.0,29,5
RES-9288957cdd8bcaf56a4ed9744422ee13,2026-08-20 18:00:00,True,0.00566635273229505,18,False,LOW,TOP_15_PERCENT_DAILY_COHORT,SUCCESS,reservation-no-show-v1.0,reservation-no-show-feature-v1.0,29,5
RES-fbd1b1c257ead0210f97b33a9d110803,2026-09-06 18:00:00,True,0.006848149184265105,24,False,LOW,TOP_15_PERCENT_DAILY_COHORT,SUCCESS,reservation-no-show-v1.0,reservation-no-show-feature-v1.0,29,5
RES-04643f959be0d8ebb9d06198c2935677,2026-09-23 18:00:00,True,0.023131904424565194,8,False,LOW,TOP_15_PERCENT_DAILY_COHORT,SUCCESS,reservation-no-show-v1.0,reservation-no-show-feature-v1.0,29,5
RES-f10debadbb8c8727092a7e563464816f,2026-10-10 18:00:00,True,0.004314683474823069,27,False,LOW,TOP_15_PERCENT_DAILY_COHORT,SUCCESS,reservation-no-show-v1.0,reservation-no-show-feature-v1.0,29,5
RES-6762b021915c97cf5e1ee0407024cb7c,2026-10-27 18:00:00,True,0.006591934497081173,13,False,LOW,TOP_15_PERCENT_DAILY_COHORT,SUCCESS,reservation-no-show-v1.0,reservation-no-show-feature-v1.0,29,5
RES-d17e4a01835d18bf938b5f2ac8381417,2026-11-13 18:00:00,True,0.021398547847187702,7,False,LOW,TOP_15_PERCENT_DAILY_COHORT,SUCCESS,reservation-no-show-v1.0,reservation-no-show-feature-v1.0,29,5
RES-741bff8bc83dde90ff1b1b29d1ba66b6,2026-11-30 18:00:00,True,0.007080941962384378,27,False,LOW,TOP_15_PERCENT_DAILY_COHORT,SUCCESS,reservation-no-show-v1.0,reservation-no-show-feature-v1.0,29,5
RES-93c5f426a0d618e8a16b32417fa78c9e,2026-12-17 18:00:00,True,0.004362735831223098,22,False,LOW,TOP_15_PERCENT_DAILY_COHORT,SUCCESS,reservation-no-show-v1.0,reservation-no-show-feature-v1.0,29,5
RES-3d7d0f1979ffa77fe1b0c66933698a3f,2026-08-02 18:00:00,True,0.011043252528839885,11,False,LOW,TOP_15_PERCENT_DAILY_COHORT,SUCCESS,reservation-no-show-v1.0,reservation-no-show-feature-v1.0,29,5
RES-529fcd304c9b410bdd0c717909c9661e,2026-08-19 18:00:00,True,0.014378245776904138,7,False,LOW,TOP_15_PERCENT_DAILY_COHORT,SUCCESS,reservation-no-show-v1.0,reservation-no-show-feature-v1.0,29,5
RES-64b0b8702595746ac1a41e7697363caf,2026-09-05 18:00:00,True,0.0047563648177982205,29,False,LOW,TOP_15_PERCENT_DAILY_COHORT,SUCCESS,reservation-no-show-v1.0,reservation-no-show-feature-v1.0,29,5
RES-35bd348a20ee19389eff7a42dec052ef,2026-09-22 18:00:00,True,0.0066823782180346035,24,False,LOW,TOP_15_PERCENT_DAILY_COHORT,SUCCESS,reservation-no-show-v1.0,reservation-no-show-feature-v1.0,29,5
RES-01faacd8c3c566b73d288af4869c6803,2026-10-09 18:00:00,True,0.021400304883187966,9,False,LOW,TOP_15_PERCENT_DAILY_COHORT,SUCCESS,reservation-no-show-v1.0,reservation-no-show-feature-v1.0,29,5
RES-8adac62924057ddc2f8cfc3129261cd1,2026-10-26 18:00:00,True,0.004830122644511876,20,False,LOW,TOP_15_PERCENT_DAILY_COHORT,SUCCESS,reservation-no-show-v1.0,reservation-no-show-feature-v1.0,29,5
RES-cf574eb172e79da8adc85532350139bc,2026-11-12 18:00:00,True,0.004809312391909788,25,False,LOW,TOP_15_PERCENT_DAILY_COHORT,SUCCESS,reservation-no-show-v1.0,reservation-no-show-feature-v1.0,29,5
RES-bd3fdaeceef140958bcdeef1ec2ee0ad,2026-11-29 18:00:00,True,0.019796951021522406,8,False,LOW,TOP_15_PERCENT_DAILY_COHORT,SUCCESS,reservation-no-show-v1.0,reservation-no-show-feature-v1.0,29,5
RES-3cc773651c04b218807664d560bad6ba,2026-12-16 18:00:00,True,0.0076034888849189925,20,False,LOW,TOP_15_PERCENT_DAILY_COHORT,SUCCESS,reservation-no-show-v1.0,reservation-no-show-feature-v1.0,29,5
RES-8609b64659c010669999bcb3f39de044,2026-08-01 18:00:00,True,0.005841031915897434,29,False,LOW,TOP_15_PERCENT_DAILY_COHORT,SUCCESS,reservation-no-show-v1.0,reservation-no-show-feature-v1.0,29,5
RES-9d31acb8fb78d5aea5226b3d62dade68,2026-08-18 18:00:00,True,0.00809246490564833,19,False,LOW,TOP_15_PERCENT_DAILY_COHORT,SUCCESS,reservation-no-show-v1.0,reservation-no-show-feature-v1.0,29,5
RES-047389df5692c91bed282252d8edc8ed,2026-09-04 18:00:00,True,0.016074138414379158,4,True,HIGH,TOP_15_PERCENT_DAILY_COHORT,SUCCESS,reservation-no-show-v1.0,reservation-no-show-feature-v1.0,29,5
RES-487b6d03156284adf1528d740f9f49f7,2026-09-21 18:00:00,True,0.005324285817780831,19,False,LOW,TOP_15_PERCENT_DAILY_COHORT,SUCCESS,reservation-no-show-v1.0,reservation-no-show-feature-v1.0,29,5
RES-c7e08d2404a9e39cb23448fc2300ad77,2026-10-08 18:00:00,True,0.005905982288215956,27,False,LOW,TOP_15_PERCENT_DAILY_COHORT,SUCCESS,reservation-no-show-v1.0,reservation-no-show-feature-v1.0,29,5
RES-9c05deab01bc99d370f1b63f7dfe0bf6,2026-10-25 18:00:00,True,0.02175854756527887,9,False,LOW,TOP_15_PERCENT_DAILY_COHORT,SUCCESS,reservation-no-show-v1.0,reservation-no-show-feature-v1.0,29,5
RES-44357b0752b5f9a0d8d150a000c6f747,2026-11-11 18:00:00,True,0.00517084467651462,14,False,LOW,TOP_15_PERCENT_DAILY_COHORT,SUCCESS,reservation-no-show-v1.0,reservation-no-show-feature-v1.0,29,5
RES-6ba441ba890a05c5c08f2b0bca5b2c4d,2026-11-28 18:00:00,True,0.007197852966254632,11,False,LOW,TOP_15_PERCENT_DAILY_COHORT,SUCCESS,reservation-no-show-v1.0,reservation-no-show-feature-v1.0,29,5
RES-5c5247a9c66dfcb7df9f38a87b08b483,2026-12-15 18:00:00,True,0.023263594988479935,5,True,HIGH,TOP_15_PERCENT_DAILY_COHORT,SUCCESS,reservation-no-show-v1.0,reservation-no-show-feature-v1.0,29,5
RES-caf15c6a5a1996110b9ee291438cfcdb,2026-07-31 18:00:00,True,0.01769820318835518,4,True,HIGH,TOP_15_PERCENT_DAILY_COHORT,SUCCESS,reservation-no-show-v1.0,reservation-no-show-feature-v1.0,29,5
RES-627a1b5d737a89e9c2ce67f3935a496d,2026-08-17 18:00:00,True,0.007194443126846437,18,False,LOW,TOP_15_PERCENT_DAILY_COHORT,SUCCESS,reservation-no-show-v1.0,reservation-no-show-feature-v1.0,29,5
RES-43d21113bb22e0fb1fcce73bb7e55de2,2026-09-03 18:00:00,True,0.008661313165229202,12,False,LOW,TOP_15_PERCENT_DAILY_COHORT,SUCCESS,reservation-no-show-v1.0,reservation-no-show-feature-v1.0,29,5
RES-98460580ba6f831112755ff9ff9071db,2026-09-20 18:00:00,True,0.017969029024806082,2,True,HIGH,TOP_15_PERCENT_DAILY_COHORT,SUCCESS,reservation-no-show-v1.0,reservation-no-show-feature-v1.0,29,5
RES-a570840930396c2a2b2d115b51f85b6a,2026-10-07 18:00:00,True,0.00427440963907784,29,False,LOW,TOP_15_PERCENT_DAILY_COHORT,SUCCESS,reservation-no-show-v1.0,reservation-no-show-feature-v1.0,29,5
RES-e738b5caac61e69c25ce915a2c1b64be,2026-10-24 18:00:00,True,0.007296549045545426,17,False,LOW,TOP_15_PERCENT_DAILY_COHORT,SUCCESS,reservation-no-show-v1.0,reservation-no-show-feature-v1.0,29,5
RES-2a4c304dd1fc0f3e03525a9f2f119e7d,2026-11-10 18:00:00,True,0.0280736909079784,2,True,HIGH,TOP_15_PERCENT_DAILY_COHORT,SUCCESS,reservation-no-show-v1.0,reservation-no-show-feature-v1.0,29,5
RES-323165ed89b12112098f74d58a8451e2,2026-11-27 18:00:00,True,0.004354022382759967,24,False,LOW,TOP_15_PERCENT_DAILY_COHORT,SUCCESS,reservation-no-show-v1.0,reservation-no-show-feature-v1.0,29,5
RES-a37d522c62bdf8bcc33e122f5574d658,2026-12-14 18:00:00,True,0.004973758991136963,21,False,LOW,TOP_15_PERCENT_DAILY_COHORT,SUCCESS,reservation-no-show-v1.0,reservation-no-show-feature-v1.0,29,5
RES-cc9d47083d3e9f6743708904b3d8fe9a,2026-07-30 18:00:00,True,0.0044332313955489245,20,False,LOW,TOP_15_PERCENT_DAILY_COHORT,SUCCESS,reservation-no-show-v1.0,reservation-no-show-feature-v1.0,29,5
RES-c35e607904701f55f3e16a984e57a4d9,2026-08-16 18:00:00,True,0.01978069682447747,2,True,HIGH,TOP_15_PERCENT_DAILY_COHORT,SUCCESS,reservation-no-show-v1.0,reservation-no-show-feature-v1.0,29,5
RES-a85fec85762bb45ac19271e7a6058033,2026-09-02 18:00:00,True,0.006358933510147864,27,False,LOW,TOP_15_PERCENT_DAILY_COHORT,SUCCESS,reservation-no-show-v1.0,reservation-no-show-feature-v1.0,29,5
RES-8468b75cb1b0ce8fbb152386a1f6a782,2026-09-19 18:00:00,True,0.008835082690628533,12,False,LOW,TOP_15_PERCENT_DAILY_COHORT,SUCCESS,reservation-no-show-v1.0,reservation-no-show-feature-v1.0,29,5
RES-db95f671e4731922aa6228a2085cc2a7,2026-10-06 18:00:00,True,0.01590228080433096,6,False,LOW,TOP_15_PERCENT_DAILY_COHORT,SUCCESS,reservation-no-show-v1.0,reservation-no-show-feature-v1.0,29,5
RES-4a0760a476f3b19d07b6c0dfe48ecfe2,2026-10-23 18:00:00,True,0.005282863218138439,21,False,LOW,TOP_15_PERCENT_DAILY_COHORT,SUCCESS,reservation-no-show-v1.0,reservation-no-show-feature-v1.0,29,5
RES-22123560f42905f3cdf316b0179cab8e,2026-11-09 18:00:00,True,0.006107697588860264,26,False,LOW,TOP_15_PERCENT_DAILY_COHORT,SUCCESS,reservation-no-show-v1.0,reservation-no-show-feature-v1.0,29,5
RES-b9b5f62900e8677ccbbe4afb1f9bef6e,2026-11-26 18:00:00,True,0.027408299498934814,3,True,HIGH,TOP_15_PERCENT_DAILY_COHORT,SUCCESS,reservation-no-show-v1.0,reservation-no-show-feature-v1.0,29,5
RES-1cbf2a5caded97e495dea40592cc8a6d,2026-12-13 18:00:00,True,0.005885563226331995,14,False,LOW,TOP_15_PERCENT_DAILY_COHORT,SUCCESS,reservation-no-show-v1.0,reservation-no-show-feature-v1.0,29,5
RES-0d5f54317bdd56d466dc2c3f86d58aa6,2026-07-29 18:00:00,True,0.007020933699561822,23,False,LOW,TOP_15_PERCENT_DAILY_COHORT,SUCCESS,reservation-no-show-v1.0,reservation-no-show-feature-v1.0,29,5
RES-879634d736a889bd1f6521650c1436a4,2026-08-15 18:00:00,True,0.004095501822573043,26,False,LOW,TOP_15_PERCENT_DAILY_COHORT,SUCCESS,reservation-no-show-v1.0,reservation-no-show-feature-v1.0,29,5
RES-93e9d90c74467f8e18b9a42d4e9ea660,2026-09-01 18:00:00,True,0.015925855911051834,8,False,LOW,TOP_15_PERCENT_DAILY_COHORT,SUCCESS,reservation-no-show-v1.0,reservation-no-show-feature-v1.0,29,5
RES-16ba2f11878babbf28f1e5a137d3e939,2026-09-18 18:00:00,True,0.006486813287524404,27,False,LOW,TOP_15_PERCENT_DAILY_COHORT,SUCCESS,reservation-no-show-v1.0,reservation-no-show-feature-v1.0,29,5
RES-b9492e2fa7f7ceb1dc32a503c5a7ea34,2026-10-05 18:00:00,True,0.007397420738915821,21,False,LOW,TOP_15_PERCENT_DAILY_COHORT,SUCCESS,reservation-no-show-v1.0,reservation-no-show-feature-v1.0,29,5
RES-5d2ff224367668f37647d4a8cf65b0c8,2026-10-22 18:00:00,True,0.017064621425337018,5,True,HIGH,TOP_15_PERCENT_DAILY_COHORT,SUCCESS,reservation-no-show-v1.0,reservation-no-show-feature-v1.0,29,5
RES-289f95025907a3867dd713e39898d953,2026-11-08 18:00:00,True,0.004865828214569725,24,False,LOW,TOP_15_PERCENT_DAILY_COHORT,SUCCESS,reservation-no-show-v1.0,reservation-no-show-feature-v1.0,29,5
RES-edecc0b8e606e9ccdc83b05c71e9e50d,2026-11-25 18:00:00,True,0.006422248283911173,24,False,LOW,TOP_15_PERCENT_DAILY_COHORT,SUCCESS,reservation-no-show-v1.0,reservation-no-show-feature-v1.0,29,5
RES-3eaada1a952cff3789f057d78d3251c7,2026-12-12 18:00:00,True,0.0253648912616537,4,True,HIGH,TOP_15_PERCENT_DAILY_COHORT,SUCCESS,reservation-no-show-v1.0,reservation-no-show-feature-v1.0,29,5
RES-d9206831a9bc8cee8a17d02efe79b468,2026-07-28 18:00:00,True,0.024911167663778197,3,True,HIGH,TOP_15_PERCENT_DAILY_COHORT,SUCCESS,reservation-no-show-v1.0,reservation-no-show-feature-v1.0,29,5
RES-f9c85dd285f20043a57d2e2007c49b43,2026-08-14 18:00:00,True,0.00951052808603212,12,False,LOW,TOP_15_PERCENT_DAILY_COHORT,SUCCESS,reservation-no-show-v1.0,reservation-no-show-feature-v1.0,29,5
RES-0dd1cf15e944f31c669f0ff44257f77e,2026-08-31 18:00:00,True,0.0050303713504333955,16,False,LOW,TOP_15_PERCENT_DAILY_COHORT,SUCCESS,reservation-no-show-v1.0,reservation-no-show-feature-v1.0,29,5
RES-3aa265dcb45be57ee97024cbaabc381d,2026-09-17 18:00:00,True,0.015543782949965695,8,False,LOW,TOP_15_PERCENT_DAILY_COHORT,SUCCESS,reservation-no-show-v1.0,reservation-no-show-feature-v1.0,29,5
RES-36acb1196d02d1447631c4e189e2e09a,2026-10-04 18:00:00,True,0.007963176609023785,15,False,LOW,TOP_15_PERCENT_DAILY_COHORT,SUCCESS,reservation-no-show-v1.0,reservation-no-show-feature-v1.0,29,5
RES-412aa92826baaa21eac5b3916383d121,2026-10-21 18:00:00,True,0.007218450369711794,22,False,LOW,TOP_15_PERCENT_DAILY_COHORT,SUCCESS,reservation-no-show-v1.0,reservation-no-show-feature-v1.0,29,5
RES-408fc6aabd3bcb4a1ef2bb642a81e762,2026-11-07 18:00:00,True,0.017349043489377436,5,True,HIGH,TOP_15_PERCENT_DAILY_COHORT,SUCCESS,reservation-no-show-v1.0,reservation-no-show-feature-v1.0,29,5
RES-fef205d7a6e00cd484dc2524ec5e96ad,2026-11-24 18:00:00,True,0.004747813263981251,27,False,LOW,TOP_15_PERCENT_DAILY_COHORT,SUCCESS,reservation-no-show-v1.0,reservation-no-show-feature-v1.0,29,5
RES-379dc974f3a35c9360db66dce2f7ce5b,2026-12-11 18:00:00,True,0.008076103898035654,13,False,LOW,TOP_15_PERCENT_DAILY_COHORT,SUCCESS,reservation-no-show-v1.0,reservation-no-show-feature-v1.0,29,5
RES-a4b8a344803ddab07e8210cb7aa2c7b6,2026-08-13 18:00:00,True,0.019041404966689653,9,False,LOW,TOP_15_PERCENT_DAILY_COHORT,SUCCESS,reservation-no-show-v1.0,reservation-no-show-feature-v1.0,29,5
RES-0c37292ffefec2e2966965cc8bd3dc01,2026-08-30 18:00:00,True,0.007260451376094524,27,False,LOW,TOP_15_PERCENT_DAILY_COHORT,SUCCESS,reservation-no-show-v1.0,reservation-no-show-feature-v1.0,29,5
RES-190b835d71a94f8121d8f8ff4628d291,2026-09-16 18:00:00,True,0.004908385283434039,18,False,LOW,TOP_15_PERCENT_DAILY_COHORT,SUCCESS,reservation-no-show-v1.0,reservation-no-show-feature-v1.0,29,5
RES-e796a9541fa0af3107c97cb32ea3abab,2026-10-03 18:00:00,True,0.020991655977088356,3,True,HIGH,TOP_15_PERCENT_DAILY_COHORT,SUCCESS,reservation-no-show-v1.0,reservation-no-show-feature-v1.0,29,5
RES-4a04544587843859b064ee25e0401fe7,2026-10-20 18:00:00,True,0.00855026849477123,12,False,LOW,TOP_15_PERCENT_DAILY_COHORT,SUCCESS,reservation-no-show-v1.0,reservation-no-show-feature-v1.0,29,5
RES-6b3b212b9bf9def93e0482b9e4e5d271,2026-11-06 18:00:00,True,0.0073399883028444236,23,False,LOW,TOP_15_PERCENT_DAILY_COHORT,SUCCESS,reservation-no-show-v1.0,reservation-no-show-feature-v1.0,29,5
RES-1bb4b05baa6dddb91bf0463a161e6537,2026-11-23 18:00:00,True,0.014592535989478515,7,False,LOW,TOP_15_PERCENT_DAILY_COHORT,SUCCESS,reservation-no-show-v1.0,reservation-no-show-feature-v1.0,29,5
RES-fd925c179718590bf91025d88ce3b211,2026-12-10 18:00:00,True,0.0041952365674915865,29,False,LOW,TOP_15_PERCENT_DAILY_COHORT,SUCCESS,reservation-no-show-v1.0,reservation-no-show-feature-v1.0,29,5
RES-3a3b54f5cbe19c486618a533a2471393,2026-08-12 18:00:00,True,0.005954780701851646,13,False,LOW,TOP_15_PERCENT_DAILY_COHORT,SUCCESS,reservation-no-show-v1.0,reservation-no-show-feature-v1.0,29,5
RES-aff04b7a55e2511b97dcb0bb664846aa,2026-08-29 18:00:00,True,0.02576386317412577,2,True,HIGH,TOP_15_PERCENT_DAILY_COHORT,SUCCESS,reservation-no-show-v1.0,reservation-no-show-feature-v1.0,29,5
RES-e99d1fec7742b9f9d04b5ad7e8ff9d5c,2026-09-15 18:00:00,True,0.007062155413419127,27,False,LOW,TOP_15_PERCENT_DAILY_COHORT,SUCCESS,reservation-no-show-v1.0,reservation-no-show-feature-v1.0,29,5
RES-85219724b6d0b5c086c4b23a7fc708de,2026-10-02 18:00:00,True,0.004534622718231271,20,False,LOW,TOP_15_PERCENT_DAILY_COHORT,SUCCESS,reservation-no-show-v1.0,reservation-no-show-feature-v1.0,29,5
RES-b826b0afb321bc658c8ee6033a163f1a,2026-10-19 18:00:00,True,0.017666796312684068,8,False,LOW,TOP_15_PERCENT_DAILY_COHORT,SUCCESS,reservation-no-show-v1.0,reservation-no-show-feature-v1.0,29,5
RES-1789cdc2cb3193b7568dbcb5a9ca7d1b,2026-11-05 18:00:00,True,0.006868665433820829,20,False,LOW,TOP_15_PERCENT_DAILY_COHORT,SUCCESS,reservation-no-show-v1.0,reservation-no-show-feature-v1.0,29,5
RES-9b6721702729b6fde772f1e085b97c74,2026-11-22 18:00:00,True,0.007464655631626403,23,False,LOW,TOP_15_PERCENT_DAILY_COHORT,SUCCESS,reservation-no-show-v1.0,reservation-no-show-feature-v1.0,29,5
RES-8f16eb5b72a11300d88bad602bd8a2ed,2026-12-09 18:00:00,True,0.018867950318200793,3,True,HIGH,TOP_15_PERCENT_DAILY_COHORT,SUCCESS,reservation-no-show-v1.0,reservation-no-show-feature-v1.0,29,5
RES-8bc4235e8fa3a8cc2b3d09c4787ee9e1,2026-08-11 18:00:00,True,0.004362511719735648,25,False,LOW,TOP_15_PERCENT_DAILY_COHORT,SUCCESS,reservation-no-show-v1.0,reservation-no-show-feature-v1.0,29,5
RES-1e4291c3610e7e0874feebcab14410f8,2026-08-28 18:00:00,True,0.005014746699616734,23,False,LOW,TOP_15_PERCENT_DAILY_COHORT,SUCCESS,reservation-no-show-v1.0,reservation-no-show-feature-v1.0,29,5
RES-415c27b20194243085da8b92ef56b110,2026-09-14 18:00:00,True,0.01968286995283345,9,False,LOW,TOP_15_PERCENT_DAILY_COHORT,SUCCESS,reservation-no-show-v1.0,reservation-no-show-feature-v1.0,29,5
RES-d4bdba89e6ccc9c19326b14dfbd8d523,2026-10-01 18:00:00,True,0.00831773248211133,18,False,LOW,TOP_15_PERCENT_DAILY_COHORT,SUCCESS,reservation-no-show-v1.0,reservation-no-show-feature-v1.0,29,5
RES-194d1fb23c2c819b9a951ff7af7a042c,2026-10-18 18:00:00,True,0.005587030208873838,13,False,LOW,TOP_15_PERCENT_DAILY_COHORT,SUCCESS,reservation-no-show-v1.0,reservation-no-show-feature-v1.0,29,5
RES-b3ddfcd0e8ea871fcca7ad61a7cb70fc,2026-11-04 18:00:00,True,0.015634256644138516,7,False,LOW,TOP_15_PERCENT_DAILY_COHORT,SUCCESS,reservation-no-show-v1.0,reservation-no-show-feature-v1.0,29,5
RES-b4a7130b79b4daee788d73ecf3049eec,2026-11-21 18:00:00,True,0.006366922837011428,26,False,LOW,TOP_15_PERCENT_DAILY_COHORT,SUCCESS,reservation-no-show-v1.0,reservation-no-show-feature-v1.0,29,5
RES-014eb8f7a8d8d28a7140d9038312a57f,2026-12-08 18:00:00,True,0.00798972840617282,16,False,LOW,TOP_15_PERCENT_DAILY_COHORT,SUCCESS,reservation-no-show-v1.0,reservation-no-show-feature-v1.0,29,5
RES-14fbf46cd37637b7796f1165f1d5afb1,2026-08-10 18:00:00,True,0.021633412162670545,9,False,LOW,TOP_15_PERCENT_DAILY_COHORT,SUCCESS,reservation-no-show-v1.0,reservation-no-show-feature-v1.0,30,5
RES-fd5e27c45edda4861f658f29ca0dcf0e,2026-08-27 18:00:00,True,0.004685395340114084,23,False,LOW,TOP_15_PERCENT_DAILY_COHORT,SUCCESS,reservation-no-show-v1.0,reservation-no-show-feature-v1.0,30,5
RES-f27f72d8808fe4857f33958ce870ff45,2026-09-13 18:00:00,True,0.004618778829883877,27,False,LOW,TOP_15_PERCENT_DAILY_COHORT,SUCCESS,reservation-no-show-v1.0,reservation-no-show-feature-v1.0,30,5
RES-0f959907f292c0d28df67380b51a6070,2026-09-30 18:00:00,True,0.0210491598615607,9,False,LOW,TOP_15_PERCENT_DAILY_COHORT,SUCCESS,reservation-no-show-v1.0,reservation-no-show-feature-v1.0,30,5
RES-c55a8db4c0fdd723fe6836a919c4f0ff,2026-10-17 18:00:00,True,0.007007307550141952,25,False,LOW,TOP_15_PERCENT_DAILY_COHORT,SUCCESS,reservation-no-show-v1.0,reservation-no-show-feature-v1.0,30,5
RES-f143f7725911b6d95975b7e7d1e87b17,2026-11-03 18:00:00,True,0.0040750443287250315,29,False,LOW,TOP_15_PERCENT_DAILY_COHORT,SUCCESS,reservation-no-show-v1.0,reservation-no-show-feature-v1.0,30,5
RES-24d9f36e733bbe6a6cfda3f2cee37f52,2026-11-20 18:00:00,True,0.014501554427288807,10,False,LOW,TOP_15_PERCENT_DAILY_COHORT,SUCCESS,reservation-no-show-v1.0,reservation-no-show-feature-v1.0,30,5
RES-41b75c23e64db420ac863eddfd654550,2026-12-07 18:00:00,True,0.005864815538789341,30,False,LOW,TOP_15_PERCENT_DAILY_COHORT,SUCCESS,reservation-no-show-v1.0,reservation-no-show-feature-v1.0,30,5
RES-8afd9e293867486024256d8882c5279d,2026-12-24 18:00:00,True,0.009438714255965926,13,False,LOW,TOP_15_PERCENT_DAILY_COHORT,SUCCESS,reservation-no-show-v1.0,reservation-no-show-feature-v1.0,30,5
RES-091220f37d4068c63e57d6ae73bd8256,2026-08-09 18:00:00,True,0.008318756018119848,14,False,LOW,TOP_15_PERCENT_DAILY_COHORT,SUCCESS,reservation-no-show-v1.0,reservation-no-show-feature-v1.0,29,5
RES-57f397589dbe8b65bb8c23b353737cac,2026-08-26 18:00:00,True,0.02549317559011051,5,True,HIGH,TOP_15_PERCENT_DAILY_COHORT,SUCCESS,reservation-no-show-v1.0,reservation-no-show-feature-v1.0,29,5
RES-9a4c358b8849f2ecf83cb4396877c912,2026-09-12 18:00:00,True,0.0047644885952653,21,False,LOW,TOP_15_PERCENT_DAILY_COHORT,SUCCESS,reservation-no-show-v1.0,reservation-no-show-feature-v1.0,29,5
RES-7fce69149880e179343377280945ee03,2026-09-29 18:00:00,True,0.005459787149006156,20,False,LOW,TOP_15_PERCENT_DAILY_COHORT,SUCCESS,reservation-no-show-v1.0,reservation-no-show-feature-v1.0,29,5
RES-cafa417d6bcefc921edb993e10d22328,2026-10-16 18:00:00,True,0.023587152796307295,6,False,LOW,TOP_15_PERCENT_DAILY_COHORT,SUCCESS,reservation-no-show-v1.0,reservation-no-show-feature-v1.0,29,5
RES-ad9a71b256b31824fd3954f750c6d397,2026-11-02 18:00:00,True,0.00710361741920073,23,False,LOW,TOP_15_PERCENT_DAILY_COHORT,SUCCESS,reservation-no-show-v1.0,reservation-no-show-feature-v1.0,29,5
RES-c52011691c7b3eda7da3f5754710d4e3,2026-11-19 18:00:00,True,0.004376745085900799,25,False,LOW,TOP_15_PERCENT_DAILY_COHORT,SUCCESS,reservation-no-show-v1.0,reservation-no-show-feature-v1.0,29,5
RES-be64e83cedaf42c1852c59a3e4ef8f0f,2026-12-06 18:00:00,True,0.02358783145107905,1,True,HIGH,TOP_15_PERCENT_DAILY_COHORT,SUCCESS,reservation-no-show-v1.0,reservation-no-show-feature-v1.0,29,5
RES-45f30addefc7bce8be1fef757797aa68,2026-12-23 18:00:00,True,0.006298186163930969,23,False,LOW,TOP_15_PERCENT_DAILY_COHORT,SUCCESS,reservation-no-show-v1.0,reservation-no-show-feature-v1.0,29,5
RES-69e878a3e1b37726f77d19a2eff39eca,2026-08-08 18:00:00,True,0.005251972277441258,21,False,LOW,TOP_15_PERCENT_DAILY_COHORT,SUCCESS,reservation-no-show-v1.0,reservation-no-show-feature-v1.0,29,5
RES-1b2da0dfe345a5606b1b621932b159b3,2026-08-25 18:00:00,True,0.006091477327392184,25,False,LOW,TOP_15_PERCENT_DAILY_COHORT,SUCCESS,reservation-no-show-v1.0,reservation-no-show-feature-v1.0,29,5
RES-2888ba8ed82950ec28ab300d2ce320ed,2026-09-11 18:00:00,True,0.031252481246277046,2,True,HIGH,TOP_15_PERCENT_DAILY_COHORT,SUCCESS,reservation-no-show-v1.0,reservation-no-show-feature-v1.0,29,5
RES-83ace6d0eb53df27ff4dc31c3b9c398d,2026-09-28 18:00:00,True,0.0048456254285311785,17,False,LOW,TOP_15_PERCENT_DAILY_COHORT,SUCCESS,reservation-no-show-v1.0,reservation-no-show-feature-v1.0,29,5
RES-cd36698e629266475e94d8ca98a16e85,2026-10-15 18:00:00,True,0.007078651773671954,10,False,LOW,TOP_15_PERCENT_DAILY_COHORT,SUCCESS,reservation-no-show-v1.0,reservation-no-show-feature-v1.0,29,5
RES-bccb4bb8562aee3632362c9c0c10edd8,2026-11-01 18:00:00,True,0.023905853420240614,4,True,HIGH,TOP_15_PERCENT_DAILY_COHORT,SUCCESS,reservation-no-show-v1.0,reservation-no-show-feature-v1.0,29,5
RES-cea98dca6035d253970faaf8ca299a53,2026-11-18 18:00:00,True,0.008393261325193154,14,False,LOW,TOP_15_PERCENT_DAILY_COHORT,SUCCESS,reservation-no-show-v1.0,reservation-no-show-feature-v1.0,29,5
RES-bd4abd993ca0bff628eb84316e175c13,2026-12-05 18:00:00,True,0.005279450164537855,13,False,LOW,TOP_15_PERCENT_DAILY_COHORT,SUCCESS,reservation-no-show-v1.0,reservation-no-show-feature-v1.0,29,5
RES-8c0632e3c85cca3651f610813f4ca1ed,2026-12-22 18:00:00,True,0.015775166045690348,7,False,LOW,TOP_15_PERCENT_DAILY_COHORT,SUCCESS,reservation-no-show-v1.0,reservation-no-show-feature-v1.0,29,5
RES-9008068a61a226d785565a1e63c930c1,2026-08-07 18:00:00,True,0.01700487151760566,3,True,HIGH,TOP_15_PERCENT_DAILY_COHORT,SUCCESS,reservation-no-show-v1.0,reservation-no-show-feature-v1.0,29,5
RES-5aa5d6a005b1458bd540ee07556d1f30,2026-08-24 18:00:00,True,0.004852889892166706,25,False,LOW,TOP_15_PERCENT_DAILY_COHORT,SUCCESS,reservation-no-show-v1.0,reservation-no-show-feature-v1.0,29,5
RES-7ba8a70387a42172486cd1de8bbf3031,2026-09-10 18:00:00,True,0.008688282530364771,10,False,LOW,TOP_15_PERCENT_DAILY_COHORT,SUCCESS,reservation-no-show-v1.0,reservation-no-show-feature-v1.0,29,5
RES-22ba3826385fa2025fa2ffce46aa095f,2026-09-27 18:00:00,True,0.026346149794508084,5,True,HIGH,TOP_15_PERCENT_DAILY_COHORT,SUCCESS,reservation-no-show-v1.0,reservation-no-show-feature-v1.0,29,5
RES-73395aea97953328617a4d67ab25b204,2026-10-14 18:00:00,True,0.0062835373922393,11,False,LOW,TOP_15_PERCENT_DAILY_COHORT,SUCCESS,reservation-no-show-v1.0,reservation-no-show-feature-v1.0,29,5
RES-4bff5d7f0dcbacb629b5fdfcd3a60b50,2026-10-31 18:00:00,True,0.004906182763910973,19,False,LOW,TOP_15_PERCENT_DAILY_COHORT,SUCCESS,reservation-no-show-v1.0,reservation-no-show-feature-v1.0,29,5
RES-982360a485e6f8bf7757b46461c76533,2026-11-17 18:00:00,True,0.023336874522855086,5,True,HIGH,TOP_15_PERCENT_DAILY_COHORT,SUCCESS,reservation-no-show-v1.0,reservation-no-show-feature-v1.0,29,5
RES-89a9247421f0a8459eda4fc8601a3982,2026-12-04 18:00:00,True,0.006404863367747118,29,False,LOW,TOP_15_PERCENT_DAILY_COHORT,SUCCESS,reservation-no-show-v1.0,reservation-no-show-feature-v1.0,29,5
RES-2c3593dc97443309ea0e0322d16025dd,2026-12-21 18:00:00,True,0.006035262212761261,11,False,LOW,TOP_15_PERCENT_DAILY_COHORT,SUCCESS,reservation-no-show-v1.0,reservation-no-show-feature-v1.0,29,5
RES-4963d36ba05ac09bea22441cff49afce,2026-08-06 18:00:00,True,0.007176322957590612,21,False,LOW,TOP_15_PERCENT_DAILY_COHORT,SUCCESS,reservation-no-show-v1.0,reservation-no-show-feature-v1.0,29,5
RES-da8736d7e1fc0a7fecfbfed1855cf395,2026-08-23 18:00:00,True,0.013560413675238683,10,False,LOW,TOP_15_PERCENT_DAILY_COHORT,SUCCESS,reservation-no-show-v1.0,reservation-no-show-feature-v1.0,29,5
RES-2d5eb6a40508c2686553c799ef0d7cab,2026-09-09 18:00:00,True,0.004288136489584008,28,False,LOW,TOP_15_PERCENT_DAILY_COHORT,SUCCESS,reservation-no-show-v1.0,reservation-no-show-feature-v1.0,29,5
RES-f59693f8798b8cc3e9a703269fd5f17e,2026-09-26 18:00:00,True,0.006651702712003466,21,False,LOW,TOP_15_PERCENT_DAILY_COHORT,SUCCESS,reservation-no-show-v1.0,reservation-no-show-feature-v1.0,29,5
RES-a3913711ddaddd3c375e9cad208053f7,2026-10-13 18:00:00,True,0.025640052142407155,7,False,LOW,TOP_15_PERCENT_DAILY_COHORT,SUCCESS,reservation-no-show-v1.0,reservation-no-show-feature-v1.0,29,5
RES-b462288f14d03a9451ce74e8f0de189c,2026-10-30 18:00:00,True,0.004807908775553922,19,False,LOW,TOP_15_PERCENT_DAILY_COHORT,SUCCESS,reservation-no-show-v1.0,reservation-no-show-feature-v1.0,29,5
RES-d260639242634cef5932f7fb9ffc16cb,2026-11-16 18:00:00,True,0.004989720479534652,24,False,LOW,TOP_15_PERCENT_DAILY_COHORT,SUCCESS,reservation-no-show-v1.0,reservation-no-show-feature-v1.0,29,5
RES-674677caafa08cbd88b0e29c5cce1ad3,2026-12-03 18:00:00,True,0.0227095467215196,6,False,LOW,TOP_15_PERCENT_DAILY_COHORT,SUCCESS,reservation-no-show-v1.0,reservation-no-show-feature-v1.0,29,5
RES-f3c06722b20ba0194eaf2ebdc7ffa84d,2026-12-20 18:00:00,True,0.008679186466463873,16,False,LOW,TOP_15_PERCENT_DAILY_COHORT,SUCCESS,reservation-no-show-v1.0,reservation-no-show-feature-v1.0,29,5
RES-dd26c63cdcaa676bcb903ea0d2fe6a24,2026-08-05 18:00:00,True,0.008500435044007874,12,False,LOW,TOP_15_PERCENT_DAILY_COHORT,SUCCESS,reservation-no-show-v1.0,reservation-no-show-feature-v1.0,29,5
RES-9412fb8bcf01104cf80e411629997176,2026-08-22 18:00:00,True,0.008863325327808322,11,False,LOW,TOP_15_PERCENT_DAILY_COHORT,SUCCESS,reservation-no-show-v1.0,reservation-no-show-feature-v1.0,29,5
RES-4ce6e8ddce41139683ae2a494658a506,2026-09-08 18:00:00,True,0.01450800176823347,8,False,LOW,TOP_15_PERCENT_DAILY_COHORT,SUCCESS,reservation-no-show-v1.0,reservation-no-show-feature-v1.0,29,5
RES-fd89815ad2d9b59eb27104b27d52689d,2026-09-25 18:00:00,True,0.004815116968738063,27,False,LOW,TOP_15_PERCENT_DAILY_COHORT,SUCCESS,reservation-no-show-v1.0,reservation-no-show-feature-v1.0,29,5
RES-acd2a6df904f500270f3e5765a657147,2026-10-12 18:00:00,True,0.00612727563643687,29,False,LOW,TOP_15_PERCENT_DAILY_COHORT,SUCCESS,reservation-no-show-v1.0,reservation-no-show-feature-v1.0,29,5
RES-6253625e66143a2902c06b8f33374508,2026-10-29 18:00:00,True,0.025030856355386284,6,False,LOW,TOP_15_PERCENT_DAILY_COHORT,SUCCESS,reservation-no-show-v1.0,reservation-no-show-feature-v1.0,29,5
RES-11cfde6879ff9b8637f3ea96ad79b697,2026-11-15 18:00:00,True,0.0044282002852817975,26,False,LOW,TOP_15_PERCENT_DAILY_COHORT,SUCCESS,reservation-no-show-v1.0,reservation-no-show-feature-v1.0,29,5
RES-63419027977895687192868b03f5c2b2,2026-12-02 18:00:00,True,0.005341640284852216,22,False,LOW,TOP_15_PERCENT_DAILY_COHORT,SUCCESS,reservation-no-show-v1.0,reservation-no-show-feature-v1.0,29,5
RES-de43b09bcad7aef2f6722fe5bc4c65ba,2026-12-19 18:00:00,True,0.025442536923901672,3,True,HIGH,TOP_15_PERCENT_DAILY_COHORT,SUCCESS,reservation-no-show-v1.0,reservation-no-show-feature-v1.0,29,5
RES-c1812b731716ac34c041888faf2410c4,2026-08-04 18:00:00,True,0.015976399884256975,6,False,LOW,TOP_15_PERCENT_DAILY_COHORT,SUCCESS,reservation-no-show-v1.0,reservation-no-show-feature-v1.0,29,5
RES-f2f5d9314100d8b868d4d06af744f33c,2026-08-21 18:00:00,True,0.007161433930294381,23,False,LOW,TOP_15_PERCENT_DAILY_COHORT,SUCCESS,reservation-no-show-v1.0,reservation-no-show-feature-v1.0,29,5
RES-6806e4b28a669eff8ed9ad16f50885c8,2026-09-07 18:00:00,True,0.006743720238837227,28,False,LOW,TOP_15_PERCENT_DAILY_COHORT,SUCCESS,reservation-no-show-v1.0,reservation-no-show-feature-v1.0,29,5
RES-c01f535bcb98e1f461bc31eb76d1668c,2026-09-24 18:00:00,True,0.015570043180888029,7,False,LOW,TOP_15_PERCENT_DAILY_COHORT,SUCCESS,reservation-no-show-v1.0,reservation-no-show-feature-v1.0,29,5
RES-dd38f7547fab18b8131d2977b362989b,2026-10-11 18:00:00,True,0.005913275833822502,15,False,LOW,TOP_15_PERCENT_DAILY_COHORT,SUCCESS,reservation-no-show-v1.0,reservation-no-show-feature-v1.0,29,5
RES-6f9ad2065c3444cdb6296af0424e0e79,2026-10-28 18:00:00,True,0.005978849576524183,27,False,LOW,TOP_15_PERCENT_DAILY_COHORT,SUCCESS,reservation-no-show-v1.0,reservation-no-show-feature-v1.0,29,5
RES-b6363f09108c87ca3b681c09113f2e49,2026-11-14 18:00:00,True,0.023160476019067386,8,False,LOW,TOP_15_PERCENT_DAILY_COHORT,SUCCESS,reservation-no-show-v1.0,reservation-no-show-feature-v1.0,29,5
RES-a3a743c26de551be1701e0175bde9857,2026-12-01 18:00:00,True,0.004306922591331395,22,False,LOW,TOP_15_PERCENT_DAILY_COHORT,SUCCESS,reservation-no-show-v1.0,reservation-no-show-feature-v1.0,29,5
RES-cb4bbd78fd02ddc24e3cf56fbe374f36,2026-12-18 18:00:00,True,0.004950887820977323,22,False,LOW,TOP_15_PERCENT_DAILY_COHORT,SUCCESS,reservation-no-show-v1.0,reservation-no-show-feature-v1.0,29,5
RES-ac5969ea091181f448d2365c2cab4e35,2026-08-03 18:00:00,True,0.0045848777620785975,22,False,LOW,TOP_15_PERCENT_DAILY_COHORT,SUCCESS,reservation-no-show-v1.0,reservation-no-show-feature-v1.0,29,5
RES-d04e490123eb5a7b7cf0550e8db0ac09,2026-08-20 18:00:00,True,0.015593133550222408,6,False,LOW,TOP_15_PERCENT_DAILY_COHORT,SUCCESS,reservation-no-show-v1.0,reservation-no-show-feature-v1.0,29,5
RES-3ab80c66ecea6433492b4dc046a30526,2026-09-06 18:00:00,True,0.006597086019047988,26,False,LOW,TOP_15_PERCENT_DAILY_COHORT,SUCCESS,reservation-no-show-v1.0,reservation-no-show-feature-v1.0,29,5
RES-caf405500b8347ed5b1cb44d660c5d9b,2026-09-23 18:00:00,True,0.007968550092925231,15,False,LOW,TOP_15_PERCENT_DAILY_COHORT,SUCCESS,reservation-no-show-v1.0,reservation-no-show-feature-v1.0,29,5
RES-14c807d84e15bb8339b24a7968288bfb,2026-10-10 18:00:00,True,0.014396164545177661,8,False,LOW,TOP_15_PERCENT_DAILY_COHORT,SUCCESS,reservation-no-show-v1.0,reservation-no-show-feature-v1.0,29,5
RES-343f508ae80218d64ec231114c9b0fb5,2026-10-27 18:00:00,True,0.005770003572438386,19,False,LOW,TOP_15_PERCENT_DAILY_COHORT,SUCCESS,reservation-no-show-v1.0,reservation-no-show-feature-v1.0,29,5
RES-2348c2f67228d6e19c5c6820bfe8d011,2026-11-13 18:00:00,True,0.006690771182581051,25,False,LOW,TOP_15_PERCENT_DAILY_COHORT,SUCCESS,reservation-no-show-v1.0,reservation-no-show-feature-v1.0,29,5
RES-d158ef40e5955f26d0eec90916bb77b4,2026-11-30 18:00:00,True,0.025787752517391894,6,False,LOW,TOP_15_PERCENT_DAILY_COHORT,SUCCESS,reservation-no-show-v1.0,reservation-no-show-feature-v1.0,29,5
RES-a1615a3a49d060430b335eebb7b1bdd3,2026-12-17 18:00:00,True,0.005603789612323494,14,False,LOW,TOP_15_PERCENT_DAILY_COHORT,SUCCESS,reservation-no-show-v1.0,reservation-no-show-feature-v1.0,29,5
RES-f7c6f862470b549fe3c0be657f449fde,2026-08-02 18:00:00,True,0.007260451376094524,24,False,LOW,TOP_15_PERCENT_DAILY_COHORT,SUCCESS,reservation-no-show-v1.0,reservation-no-show-feature-v1.0,29,5
RES-83503df48feba81254d87a8be1eea014,2026-08-19 18:00:00,True,0.005419746830710334,12,False,LOW,TOP_15_PERCENT_DAILY_COHORT,SUCCESS,reservation-no-show-v1.0,reservation-no-show-feature-v1.0,29,5
RES-9ba827b76b482e8867ca61aa7fa1907b,2026-09-05 18:00:00,True,0.017429786365893332,2,True,HIGH,TOP_15_PERCENT_DAILY_COHORT,SUCCESS,reservation-no-show-v1.0,reservation-no-show-feature-v1.0,29,5
RES-d643df29d02b62431b68a2f423661704,2026-09-22 18:00:00,True,0.005849236505047332,29,False,LOW,TOP_15_PERCENT_DAILY_COHORT,SUCCESS,reservation-no-show-v1.0,reservation-no-show-feature-v1.0,29,5
RES-7fd6218053f06e1a58726d522d7047a2,2026-10-09 18:00:00,True,0.007363487157536459,21,False,LOW,TOP_15_PERCENT_DAILY_COHORT,SUCCESS,reservation-no-show-v1.0,reservation-no-show-feature-v1.0,29,5
RES-a87ccbd8fc48fc4b9f2d16b6dfcbb0a1,2026-10-26 18:00:00,True,0.014638911346189127,10,False,LOW,TOP_15_PERCENT_DAILY_COHORT,SUCCESS,reservation-no-show-v1.0,reservation-no-show-feature-v1.0,29,5
RES-8e823b5d9a1ecc65bd8bd6684da36d50,2026-11-12 18:00:00,True,0.004632647302534743,27,False,LOW,TOP_15_PERCENT_DAILY_COHORT,SUCCESS,reservation-no-show-v1.0,reservation-no-show-feature-v1.0,29,5
RES-b0c4267b06c7d1e3400449464cb4a30e,2026-11-29 18:00:00,True,0.00680448735455934,18,False,LOW,TOP_15_PERCENT_DAILY_COHORT,SUCCESS,reservation-no-show-v1.0,reservation-no-show-feature-v1.0,29,5
RES-40c3a677111be3a10b0e7757989a5d56,2026-12-16 18:00:00,True,0.022914618873134018,7,False,LOW,TOP_15_PERCENT_DAILY_COHORT,SUCCESS,reservation-no-show-v1.0,reservation-no-show-feature-v1.0,29,5
RES-720d42440b73d1808e13c006abdc296d,2026-08-01 18:00:00,True,0.02345175303278055,5,True,HIGH,TOP_15_PERCENT_DAILY_COHORT,SUCCESS,reservation-no-show-v1.0,reservation-no-show-feature-v1.0,29,5
RES-b10466f08d6ea72544e8868f74839b88,2026-08-18 18:00:00,True,0.007084771138918395,26,False,LOW,TOP_15_PERCENT_DAILY_COHORT,SUCCESS,reservation-no-show-v1.0,reservation-no-show-feature-v1.0,29,5
RES-330093011b9bad485b3fa8617a1d8f8e,2026-09-04 18:00:00,True,0.004132850647688052,28,False,LOW,TOP_15_PERCENT_DAILY_COHORT,SUCCESS,reservation-no-show-v1.0,reservation-no-show-feature-v1.0,29,5
RES-5a0385e2550d75eded5222245e5d39af,2026-09-21 18:00:00,True,0.019481322592272445,3,True,HIGH,TOP_15_PERCENT_DAILY_COHORT,SUCCESS,reservation-no-show-v1.0,reservation-no-show-feature-v1.0,29,5
RES-06153c1ed69eefbad2f9fec1514c1760,2026-10-08 18:00:00,True,0.0068906658303482925,20,False,LOW,TOP_15_PERCENT_DAILY_COHORT,SUCCESS,reservation-no-show-v1.0,reservation-no-show-feature-v1.0,29,5
RES-21bf1c870a6029224add5a917752caec,2026-10-25 18:00:00,True,0.009066445636442518,12,False,LOW,TOP_15_PERCENT_DAILY_COHORT,SUCCESS,reservation-no-show-v1.0,reservation-no-show-feature-v1.0,29,5
RES-0a663b1571e4fa131c700cb9c490ad80,2026-11-11 18:00:00,True,0.020803232441451543,1,True,HIGH,TOP_15_PERCENT_DAILY_COHORT,SUCCESS,reservation-no-show-v1.0,reservation-no-show-feature-v1.0,29,5
RES-3b34580dfbe5c48af599a3308fb65f04,2026-11-28 18:00:00,True,0.005201744451129546,20,False,LOW,TOP_15_PERCENT_DAILY_COHORT,SUCCESS,reservation-no-show-v1.0,reservation-no-show-feature-v1.0,29,5
RES-b53bdf2233a05670546afee392a9261f,2026-12-15 18:00:00,True,0.007847885440324174,12,False,LOW,TOP_15_PERCENT_DAILY_COHORT,SUCCESS,reservation-no-show-v1.0,reservation-no-show-feature-v1.0,29,5
RES-cecba781af0015c1f9cb67d1856c07f0,2026-07-31 18:00:00,True,0.005014746699616734,25,False,LOW,TOP_15_PERCENT_DAILY_COHORT,SUCCESS,reservation-no-show-v1.0,reservation-no-show-feature-v1.0,29,5
RES-21c32004776e125d7efe0426bf827e01,2026-08-17 18:00:00,True,0.02760678538278631,2,True,HIGH,TOP_15_PERCENT_DAILY_COHORT,SUCCESS,reservation-no-show-v1.0,reservation-no-show-feature-v1.0,29,5
RES-04a705ddf736d729bb55d73788028bf4,2026-09-03 18:00:00,True,0.0068912400119643,26,False,LOW,TOP_15_PERCENT_DAILY_COHORT,SUCCESS,reservation-no-show-v1.0,reservation-no-show-feature-v1.0,29,5
RES-a86a3f3114e5e33666bbad25ca586cf7,2026-09-20 18:00:00,True,0.00509249079985734,20,False,LOW,TOP_15_PERCENT_DAILY_COHORT,SUCCESS,reservation-no-show-v1.0,reservation-no-show-feature-v1.0,29,5
RES-d152593a5243e48e17d531782d0386ab,2026-10-07 18:00:00,True,0.018955625860915162,3,True,HIGH,TOP_15_PERCENT_DAILY_COHORT,SUCCESS,reservation-no-show-v1.0,reservation-no-show-feature-v1.0,29,5
RES-1fe7dd698fe4a096bfbc6c3052824279,2026-10-24 18:00:00,True,0.008511091894633175,12,False,LOW,TOP_15_PERCENT_DAILY_COHORT,SUCCESS,reservation-no-show-v1.0,reservation-no-show-feature-v1.0,29,5
RES-230d5200a15867613d94a744e090c3f4,2026-11-10 18:00:00,True,0.007284070544107822,23,False,LOW,TOP_15_PERCENT_DAILY_COHORT,SUCCESS,reservation-no-show-v1.0,reservation-no-show-feature-v1.0,29,5
RES-51a2bc5b85489be811138a0d318815c5,2026-11-27 18:00:00,True,0.01756059988026226,5,True,HIGH,TOP_15_PERCENT_DAILY_COHORT,SUCCESS,reservation-no-show-v1.0,reservation-no-show-feature-v1.0,29,5
RES-b10f656e3583ad14ebe9e279284c0c40,2026-12-14 18:00:00,True,0.005803923681164498,14,False,LOW,TOP_15_PERCENT_DAILY_COHORT,SUCCESS,reservation-no-show-v1.0,reservation-no-show-feature-v1.0,29,5
RES-ea05ce68bab32c10fcc5ea19e81b7f4b,2026-07-30 18:00:00,True,0.004270321971124674,24,False,LOW,TOP_15_PERCENT_DAILY_COHORT,SUCCESS,reservation-no-show-v1.0,reservation-no-show-feature-v1.0,29,5
RES-1fccfa1167066ce34b9d2b3422f43d0b,2026-08-16 18:00:00,True,0.004633606442186502,28,False,LOW,TOP_15_PERCENT_DAILY_COHORT,SUCCESS,reservation-no-show-v1.0,reservation-no-show-feature-v1.0,29,5
RES-64df9c9e54ac9fc4f496a7faf49a19b7,2026-09-02 18:00:00,True,0.023202877316673327,6,False,LOW,TOP_15_PERCENT_DAILY_COHORT,SUCCESS,reservation-no-show-v1.0,reservation-no-show-feature-v1.0,29,5
RES-ecf0f8bdbc335ffe1af8b0d2b438a94f,2026-09-19 18:00:00,True,0.0077356374892154165,18,False,LOW,TOP_15_PERCENT_DAILY_COHORT,SUCCESS,reservation-no-show-v1.0,reservation-no-show-feature-v1.0,29,5
RES-eb9f57f2f4614628319d39c046a44016,2026-10-06 18:00:00,True,0.004088133565574068,27,False,LOW,TOP_15_PERCENT_DAILY_COHORT,SUCCESS,reservation-no-show-v1.0,reservation-no-show-feature-v1.0,29,5
RES-9b76b887beffdf688ecfa5dc86f5186d,2026-10-23 18:00:00,True,0.0159962780143575,9,False,LOW,TOP_15_PERCENT_DAILY_COHORT,SUCCESS,reservation-no-show-v1.0,reservation-no-show-feature-v1.0,29,5
RES-0f66526d8f2c69c9cf0bd08350c72c00,2026-11-09 18:00:00,True,0.005883619643844494,29,False,LOW,TOP_15_PERCENT_DAILY_COHORT,SUCCESS,reservation-no-show-v1.0,reservation-no-show-feature-v1.0,29,5
RES-1f57684ab4d35ecc0b5fdef0575fd172,2026-11-26 18:00:00,True,0.009468868055982911,10,False,LOW,TOP_15_PERCENT_DAILY_COHORT,SUCCESS,reservation-no-show-v1.0,reservation-no-show-feature-v1.0,29,5
RES-4c60ecf05146147b31a966f18ba97572,2026-12-13 18:00:00,True,0.013389196796655603,10,False,LOW,TOP_15_PERCENT_DAILY_COHORT,SUCCESS,reservation-no-show-v1.0,reservation-no-show-feature-v1.0,29,5
RES-a201041da4d8ce4df5f1bce4ce899811,2026-07-29 18:00:00,True,0.02327787767458437,8,False,LOW,TOP_15_PERCENT_DAILY_COHORT,SUCCESS,reservation-no-show-v1.0,reservation-no-show-feature-v1.0,29,5
RES-47f9212df7a8372c48812fed4f26abd9,2026-08-15 18:00:00,True,0.004779781731728824,17,False,LOW,TOP_15_PERCENT_DAILY_COHORT,SUCCESS,reservation-no-show-v1.0,reservation-no-show-feature-v1.0,29,5
RES-4e7cdfb5a370fc9695c2ed8e922e51f8,2026-09-01 18:00:00,True,0.004960535109493708,24,False,LOW,TOP_15_PERCENT_DAILY_COHORT,SUCCESS,reservation-no-show-v1.0,reservation-no-show-feature-v1.0,29,5
RES-d34ea8f0dbb58f72353161501e7e3b8a,2026-09-18 18:00:00,True,0.023661426836779142,8,False,LOW,TOP_15_PERCENT_DAILY_COHORT,SUCCESS,reservation-no-show-v1.0,reservation-no-show-feature-v1.0,29,5
RES-af09c42fdaf010e9cd33661f553492b4,2026-10-05 18:00:00,True,0.0071263649689681605,26,False,LOW,TOP_15_PERCENT_DAILY_COHORT,SUCCESS,reservation-no-show-v1.0,reservation-no-show-feature-v1.0,29,5
RES-c926f7a09bd113a014279f1c12e98251,2026-10-22 18:00:00,True,0.003988905078740125,27,False,LOW,TOP_15_PERCENT_DAILY_COHORT,SUCCESS,reservation-no-show-v1.0,reservation-no-show-feature-v1.0,29,5
RES-003dfd3c5f9acb8da37c66dc58142095,2026-11-08 18:00:00,True,0.017825692978985428,6,False,LOW,TOP_15_PERCENT_DAILY_COHORT,SUCCESS,reservation-no-show-v1.0,reservation-no-show-feature-v1.0,29,5
RES-0a52e053558160bc97f36907a2bc4cf0,2026-11-25 18:00:00,True,0.0076516010053670576,13,False,LOW,TOP_15_PERCENT_DAILY_COHORT,SUCCESS,reservation-no-show-v1.0,reservation-no-show-feature-v1.0,29,5
RES-49cffb78cfb677015fcf3bf93f50cd3f,2026-12-12 18:00:00,True,0.007227511733649262,22,False,LOW,TOP_15_PERCENT_DAILY_COHORT,SUCCESS,reservation-no-show-v1.0,reservation-no-show-feature-v1.0,29,5
RES-f1935d0d4055d43def39e510cae64be8,2026-07-28 18:00:00,True,0.009858203271901556,10,False,LOW,TOP_15_PERCENT_DAILY_COHORT,SUCCESS,reservation-no-show-v1.0,reservation-no-show-feature-v1.0,29,5
RES-6051bdcf4c279746a67572a04db45dbb,2026-08-14 18:00:00,True,0.02366336518498761,6,False,LOW,TOP_15_PERCENT_DAILY_COHORT,SUCCESS,reservation-no-show-v1.0,reservation-no-show-feature-v1.0,29,5
RES-73fa53bf28e77f1de597c601e730f433,2026-08-31 18:00:00,True,0.0048456254285311785,20,False,LOW,TOP_15_PERCENT_DAILY_COHORT,SUCCESS,reservation-no-show-v1.0,reservation-no-show-feature-v1.0,29,5
RES-177fbc08cf7e0cb94585a94f90e8f915,2026-09-17 18:00:00,True,0.006452937345865751,10,False,LOW,TOP_15_PERCENT_DAILY_COHORT,SUCCESS,reservation-no-show-v1.0,reservation-no-show-feature-v1.0,29,5
RES-05a04e12c4cc168f092a8b19b56786d3,2026-10-04 18:00:00,True,0.028932806160757676,3,True,HIGH,TOP_15_PERCENT_DAILY_COHORT,SUCCESS,reservation-no-show-v1.0,reservation-no-show-feature-v1.0,29,5
RES-d77e83dca8baeb1877882256218f602d,2026-10-21 18:00:00,True,0.006318897732539104,29,False,LOW,TOP_15_PERCENT_DAILY_COHORT,SUCCESS,reservation-no-show-v1.0,reservation-no-show-feature-v1.0,29,5
RES-d815a4fed0c1c42d22694f79bf750eb0,2026-11-07 18:00:00,True,0.004914561163902508,17,False,LOW,TOP_15_PERCENT_DAILY_COHORT,SUCCESS,reservation-no-show-v1.0,reservation-no-show-feature-v1.0,29,5
RES-70c41d6aa26ae671055e51bf10eb952e,2026-11-24 18:00:00,True,0.015825239464500353,8,False,LOW,TOP_15_PERCENT_DAILY_COHORT,SUCCESS,reservation-no-show-v1.0,reservation-no-show-feature-v1.0,29,5
RES-23b8b456809ac25a1b8f142e36ded714,2026-12-11 18:00:00,True,0.007780374793889433,17,False,LOW,TOP_15_PERCENT_DAILY_COHORT,SUCCESS,reservation-no-show-v1.0,reservation-no-show-feature-v1.0,29,5
RES-a44a48fb319b152e79f85fded2623f7f,2026-08-13 18:00:00,True,0.005943913253322631,28,False,LOW,TOP_15_PERCENT_DAILY_COHORT,SUCCESS,reservation-no-show-v1.0,reservation-no-show-feature-v1.0,29,5
RES-23ac326dc28ef1e54620dc757add7db5,2026-08-30 18:00:00,True,0.024058560302430355,8,False,LOW,TOP_15_PERCENT_DAILY_COHORT,SUCCESS,reservation-no-show-v1.0,reservation-no-show-feature-v1.0,29,5
RES-ef2c9bd8465d885ec3c8fbad91345b30,2026-09-16 18:00:00,True,0.004295463993890856,26,False,LOW,TOP_15_PERCENT_DAILY_COHORT,SUCCESS,reservation-no-show-v1.0,reservation-no-show-feature-v1.0,29,5
RES-65b0152a9a2c3b6be6c85f9f66131e0c,2026-10-03 18:00:00,True,0.004921928463454569,21,False,LOW,TOP_15_PERCENT_DAILY_COHORT,SUCCESS,reservation-no-show-v1.0,reservation-no-show-feature-v1.0,29,5
RES-9f5115c12ce287ece8eb323fef4febb2,2026-10-20 18:00:00,True,0.021304857691148284,9,False,LOW,TOP_15_PERCENT_DAILY_COHORT,SUCCESS,reservation-no-show-v1.0,reservation-no-show-feature-v1.0,29,5
RES-5d733bf83c8cb4ddcf7553122adf55c8,2026-11-06 18:00:00,True,0.0064253878134582325,29,False,LOW,TOP_15_PERCENT_DAILY_COHORT,SUCCESS,reservation-no-show-v1.0,reservation-no-show-feature-v1.0,29,5
RES-fcf187d906b1ac1801f8dd32450997cd,2026-11-23 18:00:00,True,0.0045410006452492446,24,False,LOW,TOP_15_PERCENT_DAILY_COHORT,SUCCESS,reservation-no-show-v1.0,reservation-no-show-feature-v1.0,29,5
RES-1b611d2f03d4dac042cfce013d858b51,2026-12-10 18:00:00,True,0.020454322335589886,2,True,HIGH,TOP_15_PERCENT_DAILY_COHORT,SUCCESS,reservation-no-show-v1.0,reservation-no-show-feature-v1.0,29,5
RES-e307510194ef4218cc6634901156eed0,2026-08-12 18:00:00,True,0.005211877997954075,15,False,LOW,TOP_15_PERCENT_DAILY_COHORT,SUCCESS,reservation-no-show-v1.0,reservation-no-show-feature-v1.0,29,5
RES-d99990569acd3335ab6ad673cc20ff5f,2026-08-29 18:00:00,True,0.00667301284437434,23,False,LOW,TOP_15_PERCENT_DAILY_COHORT,SUCCESS,reservation-no-show-v1.0,reservation-no-show-feature-v1.0,29,5
RES-b955954a51be69df5c0108fbbb2df591,2026-09-15 18:00:00,True,0.025720620311941077,7,False,LOW,TOP_15_PERCENT_DAILY_COHORT,SUCCESS,reservation-no-show-v1.0,reservation-no-show-feature-v1.0,29,5
RES-08b4b11b87f774fd44a214b96d91d80d,2026-10-02 18:00:00,True,0.005291881463046812,12,False,LOW,TOP_15_PERCENT_DAILY_COHORT,SUCCESS,reservation-no-show-v1.0,reservation-no-show-feature-v1.0,29,5
RES-ca9813214791e0f915def4d93e5526f0,2026-10-19 18:00:00,True,0.005005732932892935,19,False,LOW,TOP_15_PERCENT_DAILY_COHORT,SUCCESS,reservation-no-show-v1.0,reservation-no-show-feature-v1.0,29,5
RES-6bc4b27e16258e1b75df8c2de59dacb0,2026-11-05 18:00:00,True,0.022781121727987498,8,False,LOW,TOP_15_PERCENT_DAILY_COHORT,SUCCESS,reservation-no-show-v1.0,reservation-no-show-feature-v1.0,29,5
RES-3a4a3675ac948ff1214cb9e0deb79460,2026-11-22 18:00:00,True,0.007191154093748242,26,False,LOW,TOP_15_PERCENT_DAILY_COHORT,SUCCESS,reservation-no-show-v1.0,reservation-no-show-feature-v1.0,29,5
RES-a8849336424d600723cf69f7c5c7f319,2026-12-09 18:00:00,True,0.004012396903010987,27,False,LOW,TOP_15_PERCENT_DAILY_COHORT,SUCCESS,reservation-no-show-v1.0,reservation-no-show-feature-v1.0,29,5
RES-12cfe1173f1207aedbdbe48d19b18ffd,2026-08-11 18:00:00,True,0.017594383957324683,1,True,HIGH,TOP_15_PERCENT_DAILY_COHORT,SUCCESS,reservation-no-show-v1.0,reservation-no-show-feature-v1.0,29,5
RES-315dc523ce2c51b4544fa656381c171d,2026-08-28 18:00:00,True,0.005316813626856756,21,False,LOW,TOP_15_PERCENT_DAILY_COHORT,SUCCESS,reservation-no-show-v1.0,reservation-no-show-feature-v1.0,29,5
RES-d5cf3b316883ef7214e912cb713ff34e,2026-09-14 18:00:00,True,0.00744423871595717,16,False,LOW,TOP_15_PERCENT_DAILY_COHORT,SUCCESS,reservation-no-show-v1.0,reservation-no-show-feature-v1.0,29,5
RES-12f3f5af57b2c9865785d169e1a65f35,2026-10-01 18:00:00,True,0.030192606834844662,2,True,HIGH,TOP_15_PERCENT_DAILY_COHORT,SUCCESS,reservation-no-show-v1.0,reservation-no-show-feature-v1.0,29,5
RES-ea5434cbfad88f4e31c3502f08544f45,2026-10-18 18:00:00,True,0.0040358191202304215,28,False,LOW,TOP_15_PERCENT_DAILY_COHORT,SUCCESS,reservation-no-show-v1.0,reservation-no-show-feature-v1.0,29,5
RES-335fdb6186aa8d7f154863d84bd6cfbb,2026-11-04 18:00:00,True,0.004868715368865206,20,False,LOW,TOP_15_PERCENT_DAILY_COHORT,SUCCESS,reservation-no-show-v1.0,reservation-no-show-feature-v1.0,29,5
RES-37d6d31dda5dd968c1590e97630f2caa,2026-11-21 18:00:00,True,0.025522500703047124,2,True,HIGH,TOP_15_PERCENT_DAILY_COHORT,SUCCESS,reservation-no-show-v1.0,reservation-no-show-feature-v1.0,29,5
RES-53c5a239f75fd9e8efaccd8fceb28c27,2026-12-08 18:00:00,True,0.006356023995754527,28,False,LOW,TOP_15_PERCENT_DAILY_COHORT,SUCCESS,reservation-no-show-v1.0,reservation-no-show-feature-v1.0,29,5
RES-35318a3e5b0015534866f2f4affbc9ca,2026-08-10 18:00:00,True,0.009916740727905915,12,False,LOW,TOP_15_PERCENT_DAILY_COHORT,SUCCESS,reservation-no-show-v1.0,reservation-no-show-feature-v1.0,30,5
RES-32c82023a888b29ac76392290b182c1b,2026-08-27 18:00:00,True,0.01810882026584062,2,True,HIGH,TOP_15_PERCENT_DAILY_COHORT,SUCCESS,reservation-no-show-v1.0,reservation-no-show-feature-v1.0,30,5
RES-96075fb82d06cdb95ce649027786b642,2026-09-13 18:00:00,True,0.004449081502931995,29,False,LOW,TOP_15_PERCENT_DAILY_COHORT,SUCCESS,reservation-no-show-v1.0,reservation-no-show-feature-v1.0,30,5
RES-f4fa6bbb32a39d6d399a75ff054c0df5,2026-09-30 18:00:00,True,0.006579911942659048,25,False,LOW,TOP_15_PERCENT_DAILY_COHORT,SUCCESS,reservation-no-show-v1.0,reservation-no-show-feature-v1.0,30,5
RES-89d16f259a42ee13eab2efb6e5dfda83,2026-10-17 18:00:00,True,0.023233438458649756,8,False,LOW,TOP_15_PERCENT_DAILY_COHORT,SUCCESS,reservation-no-show-v1.0,reservation-no-show-feature-v1.0,30,5
RES-8344159646b59414180094ebf08c2aad,2026-11-03 18:00:00,True,0.0043207534009431555,26,False,LOW,TOP_15_PERCENT_DAILY_COHORT,SUCCESS,reservation-no-show-v1.0,reservation-no-show-feature-v1.0,30,5
RES-cd5ff8a5713c29d4dca630a100f69e0e,2026-11-20 18:00:00,True,0.0045124014317006024,27,False,LOW,TOP_15_PERCENT_DAILY_COHORT,SUCCESS,reservation-no-show-v1.0,reservation-no-show-feature-v1.0,30,5
RES-d55f3da063c3e41590c4fc0c1ec9891f,2026-12-07 18:00:00,True,0.019497335680650877,10,False,LOW,TOP_15_PERCENT_DAILY_COHORT,SUCCESS,reservation-no-show-v1.0,reservation-no-show-feature-v1.0,30,5
RES-f9c889c0825b248749a5bfd41825bc23,2026-12-24 18:00:00,True,0.0068254424343003935,26,False,LOW,TOP_15_PERCENT_DAILY_COHORT,SUCCESS,reservation-no-show-v1.0,reservation-no-show-feature-v1.0,30,5
RES-05f4d0e30a1d9208b1156631cd7c554b,2026-08-09 18:00:00,True,0.0066182223411103734,27,False,LOW,TOP_15_PERCENT_DAILY_COHORT,SUCCESS,reservation-no-show-v1.0,reservation-no-show-feature-v1.0,29,5
RES-523d7b97c61e8155811fb492bbc791ff,2026-08-26 18:00:00,True,0.007994045072485752,19,False,LOW,TOP_15_PERCENT_DAILY_COHORT,SUCCESS,reservation-no-show-v1.0,reservation-no-show-feature-v1.0,29,5
RES-c419781d8fd8b7eebdb91638e95b35b7,2026-09-12 18:00:00,True,0.013132176494650918,10,False,LOW,TOP_15_PERCENT_DAILY_COHORT,SUCCESS,reservation-no-show-v1.0,reservation-no-show-feature-v1.0,29,5
RES-ddca938d2a582fbcb308c7e9c1191803,2026-09-29 18:00:00,True,0.005788505456013496,16,False,LOW,TOP_15_PERCENT_DAILY_COHORT,SUCCESS,reservation-no-show-v1.0,reservation-no-show-feature-v1.0,29,5
RES-dd5101e1931193ff7bfc3d468c04e80e,2026-10-16 18:00:00,True,0.006712205633283534,22,False,LOW,TOP_15_PERCENT_DAILY_COHORT,SUCCESS,reservation-no-show-v1.0,reservation-no-show-feature-v1.0,29,5
RES-c3622823c62480fc5a5ba8b54a155bcd,2026-11-02 18:00:00,True,0.025868772480512583,7,False,LOW,TOP_15_PERCENT_DAILY_COHORT,SUCCESS,reservation-no-show-v1.0,reservation-no-show-feature-v1.0,29,5
RES-13a82957f52271172ec63fbfa1cb78e6,2026-11-19 18:00:00,True,0.0046405607581911056,21,False,LOW,TOP_15_PERCENT_DAILY_COHORT,SUCCESS,reservation-no-show-v1.0,reservation-no-show-feature-v1.0,29,5
RES-7fc50a6c7a4ddf08278b0e61e8a38c7f,2026-12-06 18:00:00,True,0.005035182879249471,25,False,LOW,TOP_15_PERCENT_DAILY_COHORT,SUCCESS,reservation-no-show-v1.0,reservation-no-show-feature-v1.0,29,5
RES-858aa5a549f9b65991bdc020059f3072,2026-12-23 18:00:00,True,0.0229849407798913,4,True,HIGH,TOP_15_PERCENT_DAILY_COHORT,SUCCESS,reservation-no-show-v1.0,reservation-no-show-feature-v1.0,29,5
RES-e07f90b8aa43073f7f7c351a7fc16517,2026-08-08 18:00:00,True,0.019220446056985294,3,True,HIGH,TOP_15_PERCENT_DAILY_COHORT,SUCCESS,reservation-no-show-v1.0,reservation-no-show-feature-v1.0,29,5
RES-88c03df3af3244d949e4737e33e01154,2026-08-25 18:00:00,True,0.006457980949288129,22,False,LOW,TOP_15_PERCENT_DAILY_COHORT,SUCCESS,reservation-no-show-v1.0,reservation-no-show-feature-v1.0,29,5
RES-d038fe647084279edbcc29e4b38e38c3,2026-09-11 18:00:00,True,0.006712765044781987,24,False,LOW,TOP_15_PERCENT_DAILY_COHORT,SUCCESS,reservation-no-show-v1.0,reservation-no-show-feature-v1.0,29,5
RES-f9c615b975905cc6cca8d038e94932c6,2026-09-28 18:00:00,True,0.01614756079050066,3,True,HIGH,TOP_15_PERCENT_DAILY_COHORT,SUCCESS,reservation-no-show-v1.0,reservation-no-show-feature-v1.0,29,5
RES-1241f123f1514ddfcf2896fe2b58e218,2026-10-15 18:00:00,True,0.005115429806024711,20,False,LOW,TOP_15_PERCENT_DAILY_COHORT,SUCCESS,reservation-no-show-v1.0,reservation-no-show-feature-v1.0,29,5
RES-802ceadf27148d12ed0d4872d7b60210,2026-11-01 18:00:00,True,0.00680448735455934,20,False,LOW,TOP_15_PERCENT_DAILY_COHORT,SUCCESS,reservation-no-show-v1.0,reservation-no-show-feature-v1.0,29,5
RES-1a075f0e60fd8ff909b5900e0791bd08,2026-11-18 18:00:00,True,0.020918581706424553,10,False,LOW,TOP_15_PERCENT_DAILY_COHORT,SUCCESS,reservation-no-show-v1.0,reservation-no-show-feature-v1.0,29,5
RES-c93c57ac7ba4fc5c4f25557acb1f15fe,2026-12-05 18:00:00,True,0.005193960500265623,16,False,LOW,TOP_15_PERCENT_DAILY_COHORT,SUCCESS,reservation-no-show-v1.0,reservation-no-show-feature-v1.0,29,5
RES-57d1692949a3d7094db709fa89f8bb8d,2026-12-22 18:00:00,True,0.004913080709247872,23,False,LOW,TOP_15_PERCENT_DAILY_COHORT,SUCCESS,reservation-no-show-v1.0,reservation-no-show-feature-v1.0,29,5
RES-ca4e43bd1f126947dd0aca05285b6712,2026-08-07 18:00:00,True,0.006696600394911788,11,False,LOW,TOP_15_PERCENT_DAILY_COHORT,SUCCESS,reservation-no-show-v1.0,reservation-no-show-feature-v1.0,29,5
RES-89559596432063ea11dbd1f2d6d4c0a2,2026-08-24 18:00:00,True,0.021478140944101658,1,True,HIGH,TOP_15_PERCENT_DAILY_COHORT,SUCCESS,reservation-no-show-v1.0,reservation-no-show-feature-v1.0,29,5
RES-330e013e52a3450b67ac4a9e70044e03,2026-09-10 18:00:00,True,0.008370325957725444,11,False,LOW,TOP_15_PERCENT_DAILY_COHORT,SUCCESS,reservation-no-show-v1.0,reservation-no-show-feature-v1.0,29,5
RES-15131c21a7f87c9dda9a09cbd3559162,2026-09-27 18:00:00,True,0.01000664279013607,13,False,LOW,TOP_15_PERCENT_DAILY_COHORT,SUCCESS,reservation-no-show-v1.0,reservation-no-show-feature-v1.0,29,5
RES-f0d2e2ec546707a962ee39854fee1b0b,2026-10-14 18:00:00,True,0.01428726487439948,8,False,LOW,TOP_15_PERCENT_DAILY_COHORT,SUCCESS,reservation-no-show-v1.0,reservation-no-show-feature-v1.0,29,5
RES-5bd45bd1eda4a73ba3b70563ffdc15d7,2026-10-31 18:00:00,True,0.004725976140494624,22,False,LOW,TOP_15_PERCENT_DAILY_COHORT,SUCCESS,reservation-no-show-v1.0,reservation-no-show-feature-v1.0,29,5
RES-927589f8dfebd367bbe0d32364506286,2026-11-17 18:00:00,True,0.00884671971496723,12,False,LOW,TOP_15_PERCENT_DAILY_COHORT,SUCCESS,reservation-no-show-v1.0,reservation-no-show-feature-v1.0,29,5
RES-4efb4c1639c2394246a4852899ed5834,2026-12-04 18:00:00,True,0.02336760793405597,7,False,LOW,TOP_15_PERCENT_DAILY_COHORT,SUCCESS,reservation-no-show-v1.0,reservation-no-show-feature-v1.0,29,5
RES-0b7c86b61f9c83e64e4966cb9caa8351,2026-12-21 18:00:00,True,0.005282372204479151,15,False,LOW,TOP_15_PERCENT_DAILY_COHORT,SUCCESS,reservation-no-show-v1.0,reservation-no-show-feature-v1.0,29,5
RES-cdc90b8db268d840199b0f254bd5235d,2026-08-06 18:00:00,True,0.008371022396370043,12,False,LOW,TOP_15_PERCENT_DAILY_COHORT,SUCCESS,reservation-no-show-v1.0,reservation-no-show-feature-v1.0,29,5
RES-fbb7e854b04b46fd4dca68f5180ba8bc,2026-08-23 18:00:00,True,0.004216775815307478,26,False,LOW,TOP_15_PERCENT_DAILY_COHORT,SUCCESS,reservation-no-show-v1.0,reservation-no-show-feature-v1.0,29,5
RES-eaed143461ced7aa8a78c506a395f5fd,2026-09-09 18:00:00,True,0.015733678239092115,6,False,LOW,TOP_15_PERCENT_DAILY_COHORT,SUCCESS,reservation-no-show-v1.0,reservation-no-show-feature-v1.0,29,5
RES-f03ea4e0365000f765210fe2b7cab1a4,2026-09-26 18:00:00,True,0.008538307769545932,10,False,LOW,TOP_15_PERCENT_DAILY_COHORT,SUCCESS,reservation-no-show-v1.0,reservation-no-show-feature-v1.0,29,5
RES-d41ef47ee06cb1df553b0815bc1a520b,2026-10-13 18:00:00,True,0.007307391696833929,26,False,LOW,TOP_15_PERCENT_DAILY_COHORT,SUCCESS,reservation-no-show-v1.0,reservation-no-show-feature-v1.0,29,5
RES-fbda81bc7a95dd3d77d4072a8968b9de,2026-10-30 18:00:00,True,0.013250838556859238,10,False,LOW,TOP_15_PERCENT_DAILY_COHORT,SUCCESS,reservation-no-show-v1.0,reservation-no-show-feature-v1.0,29,5
RES-54fd60fbdd028b53dffb5a275ddef81c,2026-11-16 18:00:00,True,0.004806460293512916,27,False,LOW,TOP_15_PERCENT_DAILY_COHORT,SUCCESS,reservation-no-show-v1.0,reservation-no-show-feature-v1.0,29,5
RES-360a2dc396ebfa27e3a162d2de2b3292,2026-12-03 18:00:00,True,0.0058682919498673596,29,False,LOW,TOP_15_PERCENT_DAILY_COHORT,SUCCESS,reservation-no-show-v1.0,reservation-no-show-feature-v1.0,29,5
RES-f73cd7e1f0155f85d4dfc87d9f20e28b,2026-12-20 18:00:00,True,0.023757983887303793,8,False,LOW,TOP_15_PERCENT_DAILY_COHORT,SUCCESS,reservation-no-show-v1.0,reservation-no-show-feature-v1.0,29,5
RES-18d0658be8867627a25d3572674f6d55,2026-08-05 18:00:00,True,0.021182275002245534,9,False,LOW,TOP_15_PERCENT_DAILY_COHORT,SUCCESS,reservation-no-show-v1.0,reservation-no-show-feature-v1.0,29,5
RES-850d0314af23d5dca1d0246c10a8b78b,2026-08-22 18:00:00,True,0.006408329299397326,28,False,LOW,TOP_15_PERCENT_DAILY_COHORT,SUCCESS,reservation-no-show-v1.0,reservation-no-show-feature-v1.0,29,5
RES-a3b9f0e44c9994868fe76c5eb89ca107,2026-09-08 18:00:00,True,0.004514427974013743,18,False,LOW,TOP_15_PERCENT_DAILY_COHORT,SUCCESS,reservation-no-show-v1.0,reservation-no-show-feature-v1.0,29,5
RES-aed5db4db3025901390e790e72ef02ae,2026-09-25 18:00:00,True,0.01604704184202441,8,False,LOW,TOP_15_PERCENT_DAILY_COHORT,SUCCESS,reservation-no-show-v1.0,reservation-no-show-feature-v1.0,29,5
RES-ff86522b4d14e5170cfc6b89bff8c58d,2026-10-12 18:00:00,True,0.006495919044636758,26,False,LOW,TOP_15_PERCENT_DAILY_COHORT,SUCCESS,reservation-no-show-v1.0,reservation-no-show-feature-v1.0,29,5
RES-602954cdb84163e86b2adab62b999e24,2026-10-29 18:00:00,True,0.0071305838087806364,24,False,LOW,TOP_15_PERCENT_DAILY_COHORT,SUCCESS,reservation-no-show-v1.0,reservation-no-show-feature-v1.0,29,5
RES-78ab2feaa40547b40776430e18113a78,2026-11-15 18:00:00,True,0.014770984451436122,10,False,LOW,TOP_15_PERCENT_DAILY_COHORT,SUCCESS,reservation-no-show-v1.0,reservation-no-show-feature-v1.0,29,5
RES-b5245dcd3f29834c3b6f75e6da26500f,2026-12-02 18:00:00,True,0.005663285809822274,21,False,LOW,TOP_15_PERCENT_DAILY_COHORT,SUCCESS,reservation-no-show-v1.0,reservation-no-show-feature-v1.0,29,5
RES-7240a059df700b5ea5cb644825826c33,2026-12-19 18:00:00,True,0.005986364245151406,28,False,LOW,TOP_15_PERCENT_DAILY_COHORT,SUCCESS,reservation-no-show-v1.0,reservation-no-show-feature-v1.0,29,5
RES-5bed57ec6b2e1fa96f30b0cfe8b22202,2026-08-04 18:00:00,True,0.0054772997839289995,16,False,LOW,TOP_15_PERCENT_DAILY_COHORT,SUCCESS,reservation-no-show-v1.0,reservation-no-show-feature-v1.0,29,5
RES-deecd5fbd82a128c2c1835a30dcc868c,2026-08-21 18:00:00,True,0.01965564488957116,10,False,LOW,TOP_15_PERCENT_DAILY_COHORT,SUCCESS,reservation-no-show-v1.0,reservation-no-show-feature-v1.0,29,5
RES-3b13b01e3128e0c80d5729e621f5bc34,2026-09-07 18:00:00,True,0.007149184837551521,27,False,LOW,TOP_15_PERCENT_DAILY_COHORT,SUCCESS,reservation-no-show-v1.0,reservation-no-show-feature-v1.0,29,5
RES-8bcf5cdee94698bfcd721049f13d22ae,2026-09-24 18:00:00,True,0.005336537481622875,15,False,LOW,TOP_15_PERCENT_DAILY_COHORT,SUCCESS,reservation-no-show-v1.0,reservation-no-show-feature-v1.0,29,5
RES-1b17839e22e7300b7417b017cf579aa3,2026-10-11 18:00:00,True,0.017882156909344596,6,False,LOW,TOP_15_PERCENT_DAILY_COHORT,SUCCESS,reservation-no-show-v1.0,reservation-no-show-feature-v1.0,29,5
RES-f86aa12c588f2a8b5ccbe946e2c04e5a,2026-10-28 18:00:00,True,0.006975596774616463,15,False,LOW,TOP_15_PERCENT_DAILY_COHORT,SUCCESS,reservation-no-show-v1.0,reservation-no-show-feature-v1.0,29,5
RES-4aab4296a5728dcb22c46ee835c61c35,2026-11-14 18:00:00,True,0.007250653126618444,17,False,LOW,TOP_15_PERCENT_DAILY_COHORT,SUCCESS,reservation-no-show-v1.0,reservation-no-show-feature-v1.0,29,5
RES-d75d0b8e6ed6719eb037c0f9a2b9270d,2026-12-01 18:00:00,True,0.014370531676289057,8,False,LOW,TOP_15_PERCENT_DAILY_COHORT,SUCCESS,reservation-no-show-v1.0,reservation-no-show-feature-v1.0,29,5
RES-251020c94e22aab8a157fea7a4695921,2026-12-18 18:00:00,True,0.006358182906897092,11,False,LOW,TOP_15_PERCENT_DAILY_COHORT,SUCCESS,reservation-no-show-v1.0,reservation-no-show-feature-v1.0,29,5
RES-734fdd32c0f6786c416e214f345284ba,2026-08-03 18:00:00,True,0.004861177727302362,18,False,LOW,TOP_15_PERCENT_DAILY_COHORT,SUCCESS,reservation-no-show-v1.0,reservation-no-show-feature-v1.0,29,5
RES-f26a99b4ae36fa0aa8049a93b6085523,2026-08-20 18:00:00,True,0.007124060194502027,11,False,LOW,TOP_15_PERCENT_DAILY_COHORT,SUCCESS,reservation-no-show-v1.0,reservation-no-show-feature-v1.0,29,5
RES-5c71998ac559cbdbfd921033c1ace300,2026-09-06 18:00:00,True,0.025357873495542988,4,True,HIGH,TOP_15_PERCENT_DAILY_COHORT,SUCCESS,reservation-no-show-v1.0,reservation-no-show-feature-v1.0,29,5
RES-ebcfc0e0698c6a953f4506ee14165cee,2026-09-23 18:00:00,True,0.008447031014648483,14,False,LOW,TOP_15_PERCENT_DAILY_COHORT,SUCCESS,reservation-no-show-v1.0,reservation-no-show-feature-v1.0,29,5
RES-3b287bb0c7639fbf50846545c5eb0e23,2026-10-10 18:00:00,True,0.004479277642676701,22,False,LOW,TOP_15_PERCENT_DAILY_COHORT,SUCCESS,reservation-no-show-v1.0,reservation-no-show-feature-v1.0,29,5
RES-1dd3d2362c8d61597d9d096860e85ff8,2026-10-27 18:00:00,True,0.015875469262263815,9,False,LOW,TOP_15_PERCENT_DAILY_COHORT,SUCCESS,reservation-no-show-v1.0,reservation-no-show-feature-v1.0,29,5
RES-f57082ba682abb5075a99d13d7920bc9,2026-11-13 18:00:00,True,0.00709307496616941,22,False,LOW,TOP_15_PERCENT_DAILY_COHORT,SUCCESS,reservation-no-show-v1.0,reservation-no-show-feature-v1.0,29,5
RES-626b3585670a0709af550692f40e1f3c,2026-11-30 18:00:00,True,0.008899305021133345,16,False,LOW,TOP_15_PERCENT_DAILY_COHORT,SUCCESS,reservation-no-show-v1.0,reservation-no-show-feature-v1.0,29,5
RES-33f17c94ec3b40b73c8c19b384067ec2,2026-12-17 18:00:00,True,0.014025240285743475,8,False,LOW,TOP_15_PERCENT_DAILY_COHORT,SUCCESS,reservation-no-show-v1.0,reservation-no-show-feature-v1.0,29,5
RES-b76f8be21de28382693f23de80c8f536,2026-08-02 18:00:00,True,0.024058560302430355,8,False,LOW,TOP_15_PERCENT_DAILY_COHORT,SUCCESS,reservation-no-show-v1.0,reservation-no-show-feature-v1.0,29,5
RES-5af8e3bcd161680b3cccc8ad6955edf0,2026-08-19 18:00:00,True,0.005220775701750244,17,False,LOW,TOP_15_PERCENT_DAILY_COHORT,SUCCESS,reservation-no-show-v1.0,reservation-no-show-feature-v1.0,29,5
RES-25f318000c371a75814be81a2482e433,2026-09-05 18:00:00,True,0.005981379974476933,13,False,LOW,TOP_15_PERCENT_DAILY_COHORT,SUCCESS,reservation-no-show-v1.0,reservation-no-show-feature-v1.0,29,5
RES-3c5a163211780d5acb2d59e15b2fee73,2026-09-22 18:00:00,True,0.02579932608809002,2,True,HIGH,TOP_15_PERCENT_DAILY_COHORT,SUCCESS,reservation-no-show-v1.0,reservation-no-show-feature-v1.0,29,5
RES-4a171f632c2f4f9f378ea8c1488d3efd,2026-10-09 18:00:00,True,0.007805922247335371,16,False,LOW,TOP_15_PERCENT_DAILY_COHORT,SUCCESS,reservation-no-show-v1.0,reservation-no-show-feature-v1.0,29,5
RES-8de1512fefa7ec2b275288f6d9351ea5,2026-10-26 18:00:00,True,0.00551891170999196,15,False,LOW,TOP_15_PERCENT_DAILY_COHORT,SUCCESS,reservation-no-show-v1.0,reservation-no-show-feature-v1.0,29,5
RES-6d0a00969915f4cf19f7f8e9911a2eda,2026-11-12 18:00:00,True,0.014046072400540071,10,False,LOW,TOP_15_PERCENT_DAILY_COHORT,SUCCESS,reservation-no-show-v1.0,reservation-no-show-feature-v1.0,29,5
RES-015a17bd22b51519d574aa261c1fa84c,2026-11-29 18:00:00,True,0.005956212677704646,29,False,LOW,TOP_15_PERCENT_DAILY_COHORT,SUCCESS,reservation-no-show-v1.0,reservation-no-show-feature-v1.0,29,5
RES-343d5cedb7d973c41758936fb35ea7c9,2026-12-16 18:00:00,True,0.007172444656575728,23,False,LOW,TOP_15_PERCENT_DAILY_COHORT,SUCCESS,reservation-no-show-v1.0,reservation-no-show-feature-v1.0,29,5
RES-a6a4d23512e6ca199f6b3e4e893d83ef,2026-08-01 18:00:00,True,0.009781853975404606,11,False,LOW,TOP_15_PERCENT_DAILY_COHORT,SUCCESS,reservation-no-show-v1.0,reservation-no-show-feature-v1.0,29,5
RES-480c456b99bede49ae84c6bd8a2b3e15,2026-08-18 18:00:00,True,0.023486034307885536,8,False,LOW,TOP_15_PERCENT_DAILY_COHORT,SUCCESS,reservation-no-show-v1.0,reservation-no-show-feature-v1.0,29,5
RES-db2d4c535d3f26ed30987451aa697aa5,2026-09-04 18:00:00,True,0.00438202987651471,27,False,LOW,TOP_15_PERCENT_DAILY_COHORT,SUCCESS,reservation-no-show-v1.0,reservation-no-show-feature-v1.0,29,5
RES-08574a75686eb392fd4dd81c67981883,2026-09-21 18:00:00,True,0.005021796512286192,22,False,LOW,TOP_15_PERCENT_DAILY_COHORT,SUCCESS,reservation-no-show-v1.0,reservation-no-show-feature-v1.0,29,5
RES-0846d13082df2d556c432a43af6e3030,2026-10-08 18:00:00,True,0.022852917046469395,5,True,HIGH,TOP_15_PERCENT_DAILY_COHORT,SUCCESS,reservation-no-show-v1.0,reservation-no-show-feature-v1.0,29,5
RES-7730700e2d3cb19c3df13cb3fa48022b,2026-10-25 18:00:00,True,0.007938440026300534,21,False,LOW,TOP_15_PERCENT_DAILY_COHORT,SUCCESS,reservation-no-show-v1.0,reservation-no-show-feature-v1.0,29,5
RES-4eadde910ec982acae781c3534b704e6,2026-11-11 18:00:00,True,0.004877030098523355,19,False,LOW,TOP_15_PERCENT_DAILY_COHORT,SUCCESS,reservation-no-show-v1.0,reservation-no-show-feature-v1.0,29,5
RES-45242d2c144512cec45f8521541db130,2026-11-28 18:00:00,True,0.01731983560886393,5,True,HIGH,TOP_15_PERCENT_DAILY_COHORT,SUCCESS,reservation-no-show-v1.0,reservation-no-show-feature-v1.0,29,5
RES-24623e764889e3d9d8650fe5aadfaa3c,2026-12-15 18:00:00,True,0.007016554184591627,20,False,LOW,TOP_15_PERCENT_DAILY_COHORT,SUCCESS,reservation-no-show-v1.0,reservation-no-show-feature-v1.0,29,5
RES-f25ffef1e8e271292bc582864678c021,2026-07-31 18:00:00,True,0.0058517123704514215,16,False,LOW,TOP_15_PERCENT_DAILY_COHORT,SUCCESS,reservation-no-show-v1.0,reservation-no-show-feature-v1.0,29,5
RES-31a8c648c822b68ec69f37630e9a6f4b,2026-08-17 18:00:00,True,0.006166619033979325,27,False,LOW,TOP_15_PERCENT_DAILY_COHORT,SUCCESS,reservation-no-show-v1.0,reservation-no-show-feature-v1.0,29,5
RES-fcb84aa990fb370de20bf85bbcb2975b,2026-09-03 18:00:00,True,0.027580496909223127,4,True,HIGH,TOP_15_PERCENT_DAILY_COHORT,SUCCESS,reservation-no-show-v1.0,reservation-no-show-feature-v1.0,29,5
RES-86a7eac01cf61e7cd22720f3272c5535,2026-09-20 18:00:00,True,0.004048782876044451,28,False,LOW,TOP_15_PERCENT_DAILY_COHORT,SUCCESS,reservation-no-show-v1.0,reservation-no-show-feature-v1.0,29,5
RES-c918e6b052fc7929b736472f683cd3aa,2026-10-07 18:00:00,True,0.004884341412324339,23,False,LOW,TOP_15_PERCENT_DAILY_COHORT,SUCCESS,reservation-no-show-v1.0,reservation-no-show-feature-v1.0,29,5
RES-cf5638a3bf1456b370045405d62d7a56,2026-10-24 18:00:00,True,0.019297093083795985,10,False,LOW,TOP_15_PERCENT_DAILY_COHORT,SUCCESS,reservation-no-show-v1.0,reservation-no-show-feature-v1.0,29,5
RES-ce75edaed347018450c01097abc286fb,2026-11-10 18:00:00,True,0.007017138782043031,24,False,LOW,TOP_15_PERCENT_DAILY_COHORT,SUCCESS,reservation-no-show-v1.0,reservation-no-show-feature-v1.0,29,5
RES-0b6a6a2bf237f5863531472cb8175b7d,2026-11-27 18:00:00,True,0.004975257638511993,13,False,LOW,TOP_15_PERCENT_DAILY_COHORT,SUCCESS,reservation-no-show-v1.0,reservation-no-show-feature-v1.0,29,5
RES-2b9f0f6b565d58a2ef500bb4011fe4ce,2026-12-14 18:00:00,True,0.019297650743560338,4,True,HIGH,TOP_15_PERCENT_DAILY_COHORT,SUCCESS,reservation-no-show-v1.0,reservation-no-show-feature-v1.0,29,5
RES-e9a57ea1d97ddfd63bbdfe7513ca653d,2026-07-30 18:00:00,True,0.014249633510947022,7,False,LOW,TOP_15_PERCENT_DAILY_COHORT,SUCCESS,reservation-no-show-v1.0,reservation-no-show-feature-v1.0,29,5
RES-5526c390c1fb5663c8aa403dfc90e8c6,2026-08-16 18:00:00,True,0.004912828466326982,24,False,LOW,TOP_15_PERCENT_DAILY_COHORT,SUCCESS,reservation-no-show-v1.0,reservation-no-show-feature-v1.0,29,5
RES-9e7f4bfdcffb195edfa5fefe8b0bbf68,2026-09-02 18:00:00,True,0.007264143939904476,21,False,LOW,TOP_15_PERCENT_DAILY_COHORT,SUCCESS,reservation-no-show-v1.0,reservation-no-show-feature-v1.0,29,5
RES-ae2d30db53507daffb5ec769e0c96124,2026-09-19 18:00:00,True,0.02812306882694358,1,True,HIGH,TOP_15_PERCENT_DAILY_COHORT,SUCCESS,reservation-no-show-v1.0,reservation-no-show-feature-v1.0,29,5
RES-dc897c85b81e18853f9727b4f484d17c,2026-10-06 18:00:00,True,0.006361033102130577,13,False,LOW,TOP_15_PERCENT_DAILY_COHORT,SUCCESS,reservation-no-show-v1.0,reservation-no-show-feature-v1.0,29,5
RES-aeb2a8a8650c4ae06aa20d63178b5da7,2026-10-23 18:00:00,True,0.004982715471068861,23,False,LOW,TOP_15_PERCENT_DAILY_COHORT,SUCCESS,reservation-no-show-v1.0,reservation-no-show-feature-v1.0,29,5
RES-983226cc4b626f205130d5b96d8213b5,2026-11-09 18:00:00,True,0.021495759377322534,9,False,LOW,TOP_15_PERCENT_DAILY_COHORT,SUCCESS,reservation-no-show-v1.0,reservation-no-show-feature-v1.0,29,5
RES-7855edf8130c4b28d60bd0da47106a89,2026-11-26 18:00:00,True,0.006847305341697887,26,False,LOW,TOP_15_PERCENT_DAILY_COHORT,SUCCESS,reservation-no-show-v1.0,reservation-no-show-feature-v1.0,29,5
RES-66831a2a73aac38a02240a96fc813bdb,2026-12-13 18:00:00,True,0.004582393492072169,22,False,LOW,TOP_15_PERCENT_DAILY_COHORT,SUCCESS,reservation-no-show-v1.0,reservation-no-show-feature-v1.0,29,5
RES-6336fa0a166fabcd9270d6d9a62a7222,2026-07-29 18:00:00,True,0.009708322038480752,11,False,LOW,TOP_15_PERCENT_DAILY_COHORT,SUCCESS,reservation-no-show-v1.0,reservation-no-show-feature-v1.0,29,5
RES-f8e2310246cdaa804507166e68cee2ef,2026-08-15 18:00:00,True,0.01593060171014343,4,True,HIGH,TOP_15_PERCENT_DAILY_COHORT,SUCCESS,reservation-no-show-v1.0,reservation-no-show-feature-v1.0,29,5
RES-527d3833900d587000aaae23373a4809,2026-09-01 18:00:00,True,0.0043411301611483944,29,False,LOW,TOP_15_PERCENT_DAILY_COHORT,SUCCESS,reservation-no-show-v1.0,reservation-no-show-feature-v1.0,29,5
RES-11d9f84aae531c4304f6789a70a92867,2026-09-18 18:00:00,True,0.008153858927432187,13,False,LOW,TOP_15_PERCENT_DAILY_COHORT,SUCCESS,reservation-no-show-v1.0,reservation-no-show-feature-v1.0,29,5
RES-9c3ba6a0258134982f1e16104a8b582e,2026-10-05 18:00:00,True,0.031295256336908404,3,True,HIGH,TOP_15_PERCENT_DAILY_COHORT,SUCCESS,reservation-no-show-v1.0,reservation-no-show-feature-v1.0,29,5
RES-201a53210ff249aa5e6b50ef8e6c8b00,2026-10-22 18:00:00,True,0.004229442351526366,26,False,LOW,TOP_15_PERCENT_DAILY_COHORT,SUCCESS,reservation-no-show-v1.0,reservation-no-show-feature-v1.0,29,5
RES-ccb4f53d499a277f89267df69b879398,2026-11-08 18:00:00,True,0.005559680548997125,18,False,LOW,TOP_15_PERCENT_DAILY_COHORT,SUCCESS,reservation-no-show-v1.0,reservation-no-show-feature-v1.0,29,5
RES-b820ea4334a65b7b7f8b17f2b7bd668f,2026-11-25 18:00:00,True,0.023057363283637906,2,True,HIGH,TOP_15_PERCENT_DAILY_COHORT,SUCCESS,reservation-no-show-v1.0,reservation-no-show-feature-v1.0,29,5
RES-8d995189184b1b685cadc78224fdd25b,2026-12-12 18:00:00,True,0.007661839802992357,18,False,LOW,TOP_15_PERCENT_DAILY_COHORT,SUCCESS,reservation-no-show-v1.0,reservation-no-show-feature-v1.0,29,5
RES-8819d6dddf83446514b4cb4ed627c553,2026-07-28 18:00:00,True,0.007845462924802886,16,False,LOW,TOP_15_PERCENT_DAILY_COHORT,SUCCESS,reservation-no-show-v1.0,reservation-no-show-feature-v1.0,29,5
RES-a989d3595ee404304b7740266c9ff0d2,2026-08-14 18:00:00,True,0.007410709114688125,21,False,LOW,TOP_15_PERCENT_DAILY_COHORT,SUCCESS,reservation-no-show-v1.0,reservation-no-show-feature-v1.0,29,5
RES-060d4d69447abe83d7b4f030d1e80d92,2026-08-31 18:00:00,True,0.013353898817735773,9,False,LOW,TOP_15_PERCENT_DAILY_COHORT,SUCCESS,reservation-no-show-v1.0,reservation-no-show-feature-v1.0,29,5
RES-e17c441fad4a20dd284683fba865d095,2026-09-17 18:00:00,True,0.005131843591074755,22,False,LOW,TOP_15_PERCENT_DAILY_COHORT,SUCCESS,reservation-no-show-v1.0,reservation-no-show-feature-v1.0,29,5
RES-9298ee2b81def6de4d04bd2fa56b6a7b,2026-10-04 18:00:00,True,0.009094664919151852,12,False,LOW,TOP_15_PERCENT_DAILY_COHORT,SUCCESS,reservation-no-show-v1.0,reservation-no-show-feature-v1.0,29,5
RES-bcff0ac083800477b406198d9d726012,2026-10-21 18:00:00,True,0.023059253315595916,8,False,LOW,TOP_15_PERCENT_DAILY_COHORT,SUCCESS,reservation-no-show-v1.0,reservation-no-show-feature-v1.0,29,5
RES-d23768fcac7dd176ea5e351e68b10858,2026-11-07 18:00:00,True,0.005210624945578322,14,False,LOW,TOP_15_PERCENT_DAILY_COHORT,SUCCESS,reservation-no-show-v1.0,reservation-no-show-feature-v1.0,29,5
RES-4b3ba860a62c573a34b69677f6589669,2026-11-24 18:00:00,True,0.005424928764864658,16,False,LOW,TOP_15_PERCENT_DAILY_COHORT,SUCCESS,reservation-no-show-v1.0,reservation-no-show-feature-v1.0,29,5
RES-ea51eef9771bb2ec7acc5a706fbe881c,2026-12-11 18:00:00,True,0.021331221869224707,9,False,LOW,TOP_15_PERCENT_DAILY_COHORT,SUCCESS,reservation-no-show-v1.0,reservation-no-show-feature-v1.0,29,5
RES-b2f34a3dccd5108276f12b098c03bb3d,2026-08-13 18:00:00,True,0.006301594734333778,26,False,LOW,TOP_15_PERCENT_DAILY_COHORT,SUCCESS,reservation-no-show-v1.0,reservation-no-show-feature-v1.0,29,5
RES-a6c7d58c56b1bb313bc7dcf9a89b3441,2026-08-30 18:00:00,True,0.008292924107324443,19,False,LOW,TOP_15_PERCENT_DAILY_COHORT,SUCCESS,reservation-no-show-v1.0,reservation-no-show-feature-v1.0,29,5
RES-3c735b90b073a252783a1be8dc840624,2026-09-16 18:00:00,True,0.020083522042901036,1,True,HIGH,TOP_15_PERCENT_DAILY_COHORT,SUCCESS,reservation-no-show-v1.0,reservation-no-show-feature-v1.0,29,5
RES-cc9467a920357398af669d104a633cf0,2026-10-03 18:00:00,True,0.005218433739676801,17,False,LOW,TOP_15_PERCENT_DAILY_COHORT,SUCCESS,reservation-no-show-v1.0,reservation-no-show-feature-v1.0,29,5
RES-9d51e8ed0993359c2d1d22f4f6f0cbcf,2026-10-20 18:00:00,True,0.006052610418745341,27,False,LOW,TOP_15_PERCENT_DAILY_COHORT,SUCCESS,reservation-no-show-v1.0,reservation-no-show-feature-v1.0,29,5
RES-332aea5b52fbe7fc01bb68d356631f86,2026-11-06 18:00:00,True,0.028284657486539237,2,True,HIGH,TOP_15_PERCENT_DAILY_COHORT,SUCCESS,reservation-no-show-v1.0,reservation-no-show-feature-v1.0,29,5
RES-a7467c86bcbc628f2ffc1e60a4b5d79b,2026-11-23 18:00:00,True,0.004814669219144343,18,False,LOW,TOP_15_PERCENT_DAILY_COHORT,SUCCESS,reservation-no-show-v1.0,reservation-no-show-feature-v1.0,29,5
RES-38719cc7a40563ed8133594990c9b34e,2026-12-10 18:00:00,True,0.005276497767361063,17,False,LOW,TOP_15_PERCENT_DAILY_COHORT,SUCCESS,reservation-no-show-v1.0,reservation-no-show-feature-v1.0,29,5
RES-39ea037d9115d3cd77826191f6c6a6b2,2026-08-12 18:00:00,True,0.015783622079469175,9,False,LOW,TOP_15_PERCENT_DAILY_COHORT,SUCCESS,reservation-no-show-v1.0,reservation-no-show-feature-v1.0,29,5
RES-747311c45c08c28aa46ee788c7b1d32e,2026-08-29 18:00:00,True,0.008565609920674866,10,False,LOW,TOP_15_PERCENT_DAILY_COHORT,SUCCESS,reservation-no-show-v1.0,reservation-no-show-feature-v1.0,29,5
RES-e1b7660764d0d4142457221439bdf03d,2026-12-07 18:00:00,True,0.006700161311425183,23,False,LOW,TOP_15_PERCENT_DAILY_COHORT,SUCCESS,reservation-no-show-v1.0,reservation-no-show-feature-v1.0,30,5
RES-f48f2257b11843c74ecf96eb53e18e21,2026-09-15 18:00:00,True,0.00806665859339608,18,False,LOW,TOP_15_PERCENT_DAILY_COHORT,SUCCESS,reservation-no-show-v1.0,reservation-no-show-feature-v1.0,29,5
RES-7c5acbcd8ea3dfef364a63896b91bad6,2026-10-02 18:00:00,True,0.013250838556859238,9,False,LOW,TOP_15_PERCENT_DAILY_COHORT,SUCCESS,reservation-no-show-v1.0,reservation-no-show-feature-v1.0,29,5
RES-c24358b3596b89632a78e21e91279d27,2026-10-19 18:00:00,True,0.004821887498725107,23,False,LOW,TOP_15_PERCENT_DAILY_COHORT,SUCCESS,reservation-no-show-v1.0,reservation-no-show-feature-v1.0,29,5
RES-d77441f06c88ccabb7c1d2fb5828dec7,2026-11-05 18:00:00,True,0.005887107135182997,26,False,LOW,TOP_15_PERCENT_DAILY_COHORT,SUCCESS,reservation-no-show-v1.0,reservation-no-show-feature-v1.0,29,5
RES-df5118335214a841e62c00435d8a5902,2026-11-22 18:00:00,True,0.021690114029582954,10,False,LOW,TOP_15_PERCENT_DAILY_COHORT,SUCCESS,reservation-no-show-v1.0,reservation-no-show-feature-v1.0,29,5
RES-78889f2bf1d3211cf37417850d9679e0,2026-12-09 18:00:00,True,0.004254344719067215,23,False,LOW,TOP_15_PERCENT_DAILY_COHORT,SUCCESS,reservation-no-show-v1.0,reservation-no-show-feature-v1.0,29,5
RES-7b0553b0139d80ec578f19037d3dff1d,2026-12-24 18:00:00,True,0.024874170303182057,6,False,LOW,TOP_15_PERCENT_DAILY_COHORT,SUCCESS,reservation-no-show-v1.0,reservation-no-show-feature-v1.0,30,5
RES-c559d4c5f76362f3d1239a74795d7927,2026-08-11 18:00:00,True,0.004528922114182016,23,False,LOW,TOP_15_PERCENT_DAILY_COHORT,SUCCESS,reservation-no-show-v1.0,reservation-no-show-feature-v1.0,29,5
RES-7f677030e02c24842d142cbf59911a73,2026-08-28 18:00:00,True,0.01945437077409562,3,True,HIGH,TOP_15_PERCENT_DAILY_COHORT,SUCCESS,reservation-no-show-v1.0,reservation-no-show-feature-v1.0,29,5
RES-1f206e4a2bd5785c4fae3750c5515c53,2026-09-14 18:00:00,True,0.007171479839357994,19,False,LOW,TOP_15_PERCENT_DAILY_COHORT,SUCCESS,reservation-no-show-v1.0,reservation-no-show-feature-v1.0,29,5
RES-cae95f44e97036b634943f297bf8af8a,2026-10-01 18:00:00,True,0.00784651769992123,20,False,LOW,TOP_15_PERCENT_DAILY_COHORT,SUCCESS,reservation-no-show-v1.0,reservation-no-show-feature-v1.0,29,5
RES-273abfc437ca131cc169dd79760192fe,2026-10-18 18:00:00,True,0.014817918392878755,8,False,LOW,TOP_15_PERCENT_DAILY_COHORT,SUCCESS,reservation-no-show-v1.0,reservation-no-show-feature-v1.0,29,5
RES-aeb89590a7bbbd39309e1dd7da83050f,2026-11-04 18:00:00,True,0.004689878456176675,22,False,LOW,TOP_15_PERCENT_DAILY_COHORT,SUCCESS,reservation-no-show-v1.0,reservation-no-show-feature-v1.0,29,5
RES-cf4ae2c41fad5de5cc60cfdc69964bee,2026-11-21 18:00:00,True,0.007273262243030585,19,False,LOW,TOP_15_PERCENT_DAILY_COHORT,SUCCESS,reservation-no-show-v1.0,reservation-no-show-feature-v1.0,29,5
RES-32a31041bbc83ccaf36b8c303229ece2,2026-12-08 18:00:00,True,0.021106096818584653,10,False,LOW,TOP_15_PERCENT_DAILY_COHORT,SUCCESS,reservation-no-show-v1.0,reservation-no-show-feature-v1.0,29,5
RES-65822d5e90c45da3e7208a2dbd52a5db,2026-08-10 18:00:00,True,0.009554260765323067,13,False,LOW,TOP_15_PERCENT_DAILY_COHORT,SUCCESS,reservation-no-show-v1.0,reservation-no-show-feature-v1.0,30,5
RES-2cd87d38544e171df3d64f25c6906353,2026-08-27 18:00:00,True,0.004864062135704201,17,False,LOW,TOP_15_PERCENT_DAILY_COHORT,SUCCESS,reservation-no-show-v1.0,reservation-no-show-feature-v1.0,30,5
RES-5a6a2e3c20ac25273ed5e8fadda35ec6,2026-09-13 18:00:00,True,0.017938796425887988,6,False,LOW,TOP_15_PERCENT_DAILY_COHORT,SUCCESS,reservation-no-show-v1.0,reservation-no-show-feature-v1.0,30,5
RES-de58653d9e9cdf5599787bfd7a17a832,2026-09-30 18:00:00,True,0.006975596774616463,22,False,LOW,TOP_15_PERCENT_DAILY_COHORT,SUCCESS,reservation-no-show-v1.0,reservation-no-show-feature-v1.0,30,5
RES-854ded699e73b6377b7f6bcf265b70d1,2026-10-17 18:00:00,True,0.008004072195598752,19,False,LOW,TOP_15_PERCENT_DAILY_COHORT,SUCCESS,reservation-no-show-v1.0,reservation-no-show-feature-v1.0,30,5
RES-8c9f8c101381e1484c83cf40608c3297,2026-11-03 18:00:00,True,0.01742818614196932,3,True,HIGH,TOP_15_PERCENT_DAILY_COHORT,SUCCESS,reservation-no-show-v1.0,reservation-no-show-feature-v1.0,30,5
RES-c950bf8ca222034471806c2fa20a7d40,2026-11-20 18:00:00,True,0.004784354725189401,25,False,LOW,TOP_15_PERCENT_DAILY_COHORT,SUCCESS,reservation-no-show-v1.0,reservation-no-show-feature-v1.0,30,5
RES-6273a825b803f63e3f706dc7085cfd82,2026-08-09 18:00:00,True,0.02196331485531846,9,False,LOW,TOP_15_PERCENT_DAILY_COHORT,SUCCESS,reservation-no-show-v1.0,reservation-no-show-feature-v1.0,29,5
RES-c1a31129b21dc0f1428b69fa014c4b85,2026-08-26 18:00:00,True,0.009323598780765203,13,False,LOW,TOP_15_PERCENT_DAILY_COHORT,SUCCESS,reservation-no-show-v1.0,reservation-no-show-feature-v1.0,29,5
RES-cbfb685abfbedf078321473bb092b65e,2026-09-12 18:00:00,True,0.004082389091012343,27,False,LOW,TOP_15_PERCENT_DAILY_COHORT,SUCCESS,reservation-no-show-v1.0,reservation-no-show-feature-v1.0,29,5
RES-d585cb7800780106b39c3e3df23c3b0d,2026-09-29 18:00:00,True,0.014483506408902514,9,False,LOW,TOP_15_PERCENT_DAILY_COHORT,SUCCESS,reservation-no-show-v1.0,reservation-no-show-feature-v1.0,29,5
RES-e537c8fea7316ae5a85517f06edbd365,2026-10-16 18:00:00,True,0.006466093908967617,28,False,LOW,TOP_15_PERCENT_DAILY_COHORT,SUCCESS,reservation-no-show-v1.0,reservation-no-show-feature-v1.0,29,5
RES-0141b79b19884e9b76ccbe8d98a8b5a0,2026-11-02 18:00:00,True,0.008927751105238564,13,False,LOW,TOP_15_PERCENT_DAILY_COHORT,SUCCESS,reservation-no-show-v1.0,reservation-no-show-feature-v1.0,29,5
RES-8c2472b34ef2a617ddab6fa1bd1d2e1e,2026-11-19 18:00:00,True,0.014069838507746003,8,False,LOW,TOP_15_PERCENT_DAILY_COHORT,SUCCESS,reservation-no-show-v1.0,reservation-no-show-feature-v1.0,29,5
RES-3cf7b7c2e38147021faed36ff48ad42c,2026-12-06 18:00:00,True,0.005338474189964402,19,False,LOW,TOP_15_PERCENT_DAILY_COHORT,SUCCESS,reservation-no-show-v1.0,reservation-no-show-feature-v1.0,29,5
RES-9e36c1f68b07bf5a063899a5b68cb5cc,2026-12-23 18:00:00,True,0.006537949058139997,20,False,LOW,TOP_15_PERCENT_DAILY_COHORT,SUCCESS,reservation-no-show-v1.0,reservation-no-show-feature-v1.0,29,5
RES-22703e4ec3359519c32b1faf40a87aba,2026-08-08 18:00:00,True,0.004500398627289822,27,False,LOW,TOP_15_PERCENT_DAILY_COHORT,SUCCESS,reservation-no-show-v1.0,reservation-no-show-feature-v1.0,29,5
RES-e1cb567b7f801d35a9a3fdd12fc6832c,2026-08-25 18:00:00,True,0.028424960770076665,2,True,HIGH,TOP_15_PERCENT_DAILY_COHORT,SUCCESS,reservation-no-show-v1.0,reservation-no-show-feature-v1.0,29,5
RES-eb8b55fd3a1d4c9c7c72fb06a6afc25e,2026-09-11 18:00:00,True,0.006466632942454984,29,False,LOW,TOP_15_PERCENT_DAILY_COHORT,SUCCESS,reservation-no-show-v1.0,reservation-no-show-feature-v1.0,29,5
RES-a1fd13e9d273f85f0090f332c08979f8,2026-09-28 18:00:00,True,0.004570205366345042,22,False,LOW,TOP_15_PERCENT_DAILY_COHORT,SUCCESS,reservation-no-show-v1.0,reservation-no-show-feature-v1.0,29,5
RES-2740f44dd6ec77185f47c4a6f9dad0ea,2026-10-15 18:00:00,True,0.017035884080487635,7,False,LOW,TOP_15_PERCENT_DAILY_COHORT,SUCCESS,reservation-no-show-v1.0,reservation-no-show-feature-v1.0,29,5
RES-8ad5e9bc1c0eb71b0d3a490fc90d89c8,2026-11-01 18:00:00,True,0.005956212677704646,29,False,LOW,TOP_15_PERCENT_DAILY_COHORT,SUCCESS,reservation-no-show-v1.0,reservation-no-show-feature-v1.0,29,5
RES-fa805af40da9a58143301d134e8ab103,2026-11-18 18:00:00,True,0.007195411011047145,23,False,LOW,TOP_15_PERCENT_DAILY_COHORT,SUCCESS,reservation-no-show-v1.0,reservation-no-show-feature-v1.0,29,5
RES-04d38d78c6488f63e95f003c0fc07787,2026-12-05 18:00:00,True,0.01430507190411613,8,False,LOW,TOP_15_PERCENT_DAILY_COHORT,SUCCESS,reservation-no-show-v1.0,reservation-no-show-feature-v1.0,29,5
RES-5d8d21c0e6433d44c06e46c10e80dd3f,2026-12-22 18:00:00,True,0.005209055772005182,19,False,LOW,TOP_15_PERCENT_DAILY_COHORT,SUCCESS,reservation-no-show-v1.0,reservation-no-show-feature-v1.0,29,5
RES-5949051bddf911a6125d441fc012a3ed,2026-08-07 18:00:00,True,0.005325889517360638,16,False,LOW,TOP_15_PERCENT_DAILY_COHORT,SUCCESS,reservation-no-show-v1.0,reservation-no-show-feature-v1.0,29,5
RES-a42e8ee6f9d57f1d67693b369ed71c47,2026-08-24 18:00:00,True,0.005037911379287234,20,False,LOW,TOP_15_PERCENT_DAILY_COHORT,SUCCESS,reservation-no-show-v1.0,reservation-no-show-feature-v1.0,29,5
RES-cc69b3fb9e5f2b440d233466f560c3bc,2026-09-10 18:00:00,True,0.027664732352729,3,True,HIGH,TOP_15_PERCENT_DAILY_COHORT,SUCCESS,reservation-no-show-v1.0,reservation-no-show-feature-v1.0,29,5
RES-acf47047de75a8446b69f2851b40132a,2026-09-27 18:00:00,True,0.007237278938730523,24,False,LOW,TOP_15_PERCENT_DAILY_COHORT,SUCCESS,reservation-no-show-v1.0,reservation-no-show-feature-v1.0,29,5
RES-41bbd661892d649980ad1b2f8f0ea764,2026-10-14 18:00:00,True,0.004445055861232639,25,False,LOW,TOP_15_PERCENT_DAILY_COHORT,SUCCESS,reservation-no-show-v1.0,reservation-no-show-feature-v1.0,29,5
RES-6662dce31908646022e0e2162daf23da,2026-10-31 18:00:00,True,0.014326313621976842,9,False,LOW,TOP_15_PERCENT_DAILY_COHORT,SUCCESS,reservation-no-show-v1.0,reservation-no-show-feature-v1.0,29,5
RES-a30faa4e6dd52db1612c1db59e34860e,2026-11-17 18:00:00,True,0.0063962934867587435,28,False,LOW,TOP_15_PERCENT_DAILY_COHORT,SUCCESS,reservation-no-show-v1.0,reservation-no-show-feature-v1.0,29,5
RES-52e645d191cab168eff101f5d0851020,2026-12-04 18:00:00,True,0.008858543454687446,12,False,LOW,TOP_15_PERCENT_DAILY_COHORT,SUCCESS,reservation-no-show-v1.0,reservation-no-show-feature-v1.0,29,5
RES-69965f70638e07d316fc4b6326f132f4,2026-12-21 18:00:00,True,0.01599480725802493,4,True,HIGH,TOP_15_PERCENT_DAILY_COHORT,SUCCESS,reservation-no-show-v1.0,reservation-no-show-feature-v1.0,29,5
RES-0459094bc9ed8e5b0ef152ac518ea69b,2026-08-06 18:00:00,True,0.0251885039011193,7,False,LOW,TOP_15_PERCENT_DAILY_COHORT,SUCCESS,reservation-no-show-v1.0,reservation-no-show-feature-v1.0,29,5
RES-d9a0f006f894c9ed6d6cfb7a74df5369,2026-08-23 18:00:00,True,0.004470992371412627,25,False,LOW,TOP_15_PERCENT_DAILY_COHORT,SUCCESS,reservation-no-show-v1.0,reservation-no-show-feature-v1.0,29,5
RES-752b0fca71f20c3e0385fdba98c7f4ab,2026-09-09 18:00:00,True,0.005393211616071198,18,False,LOW,TOP_15_PERCENT_DAILY_COHORT,SUCCESS,reservation-no-show-v1.0,reservation-no-show-feature-v1.0,29,5
RES-8f21d46fadbee201aab127bb4b51cd19,2026-09-26 18:00:00,True,0.02464363110037882,3,True,HIGH,TOP_15_PERCENT_DAILY_COHORT,SUCCESS,reservation-no-show-v1.0,reservation-no-show-feature-v1.0,29,5
RES-71b0eac4f9c8cbf0bcfbe4a8d9b7f231,2026-10-13 18:00:00,True,0.0070396113691049604,29,False,LOW,TOP_15_PERCENT_DAILY_COHORT,SUCCESS,reservation-no-show-v1.0,reservation-no-show-feature-v1.0,29,5
RES-98b265de54cd3a94ad364f1ede5c16e2,2026-10-30 18:00:00,True,0.004534622718231271,21,False,LOW,TOP_15_PERCENT_DAILY_COHORT,SUCCESS,reservation-no-show-v1.0,reservation-no-show-feature-v1.0,29,5
RES-431d74e50ba5450bdeb2be3bba441aad,2026-11-16 18:00:00,True,0.01761100020192565,6,False,LOW,TOP_15_PERCENT_DAILY_COHORT,SUCCESS,reservation-no-show-v1.0,reservation-no-show-feature-v1.0,29,5
RES-de066d721383eb0e16b93de92ed797d1,2026-12-03 18:00:00,True,0.00753438558646397,17,False,LOW,TOP_15_PERCENT_DAILY_COHORT,SUCCESS,reservation-no-show-v1.0,reservation-no-show-feature-v1.0,29,5
RES-82ef5b3ff9a78874ff623efbe7e16557,2026-12-20 18:00:00,True,0.007440836341442703,22,False,LOW,TOP_15_PERCENT_DAILY_COHORT,SUCCESS,reservation-no-show-v1.0,reservation-no-show-feature-v1.0,29,5
RES-7fe089053135af27feafdf4e2886f83d,2026-08-05 18:00:00,True,0.006622142364612186,21,False,LOW,TOP_15_PERCENT_DAILY_COHORT,SUCCESS,reservation-no-show-v1.0,reservation-no-show-feature-v1.0,29,5
RES-d86a8b211659224f5948c8186d1c21f6,2026-08-22 18:00:00,True,0.025685262731989428,6,False,LOW,TOP_15_PERCENT_DAILY_COHORT,SUCCESS,reservation-no-show-v1.0,reservation-no-show-feature-v1.0,29,5
RES-c3bbb11f810f3a52a67f8a12bef1e92b,2026-09-08 18:00:00,True,0.004348547824780853,26,False,LOW,TOP_15_PERCENT_DAILY_COHORT,SUCCESS,reservation-no-show-v1.0,reservation-no-show-feature-v1.0,29,5
RES-5707322063ddcb478561a8968b896f8c,2026-09-25 18:00:00,True,0.0049987055576696466,22,False,LOW,TOP_15_PERCENT_DAILY_COHORT,SUCCESS,reservation-no-show-v1.0,reservation-no-show-feature-v1.0,29,5
RES-cc574fd897d1f9592c1e4000c446dd57,2026-10-12 18:00:00,True,0.023694066214302558,4,True,HIGH,TOP_15_PERCENT_DAILY_COHORT,SUCCESS,reservation-no-show-v1.0,reservation-no-show-feature-v1.0,29,5
RES-4c154cbe67e133ba7c977daa76673367,2026-10-29 18:00:00,True,0.00831773248211133,16,False,LOW,TOP_15_PERCENT_DAILY_COHORT,SUCCESS,reservation-no-show-v1.0,reservation-no-show-feature-v1.0,29,5
RES-a08a29ace018cf38f760eb7ba15f9a66,2026-11-15 18:00:00,True,0.004176406640907092,27,False,LOW,TOP_15_PERCENT_DAILY_COHORT,SUCCESS,reservation-no-show-v1.0,reservation-no-show-feature-v1.0,29,5
RES-b51d20a8b5714f9d4f44de7bd6cac6f6,2026-12-02 18:00:00,True,0.017134891491260535,4,True,HIGH,TOP_15_PERCENT_DAILY_COHORT,SUCCESS,reservation-no-show-v1.0,reservation-no-show-feature-v1.0,29,5
RES-115b6dc63696a89f66f62a3dbbb6935c,2026-12-19 18:00:00,True,0.006346583951513169,27,False,LOW,TOP_15_PERCENT_DAILY_COHORT,SUCCESS,reservation-no-show-v1.0,reservation-no-show-feature-v1.0,29,5
RES-93c5612f15706805f65b186d6f5fdd06,2026-08-04 18:00:00,True,0.004793679071019329,27,False,LOW,TOP_15_PERCENT_DAILY_COHORT,SUCCESS,reservation-no-show-v1.0,reservation-no-show-feature-v1.0,29,5
RES-7f6742e33753a101d7f83f3cd92588f4,2026-08-21 18:00:00,True,0.00613829649347425,28,False,LOW,TOP_15_PERCENT_DAILY_COHORT,SUCCESS,reservation-no-show-v1.0,reservation-no-show-feature-v1.0,29,5
RES-4f1f06846d246e4b7ad188ea67fec397,2026-09-07 18:00:00,True,0.026031556426188082,4,True,HIGH,TOP_15_PERCENT_DAILY_COHORT,SUCCESS,reservation-no-show-v1.0,reservation-no-show-feature-v1.0,29,5
RES-ebe274d1ce154cb670b4fac515215d8f,2026-09-24 18:00:00,True,0.00385460486363932,29,False,LOW,TOP_15_PERCENT_DAILY_COHORT,SUCCESS,reservation-no-show-v1.0,reservation-no-show-feature-v1.0,29,5
RES-da0073237a24b495d5f7ab92475b8a27,2026-10-11 18:00:00,True,0.0055775118017986885,18,False,LOW,TOP_15_PERCENT_DAILY_COHORT,SUCCESS,reservation-no-show-v1.0,reservation-no-show-feature-v1.0,29,5
RES-13d6cb1a8a18b2da6fee2a03bbcba264,2026-10-28 18:00:00,True,0.0210491598615607,9,False,LOW,TOP_15_PERCENT_DAILY_COHORT,SUCCESS,reservation-no-show-v1.0,reservation-no-show-feature-v1.0,29,5
RES-692b3b3db3fe214548ed592317838432,2026-11-14 18:00:00,True,0.006984937361306198,21,False,LOW,TOP_15_PERCENT_DAILY_COHORT,SUCCESS,reservation-no-show-v1.0,reservation-no-show-feature-v1.0,29,5
RES-2df8757d5ecc7d6630d504fbc90fa10c,2026-12-01 18:00:00,True,0.004471222030754659,20,False,LOW,TOP_15_PERCENT_DAILY_COHORT,SUCCESS,reservation-no-show-v1.0,reservation-no-show-feature-v1.0,29,5
RES-bf3a005b99a25206872b5bbb0edf9ea1,2026-12-18 18:00:00,True,0.01921018469221337,3,True,HIGH,TOP_15_PERCENT_DAILY_COHORT,SUCCESS,reservation-no-show-v1.0,reservation-no-show-feature-v1.0,29,5
RES-79aed5998005c456895490fc7132d09c,2026-08-03 18:00:00,True,0.013396391276609815,9,False,LOW,TOP_15_PERCENT_DAILY_COHORT,SUCCESS,reservation-no-show-v1.0,reservation-no-show-feature-v1.0,29,5
RES-483627b4c02c764fc5a25714d9dbc998,2026-08-20 18:00:00,True,0.00566635273229505,19,False,LOW,TOP_15_PERCENT_DAILY_COHORT,SUCCESS,reservation-no-show-v1.0,reservation-no-show-feature-v1.0,29,5
RES-e272136977b153fd7739a5ccbb7fe2cd,2026-09-06 18:00:00,True,0.0062227373447445436,28,False,LOW,TOP_15_PERCENT_DAILY_COHORT,SUCCESS,reservation-no-show-v1.0,reservation-no-show-feature-v1.0,29,5
RES-2f55bc660f0afaaeb63f23e8b3419a5c,2026-09-23 18:00:00,True,0.025413301292526697,7,False,LOW,TOP_15_PERCENT_DAILY_COHORT,SUCCESS,reservation-no-show-v1.0,reservation-no-show-feature-v1.0,29,5
RES-e64b7728ef9f1196abcbf6a0cb749b28,2026-10-10 18:00:00,True,0.004749244156409314,17,False,LOW,TOP_15_PERCENT_DAILY_COHORT,SUCCESS,reservation-no-show-v1.0,reservation-no-show-feature-v1.0,29,5
RES-83ac3a86ecc76f4cbc79c7bcb5803d86,2026-10-27 18:00:00,True,0.00598978051537479,17,False,LOW,TOP_15_PERCENT_DAILY_COHORT,SUCCESS,reservation-no-show-v1.0,reservation-no-show-feature-v1.0,29,5
RES-cd39db2b05d4d04df37d9b173ea7be01,2026-11-13 18:00:00,True,0.02351310628971854,2,True,HIGH,TOP_15_PERCENT_DAILY_COHORT,SUCCESS,reservation-no-show-v1.0,reservation-no-show-feature-v1.0,29,5
RES-14df6fe6d343774d833f04f358bcb7b8,2026-11-30 18:00:00,True,0.007080941962384378,28,False,LOW,TOP_15_PERCENT_DAILY_COHORT,SUCCESS,reservation-no-show-v1.0,reservation-no-show-feature-v1.0,29,5
RES-dca23b0fb50b891abc7349f6c5ab5f63,2026-12-17 18:00:00,True,0.003963400217276327,28,False,LOW,TOP_15_PERCENT_DAILY_COHORT,SUCCESS,reservation-no-show-v1.0,reservation-no-show-feature-v1.0,29,5
RES-6ac8d0f857749cbbaf8c8352dcbe98eb,2026-08-02 18:00:00,True,0.010038592560657613,12,False,LOW,TOP_15_PERCENT_DAILY_COHORT,SUCCESS,reservation-no-show-v1.0,reservation-no-show-feature-v1.0,29,5
RES-842ddbf4e21389e5c17bf9a086d6fb92,2026-08-19 18:00:00,True,0.013074195796220536,9,False,LOW,TOP_15_PERCENT_DAILY_COHORT,SUCCESS,reservation-no-show-v1.0,reservation-no-show-feature-v1.0,29,5
RES-1d6c84a97f72c97c301a6acf57b2f6a1,2026-09-05 18:00:00,True,0.005235176292386534,21,False,LOW,TOP_15_PERCENT_DAILY_COHORT,SUCCESS,reservation-no-show-v1.0,reservation-no-show-feature-v1.0,29,5
RES-16a8ee7b37d86af5e94e416a8a664a8f,2026-09-22 18:00:00,True,0.007353644104965193,18,False,LOW,TOP_15_PERCENT_DAILY_COHORT,SUCCESS,reservation-no-show-v1.0,reservation-no-show-feature-v1.0,29,5
RES-48e59e1806b5410fb684010fcd15daa5,2026-10-09 18:00:00,True,0.0235150327801244,7,False,LOW,TOP_15_PERCENT_DAILY_COHORT,SUCCESS,reservation-no-show-v1.0,reservation-no-show-feature-v1.0,29,5
RES-6b932c0c0793907d3dbae0650b8877da,2026-10-26 18:00:00,True,0.004388194128457764,24,False,LOW,TOP_15_PERCENT_DAILY_COHORT,SUCCESS,reservation-no-show-v1.0,reservation-no-show-feature-v1.0,29,5
RES-0261dcc217ea9ba704acc458efbd0775,2026-11-12 18:00:00,True,0.004809312391909788,26,False,LOW,TOP_15_PERCENT_DAILY_COHORT,SUCCESS,reservation-no-show-v1.0,reservation-no-show-feature-v1.0,29,5
RES-505f4a25728bb36d84a3d26edac22d84,2026-11-29 18:00:00,True,0.019796951021522406,9,False,LOW,TOP_15_PERCENT_DAILY_COHORT,SUCCESS,reservation-no-show-v1.0,reservation-no-show-feature-v1.0,29,5
RES-f46c1a2df903910e0fbc6b2a6aff40fe,2026-12-16 18:00:00,True,0.0076034888849189925,21,False,LOW,TOP_15_PERCENT_DAILY_COHORT,SUCCESS,reservation-no-show-v1.0,reservation-no-show-feature-v1.0,29,5
RES-892303fd7648747f081ce7e9d1d1c4e7,2026-08-01 18:00:00,True,0.007784579238862673,14,False,LOW,TOP_15_PERCENT_DAILY_COHORT,SUCCESS,reservation-no-show-v1.0,reservation-no-show-feature-v1.0,29,5
RES-bcc18e86a2a89b1dfeb5f8f1225a52f0,2026-08-18 18:00:00,True,0.0066829351603692145,27,False,LOW,TOP_15_PERCENT_DAILY_COHORT,SUCCESS,reservation-no-show-v1.0,reservation-no-show-feature-v1.0,29,5
RES-322857d9fca87e46ae63682838ca5c69,2026-09-04 18:00:00,True,0.01942567550074937,1,True,HIGH,TOP_15_PERCENT_DAILY_COHORT,SUCCESS,reservation-no-show-v1.0,reservation-no-show-feature-v1.0,29,5
RES-a2930e4a00f81c0b41f9360f57c2a91f,2026-09-21 18:00:00,True,0.00439477584882822,29,False,LOW,TOP_15_PERCENT_DAILY_COHORT,SUCCESS,reservation-no-show-v1.0,reservation-no-show-feature-v1.0,29,5
RES-1646ac62a4e5b954a792503bcb30fcee,2026-10-08 18:00:00,True,0.011531439783967158,11,False,LOW,TOP_15_PERCENT_DAILY_COHORT,SUCCESS,reservation-no-show-v1.0,reservation-no-show-feature-v1.0,29,5
RES-9a036e7427205eb3cbd6310f8abaff93,2026-10-25 18:00:00,True,0.02390781130159843,7,False,LOW,TOP_15_PERCENT_DAILY_COHORT,SUCCESS,reservation-no-show-v1.0,reservation-no-show-feature-v1.0,29,5
RES-94cd972ca60300ee050016c0437d2cf1,2026-11-11 18:00:00,True,0.004268007409231984,27,False,LOW,TOP_15_PERCENT_DAILY_COHORT,SUCCESS,reservation-no-show-v1.0,reservation-no-show-feature-v1.0,29,5
RES-d0ce9cda4e6994f88e9bd317388a5051,2026-11-28 18:00:00,True,0.004906182763910973,22,False,LOW,TOP_15_PERCENT_DAILY_COHORT,SUCCESS,reservation-no-show-v1.0,reservation-no-show-feature-v1.0,29,5
RES-6665c23fe579d5f85ce14b5ddaf22f83,2026-12-15 18:00:00,True,0.019262904490742083,9,False,LOW,TOP_15_PERCENT_DAILY_COHORT,SUCCESS,reservation-no-show-v1.0,reservation-no-show-feature-v1.0,29,5
RES-b698f3b4649dceaa59054b654a6a2517,2026-07-31 18:00:00,True,0.01769820318835518,5,True,HIGH,TOP_15_PERCENT_DAILY_COHORT,SUCCESS,reservation-no-show-v1.0,reservation-no-show-feature-v1.0,29,5
RES-f7d647e02b4950cc9bc58d94ffdd49df,2026-08-17 18:00:00,True,0.00653761394078323,26,False,LOW,TOP_15_PERCENT_DAILY_COHORT,SUCCESS,reservation-no-show-v1.0,reservation-no-show-feature-v1.0,29,5
RES-a0bc5c0699f21e67864f9ff12b48ead1,2026-12-12 18:00:00,True,0.02101060964410953,9,False,LOW,TOP_15_PERCENT_DAILY_COHORT,SUCCESS,reservation-no-show-v1.0,reservation-no-show-feature-v1.0,29,5
RES-ed1222d3dc0a491852e5d955313fabe3,2026-09-03 18:00:00,True,0.007153417089495421,23,False,LOW,TOP_15_PERCENT_DAILY_COHORT,SUCCESS,reservation-no-show-v1.0,reservation-no-show-feature-v1.0,29,5
RES-66d5f1050c261d6710f027afb6890c64,2026-09-20 18:00:00,True,0.016344709846835132,7,False,LOW,TOP_15_PERCENT_DAILY_COHORT,SUCCESS,reservation-no-show-v1.0,reservation-no-show-feature-v1.0,29,5
RES-11a7c07aeb84596454e57b18a1418f6e,2026-10-07 18:00:00,True,0.005178594165088313,18,False,LOW,TOP_15_PERCENT_DAILY_COHORT,SUCCESS,reservation-no-show-v1.0,reservation-no-show-feature-v1.0,29,5
RES-9040ea9f2f05f9ea83daffc86a40222e,2026-10-24 18:00:00,True,0.0066304601788547725,22,False,LOW,TOP_15_PERCENT_DAILY_COHORT,SUCCESS,reservation-no-show-v1.0,reservation-no-show-feature-v1.0,29,5
RES-5ea42e4ce56a87e8b8062545b96167fe,2026-11-10 18:00:00,True,0.023265501522843027,7,False,LOW,TOP_15_PERCENT_DAILY_COHORT,SUCCESS,reservation-no-show-v1.0,reservation-no-show-feature-v1.0,29,5
RES-87af63706b7bc974c82cb1bace0c7d65,2026-11-27 18:00:00,True,0.004354022382759967,25,False,LOW,TOP_15_PERCENT_DAILY_COHORT,SUCCESS,reservation-no-show-v1.0,reservation-no-show-feature-v1.0,29,5
RES-4a28876429fde6c8264ec36c0420ae14,2026-12-14 18:00:00,True,0.0060249847969156755,12,False,LOW,TOP_15_PERCENT_DAILY_COHORT,SUCCESS,reservation-no-show-v1.0,reservation-no-show-feature-v1.0,29,5
RES-a4b1e4d26d6b629b2d1c82fe33c37424,2026-07-30 18:00:00,True,0.005370830966446373,15,False,LOW,TOP_15_PERCENT_DAILY_COHORT,SUCCESS,reservation-no-show-v1.0,reservation-no-show-feature-v1.0,29,5
RES-13d935abc144fd63ff476ae332ea17a9,2026-08-16 18:00:00,True,0.01799561205391259,7,False,LOW,TOP_15_PERCENT_DAILY_COHORT,SUCCESS,reservation-no-show-v1.0,reservation-no-show-feature-v1.0,29,5
RES-e88ab6b432c985b5e06c22ef44f6a70f,2026-09-02 18:00:00,True,0.007700656299436057,15,False,LOW,TOP_15_PERCENT_DAILY_COHORT,SUCCESS,reservation-no-show-v1.0,reservation-no-show-feature-v1.0,29,5
RES-de2813473ede48738f4cdede6b5bb01b,2026-09-19 18:00:00,True,0.008029679906446301,17,False,LOW,TOP_15_PERCENT_DAILY_COHORT,SUCCESS,reservation-no-show-v1.0,reservation-no-show-feature-v1.0,29,5
RES-aec46927b23e7a990399e3f01491aa97,2026-10-06 18:00:00,True,0.024467066997906357,1,True,HIGH,TOP_15_PERCENT_DAILY_COHORT,SUCCESS,reservation-no-show-v1.0,reservation-no-show-feature-v1.0,29,5
RES-a34dbfa4b3c73569eb7ef8c0bfc8607c,2026-10-23 18:00:00,True,0.004799711320767696,24,False,LOW,TOP_15_PERCENT_DAILY_COHORT,SUCCESS,reservation-no-show-v1.0,reservation-no-show-feature-v1.0,29,5
RES-1886ec834b6f17a0086682d8e01ee5bb,2026-11-09 18:00:00,True,0.008139248913397418,11,False,LOW,TOP_15_PERCENT_DAILY_COHORT,SUCCESS,reservation-no-show-v1.0,reservation-no-show-feature-v1.0,29,5
RES-50ebaa7adbd07ce7395714515a5ce4d1,2026-11-26 18:00:00,True,0.030098463214768046,1,True,HIGH,TOP_15_PERCENT_DAILY_COHORT,SUCCESS,reservation-no-show-v1.0,reservation-no-show-feature-v1.0,29,5
RES-61efb89797e1bd91aeab9260fa2315cf,2026-12-13 18:00:00,True,0.004414027061000147,25,False,LOW,TOP_15_PERCENT_DAILY_COHORT,SUCCESS,reservation-no-show-v1.0,reservation-no-show-feature-v1.0,29,5
RES-4db24cc7df2e3cb781ef9070905ddf45,2026-07-29 18:00:00,True,0.00850114221535034,13,False,LOW,TOP_15_PERCENT_DAILY_COHORT,SUCCESS,reservation-no-show-v1.0,reservation-no-show-feature-v1.0,29,5
RES-48bdb5bcdba8d400cf36667be84c7220,2026-08-15 18:00:00,True,0.004508087199830929,19,False,LOW,TOP_15_PERCENT_DAILY_COHORT,SUCCESS,reservation-no-show-v1.0,reservation-no-show-feature-v1.0,29,5
RES-4aa5de8755466170bb037f6c856e2a29,2026-09-01 18:00:00,True,0.015925855911051834,9,False,LOW,TOP_15_PERCENT_DAILY_COHORT,SUCCESS,reservation-no-show-v1.0,reservation-no-show-feature-v1.0,29,5
RES-6d143ad6cf2133d033fd171f08020d13,2026-09-18 18:00:00,True,0.007138575244289018,17,False,LOW,TOP_15_PERCENT_DAILY_COHORT,SUCCESS,reservation-no-show-v1.0,reservation-no-show-feature-v1.0,29,5
RES-315e9517f631c42cdf9df86b32a9ad6b,2026-10-05 18:00:00,True,0.00672218583190782,28,False,LOW,TOP_15_PERCENT_DAILY_COHORT,SUCCESS,reservation-no-show-v1.0,reservation-no-show-feature-v1.0,29,5
RES-435168fb876c5689f968a8a415dc6715,2026-10-22 18:00:00,True,0.017064621425337018,6,False,LOW,TOP_15_PERCENT_DAILY_COHORT,SUCCESS,reservation-no-show-v1.0,reservation-no-show-feature-v1.0,29,5
RES-851bd61737a1c7e8dcad6f8698dff8bf,2026-11-08 18:00:00,True,0.00589437750928278,15,False,LOW,TOP_15_PERCENT_DAILY_COHORT,SUCCESS,reservation-no-show-v1.0,reservation-no-show-feature-v1.0,29,5
RES-191cb867d1421d744b8fa7add715fae3,2026-11-25 18:00:00,True,0.005959742940304472,29,False,LOW,TOP_15_PERCENT_DAILY_COHORT,SUCCESS,reservation-no-show-v1.0,reservation-no-show-feature-v1.0,29,5
RES-63230107346b8a050a1da9f2e7c20193,2026-07-28 18:00:00,True,0.021507214839137687,9,False,LOW,TOP_15_PERCENT_DAILY_COHORT,SUCCESS,reservation-no-show-v1.0,reservation-no-show-feature-v1.0,29,5
RES-f56d860b4466717ebe1dade76c484a42,2026-08-14 18:00:00,True,0.006487354036964838,29,False,LOW,TOP_15_PERCENT_DAILY_COHORT,SUCCESS,reservation-no-show-v1.0,reservation-no-show-feature-v1.0,29,5
RES-f90b53057799e5ca599d9a0f122f68cb,2026-08-31 18:00:00,True,0.0050303713504333955,17,False,LOW,TOP_15_PERCENT_DAILY_COHORT,SUCCESS,reservation-no-show-v1.0,reservation-no-show-feature-v1.0,29,5
RES-f59d2a7501806fa9f9fc6c36f2b0bfc3,2026-09-17 18:00:00,True,0.015543782949965695,9,False,LOW,TOP_15_PERCENT_DAILY_COHORT,SUCCESS,reservation-no-show-v1.0,reservation-no-show-feature-v1.0,29,5
RES-5ce75db5c234ac20142d31b1483b41cd,2026-10-04 18:00:00,True,0.006576016752263913,25,False,LOW,TOP_15_PERCENT_DAILY_COHORT,SUCCESS,reservation-no-show-v1.0,reservation-no-show-feature-v1.0,29,5
RES-c8eeed19772bdd9b0d21f3cca0ad733a,2026-10-21 18:00:00,True,0.007943135772077637,19,False,LOW,TOP_15_PERCENT_DAILY_COHORT,SUCCESS,reservation-no-show-v1.0,reservation-no-show-feature-v1.0,29,5
RES-81ceec2a0ad64d8e4b739b6a015eed1a,2026-11-07 18:00:00,True,0.014350546998820385,9,False,LOW,TOP_15_PERCENT_DAILY_COHORT,SUCCESS,reservation-no-show-v1.0,reservation-no-show-feature-v1.0,29,5
RES-9b3bd357ba19fac2c4c29414e1f89824,2026-11-24 18:00:00,True,0.004313382943072789,29,False,LOW,TOP_15_PERCENT_DAILY_COHORT,SUCCESS,reservation-no-show-v1.0,reservation-no-show-feature-v1.0,29,5
RES-d781a554344a32d5a9e2bec2aa1ec857,2026-12-11 18:00:00,True,0.008076103898035654,14,False,LOW,TOP_15_PERCENT_DAILY_COHORT,SUCCESS,reservation-no-show-v1.0,reservation-no-show-feature-v1.0,29,5
RES-854c479505d8e561ceea85ae7b8d7b3a,2026-08-13 18:00:00,True,0.022997171200492533,6,False,LOW,TOP_15_PERCENT_DAILY_COHORT,SUCCESS,reservation-no-show-v1.0,reservation-no-show-feature-v1.0,29,5
RES-79a0c6b301cd6274670b75b2cece78a6,2026-08-30 18:00:00,True,0.006597635899926322,29,False,LOW,TOP_15_PERCENT_DAILY_COHORT,SUCCESS,reservation-no-show-v1.0,reservation-no-show-feature-v1.0,29,5
RES-33ae12eeb927d70f37b8ecab2d71cf47,2026-09-16 18:00:00,True,0.004459328271207746,22,False,LOW,TOP_15_PERCENT_DAILY_COHORT,SUCCESS,reservation-no-show-v1.0,reservation-no-show-feature-v1.0,29,5
RES-1d6a049303d66fd0d76a9fdb63c3c2ff,2026-10-03 18:00:00,True,0.0158032642039618,9,False,LOW,TOP_15_PERCENT_DAILY_COHORT,SUCCESS,reservation-no-show-v1.0,reservation-no-show-feature-v1.0,29,5
RES-cc3e85802fee5bee2b4e755471233b11,2026-10-20 18:00:00,True,0.00855026849477123,13,False,LOW,TOP_15_PERCENT_DAILY_COHORT,SUCCESS,reservation-no-show-v1.0,reservation-no-show-feature-v1.0,29,5
RES-5fe4506e1a80dd1dd300bd34e88c6279,2026-11-06 18:00:00,True,0.008886860415221435,14,False,LOW,TOP_15_PERCENT_DAILY_COHORT,SUCCESS,reservation-no-show-v1.0,reservation-no-show-feature-v1.0,29,5
RES-8168c683de8bf1ba27d1bb5e18420425,2026-11-23 18:00:00,True,0.013269312389568784,9,False,LOW,TOP_15_PERCENT_DAILY_COHORT,SUCCESS,reservation-no-show-v1.0,reservation-no-show-feature-v1.0,29,5
RES-834c729f0cb303eabcdccaf74fc386f9,2026-12-10 18:00:00,True,0.004617822745254558,28,False,LOW,TOP_15_PERCENT_DAILY_COHORT,SUCCESS,reservation-no-show-v1.0,reservation-no-show-feature-v1.0,29,5
RES-1a7c21d5e76ffd8bcdabcbd896491b0c,2026-08-12 18:00:00,True,0.004915743370608625,18,False,LOW,TOP_15_PERCENT_DAILY_COHORT,SUCCESS,reservation-no-show-v1.0,reservation-no-show-feature-v1.0,29,5
RES-8a52365789bfbdade2da1388111a1ad9,2026-08-29 18:00:00,True,0.02345175303278055,7,False,LOW,TOP_15_PERCENT_DAILY_COHORT,SUCCESS,reservation-no-show-v1.0,reservation-no-show-feature-v1.0,29,5
RES-732e4c608585d7085876e4450ede5606,2026-09-15 18:00:00,True,0.0077712726457594096,24,False,LOW,TOP_15_PERCENT_DAILY_COHORT,SUCCESS,reservation-no-show-v1.0,reservation-no-show-feature-v1.0,29,5
RES-2246315d6e5b50fb3bdb489300c833b8,2026-10-02 18:00:00,True,0.004534622718231271,21,False,LOW,TOP_15_PERCENT_DAILY_COHORT,SUCCESS,reservation-no-show-v1.0,reservation-no-show-feature-v1.0,29,5
RES-df959a8bc7e018b6f6334489937561b3,2026-10-19 18:00:00,True,0.023452427885372305,1,True,HIGH,TOP_15_PERCENT_DAILY_COHORT,SUCCESS,reservation-no-show-v1.0,reservation-no-show-feature-v1.0,29,5
RES-f8d188632c68c135ff4241cab6a15351,2026-11-05 18:00:00,True,0.005671075989147776,29,False,LOW,TOP_15_PERCENT_DAILY_COHORT,SUCCESS,reservation-no-show-v1.0,reservation-no-show-feature-v1.0,29,5
RES-b7b66152ef7d876de81bd212a9df93c4,2026-11-22 18:00:00,True,0.013233329349024032,11,False,LOW,TOP_15_PERCENT_DAILY_COHORT,SUCCESS,reservation-no-show-v1.0,reservation-no-show-feature-v1.0,29,5
RES-d58929a57c765efb30f4ba571a2c1c98,2026-12-09 18:00:00,True,0.012909037676289517,9,False,LOW,TOP_15_PERCENT_DAILY_COHORT,SUCCESS,reservation-no-show-v1.0,reservation-no-show-feature-v1.0,29,5
RES-de1184a6774693f6a438cd62ed68f170,2026-08-11 18:00:00,True,0.004801866273001128,19,False,LOW,TOP_15_PERCENT_DAILY_COHORT,SUCCESS,reservation-no-show-v1.0,reservation-no-show-feature-v1.0,29,5
RES-40b4d5a7af5c3fcd6473a42ba6b81aee,2026-08-28 18:00:00,True,0.005014746699616734,24,False,LOW,TOP_15_PERCENT_DAILY_COHORT,SUCCESS,reservation-no-show-v1.0,reservation-no-show-feature-v1.0,29,5
RES-7b8fffef221cbc83168563691bfea388,2026-09-14 18:00:00,True,0.023768668721193924,5,True,HIGH,TOP_15_PERCENT_DAILY_COHORT,SUCCESS,reservation-no-show-v1.0,reservation-no-show-feature-v1.0,29,5
RES-584992a6c3f20205505e7f9a33a391e1,2026-10-01 18:00:00,True,0.01006857010241622,11,False,LOW,TOP_15_PERCENT_DAILY_COHORT,SUCCESS,reservation-no-show-v1.0,reservation-no-show-feature-v1.0,29,5
RES-5d7dcda6fc7a7d620d325bfe0b54a125,2026-10-18 18:00:00,True,0.005076202239294147,17,False,LOW,TOP_15_PERCENT_DAILY_COHORT,SUCCESS,reservation-no-show-v1.0,reservation-no-show-feature-v1.0,29,5
RES-7fb08ee9a59b6133ebbc238a30eea233,2026-11-04 18:00:00,True,0.018895837605475793,2,True,HIGH,TOP_15_PERCENT_DAILY_COHORT,SUCCESS,reservation-no-show-v1.0,reservation-no-show-feature-v1.0,29,5
RES-392c07e96f74a1d9be71d851ace9d945,2026-11-21 18:00:00,True,0.009334501995232888,11,False,LOW,TOP_15_PERCENT_DAILY_COHORT,SUCCESS,reservation-no-show-v1.0,reservation-no-show-feature-v1.0,29,5
RES-0734b5d3c6829eeffe6c115494396e67,2026-12-08 18:00:00,True,0.007260823275214551,21,False,LOW,TOP_15_PERCENT_DAILY_COHORT,SUCCESS,reservation-no-show-v1.0,reservation-no-show-feature-v1.0,29,5
RES-767075fd54f8b43c8e1ce0c56dd159a8,2026-08-10 18:00:00,True,0.021633412162670545,10,False,LOW,TOP_15_PERCENT_DAILY_COHORT,SUCCESS,reservation-no-show-v1.0,reservation-no-show-feature-v1.0,30,5
RES-658f61dc51f47677460feb22f087358d,2026-08-27 18:00:00,True,0.0038669887876784446,30,False,LOW,TOP_15_PERCENT_DAILY_COHORT,SUCCESS,reservation-no-show-v1.0,reservation-no-show-feature-v1.0,30,5
RES-f8a5784356f96772f21e7118724abc4a,2026-09-13 18:00:00,True,0.005595399921995751,16,False,LOW,TOP_15_PERCENT_DAILY_COHORT,SUCCESS,reservation-no-show-v1.0,reservation-no-show-feature-v1.0,30,5
RES-6ba4c6355085f073a1c5b51072c1657f,2026-09-30 18:00:00,True,0.023130008578806507,6,False,LOW,TOP_15_PERCENT_DAILY_COHORT,SUCCESS,reservation-no-show-v1.0,reservation-no-show-feature-v1.0,30,5
RES-008dc0268551d1920d369504c2eec733,2026-10-17 18:00:00,True,0.009335277901272511,11,False,LOW,TOP_15_PERCENT_DAILY_COHORT,SUCCESS,reservation-no-show-v1.0,reservation-no-show-feature-v1.0,30,5
RES-5ca3c2515fd5aa23f0336932bfedabe4,2026-11-03 18:00:00,True,0.004937265351748748,18,False,LOW,TOP_15_PERCENT_DAILY_COHORT,SUCCESS,reservation-no-show-v1.0,reservation-no-show-feature-v1.0,30,5
RES-0fa8fca2a7b3cca5208a6c90aacd9cb1,2026-11-20 18:00:00,True,0.02117981196025019,1,True,HIGH,TOP_15_PERCENT_DAILY_COHORT,SUCCESS,reservation-no-show-v1.0,reservation-no-show-feature-v1.0,30,5
RES-d8b916212f31b98b3d9154694cf60256,2026-12-07 18:00:00,True,0.007816214414893156,15,False,LOW,TOP_15_PERCENT_DAILY_COHORT,SUCCESS,reservation-no-show-v1.0,reservation-no-show-feature-v1.0,30,5
RES-0f3c1e45fbc0ef5f0237a1c190d6e5b0,2026-12-24 18:00:00,True,0.007796540529286192,18,False,LOW,TOP_15_PERCENT_DAILY_COHORT,SUCCESS,reservation-no-show-v1.0,reservation-no-show-feature-v1.0,30,5
RES-167229dd19f06a05a49e191469b14eb6,2026-08-09 18:00:00,True,0.007560062367417191,17,False,LOW,TOP_15_PERCENT_DAILY_COHORT,SUCCESS,reservation-no-show-v1.0,reservation-no-show-feature-v1.0,29,5
RES-447ff66a7225a4ee392751bb9f108d5b,2026-08-26 18:00:00,True,0.02320477899322506,9,False,LOW,TOP_15_PERCENT_DAILY_COHORT,SUCCESS,reservation-no-show-v1.0,reservation-no-show-feature-v1.0,29,5
RES-9b301a95b7c314c5a08cb21ff75c0eba,2026-09-12 18:00:00,True,0.003932321261834368,29,False,LOW,TOP_15_PERCENT_DAILY_COHORT,SUCCESS,reservation-no-show-v1.0,reservation-no-show-feature-v1.0,29,5
RES-1406a15d7e160577879afb9f30ba5958,2026-09-29 18:00:00,True,0.005459787149006156,21,False,LOW,TOP_15_PERCENT_DAILY_COHORT,SUCCESS,reservation-no-show-v1.0,reservation-no-show-feature-v1.0,29,5
RES-6088d295f3d1a44a245c1dcd826a74bd,2026-10-16 18:00:00,True,0.022630486783532668,8,False,LOW,TOP_15_PERCENT_DAILY_COHORT,SUCCESS,reservation-no-show-v1.0,reservation-no-show-feature-v1.0,29,5
RES-c5ee58dbfc51eb1a3029497bb1177ed2,2026-11-02 18:00:00,True,0.00710361741920073,24,False,LOW,TOP_15_PERCENT_DAILY_COHORT,SUCCESS,reservation-no-show-v1.0,reservation-no-show-feature-v1.0,29,5
RES-ad03ee5374122b2d5b21fe5e62c226b0,2026-11-19 18:00:00,True,0.004376745085900799,26,False,LOW,TOP_15_PERCENT_DAILY_COHORT,SUCCESS,reservation-no-show-v1.0,reservation-no-show-feature-v1.0,29,5
RES-2e26bcc6039f9bc82f7175b9cfe8ebfb,2026-12-06 18:00:00,True,0.019532496376492882,3,True,HIGH,TOP_15_PERCENT_DAILY_COHORT,SUCCESS,reservation-no-show-v1.0,reservation-no-show-feature-v1.0,29,5
RES-fb7b15af433e1d4f98e47d1e286aacdf,2026-12-23 18:00:00,True,0.00693112804658382,16,False,LOW,TOP_15_PERCENT_DAILY_COHORT,SUCCESS,reservation-no-show-v1.0,reservation-no-show-feature-v1.0,29,5
RES-6b40e64df9983868841ee6784a3464e3,2026-08-08 18:00:00,True,0.004771632003442733,25,False,LOW,TOP_15_PERCENT_DAILY_COHORT,SUCCESS,reservation-no-show-v1.0,reservation-no-show-feature-v1.0,29,5
RES-bea6bd02396f8ec877b5595f64662a22,2026-08-25 18:00:00,True,0.006091477327392184,26,False,LOW,TOP_15_PERCENT_DAILY_COHORT,SUCCESS,reservation-no-show-v1.0,reservation-no-show-feature-v1.0,29,5
RES-cf4db0c7a0a73625d32874852ce105a1,2026-09-11 18:00:00,True,0.03430664780066384,1,True,HIGH,TOP_15_PERCENT_DAILY_COHORT,SUCCESS,reservation-no-show-v1.0,reservation-no-show-feature-v1.0,29,5
RES-389747e4bbd06577251fea00327970d9,2026-09-28 18:00:00,True,0.0048456254285311785,18,False,LOW,TOP_15_PERCENT_DAILY_COHORT,SUCCESS,reservation-no-show-v1.0,reservation-no-show-feature-v1.0,29,5
RES-e7bd3f837a5b9dea438dd21fccf52ae1,2026-10-15 18:00:00,True,0.005844665526779988,15,False,LOW,TOP_15_PERCENT_DAILY_COHORT,SUCCESS,reservation-no-show-v1.0,reservation-no-show-feature-v1.0,29,5
RES-0e05112532fc33863d3b988a3ca9d920,2026-11-01 18:00:00,True,0.023905853420240614,5,True,HIGH,TOP_15_PERCENT_DAILY_COHORT,SUCCESS,reservation-no-show-v1.0,reservation-no-show-feature-v1.0,29,5
RES-2937844cabba9b72d6f2d2190a9f10ee,2026-11-18 18:00:00,True,0.0062987112888507595,29,False,LOW,TOP_15_PERCENT_DAILY_COHORT,SUCCESS,reservation-no-show-v1.0,reservation-no-show-feature-v1.0,29,5
RES-3af6d69ce3367155756f66579bf597f3,2026-12-05 18:00:00,True,0.004450651373870676,22,False,LOW,TOP_15_PERCENT_DAILY_COHORT,SUCCESS,reservation-no-show-v1.0,reservation-no-show-feature-v1.0,29,5
RES-617bb911997df4e5b3f8017776319263,2026-12-22 18:00:00,True,0.017343882577472946,3,True,HIGH,TOP_15_PERCENT_DAILY_COHORT,SUCCESS,reservation-no-show-v1.0,reservation-no-show-feature-v1.0,29,5
RES-c384b711d1833cad5c58512613be47a5,2026-08-07 18:00:00,True,0.01333530881343996,10,False,LOW,TOP_15_PERCENT_DAILY_COHORT,SUCCESS,reservation-no-show-v1.0,reservation-no-show-feature-v1.0,29,5
RES-3e0b27bb0865a51f6a2b97781b753d04,2026-08-24 18:00:00,True,0.005341366157320232,17,False,LOW,TOP_15_PERCENT_DAILY_COHORT,SUCCESS,reservation-no-show-v1.0,reservation-no-show-feature-v1.0,29,5
RES-b5d4815c17b4b4687e26ff6dbef124f5,2026-09-10 18:00:00,True,0.005924917597793488,27,False,LOW,TOP_15_PERCENT_DAILY_COHORT,SUCCESS,reservation-no-show-v1.0,reservation-no-show-feature-v1.0,29,5
RES-91f5d56765d2a30dbf65c71bf54cd741,2026-09-27 18:00:00,True,0.028935163543322182,2,True,HIGH,TOP_15_PERCENT_DAILY_COHORT,SUCCESS,reservation-no-show-v1.0,reservation-no-show-feature-v1.0,29,5
RES-d45831866cfeaddcab8b6317915d7977,2026-10-14 18:00:00,True,0.00471296958923221,20,False,LOW,TOP_15_PERCENT_DAILY_COHORT,SUCCESS,reservation-no-show-v1.0,reservation-no-show-feature-v1.0,29,5
RES-30451a8a913a5dbf3dc15a9cc7fc3f66,2026-10-31 18:00:00,True,0.004906182763910973,20,False,LOW,TOP_15_PERCENT_DAILY_COHORT,SUCCESS,reservation-no-show-v1.0,reservation-no-show-feature-v1.0,29,5
RES-07f515d38296b25ac9db1fa0a02f1ac8,2026-11-17 18:00:00,True,0.02815938902887537,1,True,HIGH,TOP_15_PERCENT_DAILY_COHORT,SUCCESS,reservation-no-show-v1.0,reservation-no-show-feature-v1.0,29,5
RES-3e60549ceaa12a199d4dce2618a25f3f,2026-12-04 18:00:00,True,0.007048449829240749,25,False,LOW,TOP_15_PERCENT_DAILY_COHORT,SUCCESS,reservation-no-show-v1.0,reservation-no-show-feature-v1.0,29,5
RES-1678aef306b2aa5fe21f511a35bc98c9,2026-12-21 18:00:00,True,0.004526468025311758,23,False,LOW,TOP_15_PERCENT_DAILY_COHORT,SUCCESS,reservation-no-show-v1.0,reservation-no-show-feature-v1.0,29,5
RES-9b8ac3cd4db2c7e359dee25dfc039a6b,2026-08-06 18:00:00,True,0.007176322957590612,22,False,LOW,TOP_15_PERCENT_DAILY_COHORT,SUCCESS,reservation-no-show-v1.0,reservation-no-show-feature-v1.0,29,5
RES-afb62aa551741631b5c786bee9adf57f,2026-08-23 18:00:00,True,0.016396560989992297,2,True,HIGH,TOP_15_PERCENT_DAILY_COHORT,SUCCESS,reservation-no-show-v1.0,reservation-no-show-feature-v1.0,29,5
RES-0bb66c5588d3b05a17b0f58e33c997e9,2026-09-09 18:00:00,True,0.004288136489584008,29,False,LOW,TOP_15_PERCENT_DAILY_COHORT,SUCCESS,reservation-no-show-v1.0,reservation-no-show-feature-v1.0,29,5
RES-dc7f59a70abff8b0a8c49378157a42b5,2026-09-26 18:00:00,True,0.006651702712003466,22,False,LOW,TOP_15_PERCENT_DAILY_COHORT,SUCCESS,reservation-no-show-v1.0,reservation-no-show-feature-v1.0,29,5
RES-5f34abfd23bf7b9afbd51d5c559da45d,2026-10-13 18:00:00,True,0.02123956421710248,10,False,LOW,TOP_15_PERCENT_DAILY_COHORT,SUCCESS,reservation-no-show-v1.0,reservation-no-show-feature-v1.0,29,5
RES-bdc29d455d95f7bc6cfd7ef127425d57,2026-10-30 18:00:00,True,0.0043680037802880595,24,False,LOW,TOP_15_PERCENT_DAILY_COHORT,SUCCESS,reservation-no-show-v1.0,reservation-no-show-feature-v1.0,29,5
RES-5b76957943f3db27bc6cb5c874c18c82,2026-11-16 18:00:00,True,0.00549189366256875,19,False,LOW,TOP_15_PERCENT_DAILY_COHORT,SUCCESS,reservation-no-show-v1.0,reservation-no-show-feature-v1.0,29,5
RES-a8a82023a50503f3bc39635915b14398,2026-12-03 18:00:00,True,0.027406063001045495,2,True,HIGH,TOP_15_PERCENT_DAILY_COHORT,SUCCESS,reservation-no-show-v1.0,reservation-no-show-feature-v1.0,29,5
RES-7161e6623ed51cca43d6beb672f5057d,2026-12-20 18:00:00,True,0.006513752123344873,29,False,LOW,TOP_15_PERCENT_DAILY_COHORT,SUCCESS,reservation-no-show-v1.0,reservation-no-show-feature-v1.0,29,5
RES-78b48d2679460a02857979ec0cb2c699,2026-08-05 18:00:00,True,0.005796466878142031,29,False,LOW,TOP_15_PERCENT_DAILY_COHORT,SUCCESS,reservation-no-show-v1.0,reservation-no-show-feature-v1.0,29,5
RES-a0c86fce4f4762be2b834cfd04fe0f86,2026-08-22 18:00:00,True,0.00805536887966509,14,False,LOW,TOP_15_PERCENT_DAILY_COHORT,SUCCESS,reservation-no-show-v1.0,reservation-no-show-feature-v1.0,29,5
RES-49392557b2ddc13acc7d881a75fb8736,2026-09-08 18:00:00,True,0.015952751170003585,5,True,HIGH,TOP_15_PERCENT_DAILY_COHORT,SUCCESS,reservation-no-show-v1.0,reservation-no-show-feature-v1.0,29,5
RES-df2b5fce5e1d7b8e9badea0a5ee24f1c,2026-09-25 18:00:00,True,0.004815116968738063,28,False,LOW,TOP_15_PERCENT_DAILY_COHORT,SUCCESS,reservation-no-show-v1.0,reservation-no-show-feature-v1.0,29,5
RES-4fe2d734ae557fd544bfa89db1d51dee,2026-10-12 18:00:00,True,0.0067431582651854656,20,False,LOW,TOP_15_PERCENT_DAILY_COHORT,SUCCESS,reservation-no-show-v1.0,reservation-no-show-feature-v1.0,29,5
RES-09f907d649570aa772e7b63b3d87b081,2026-10-29 18:00:00,True,0.03637907301378477,1,True,HIGH,TOP_15_PERCENT_DAILY_COHORT,SUCCESS,reservation-no-show-v1.0,reservation-no-show-feature-v1.0,29,5
RES-998d06064136aa3da76610b7ea568388,2026-11-15 18:00:00,True,0.004874138037733026,17,False,LOW,TOP_15_PERCENT_DAILY_COHORT,SUCCESS,reservation-no-show-v1.0,reservation-no-show-feature-v1.0,29,5
RES-91af40bb4149e9736712a75b60e2754e,2026-12-02 18:00:00,True,0.006470113830115861,11,False,LOW,TOP_15_PERCENT_DAILY_COHORT,SUCCESS,reservation-no-show-v1.0,reservation-no-show-feature-v1.0,29,5
RES-9d9b350013736100a8764b6cecd93e01,2026-12-19 18:00:00,True,0.0231585778871505,6,False,LOW,TOP_15_PERCENT_DAILY_COHORT,SUCCESS,reservation-no-show-v1.0,reservation-no-show-feature-v1.0,29,5
RES-cf62f2edcd4195c4adfe83b27f1e18de,2026-08-04 18:00:00,True,0.015976399884256975,7,False,LOW,TOP_15_PERCENT_DAILY_COHORT,SUCCESS,reservation-no-show-v1.0,reservation-no-show-feature-v1.0,29,5
RES-196e033fc3eaefe185cf938d0890847d,2026-08-21 18:00:00,True,0.007880440689744188,15,False,LOW,TOP_15_PERCENT_DAILY_COHORT,SUCCESS,reservation-no-show-v1.0,reservation-no-show-feature-v1.0,29,5
RES-49813aab9e45f2654fb68d4b1eb5bae1,2026-09-07 18:00:00,True,0.008165965059207433,15,False,LOW,TOP_15_PERCENT_DAILY_COHORT,SUCCESS,reservation-no-show-v1.0,reservation-no-show-feature-v1.0,29,5
RES-3cc78b29f6f6f6b6d2ad19faf5a12222,2026-09-24 18:00:00,True,0.015570043180888029,8,False,LOW,TOP_15_PERCENT_DAILY_COHORT,SUCCESS,reservation-no-show-v1.0,reservation-no-show-feature-v1.0,29,5
RES-1ddcdb1834b8dbd303c04a7efd79901e,2026-10-11 18:00:00,True,0.0048814450372196205,27,False,LOW,TOP_15_PERCENT_DAILY_COHORT,SUCCESS,reservation-no-show-v1.0,reservation-no-show-feature-v1.0,29,5
RES-1256403affc59620fafeb5efe16f205b,2026-10-28 18:00:00,True,0.006579911942659048,22,False,LOW,TOP_15_PERCENT_DAILY_COHORT,SUCCESS,reservation-no-show-v1.0,reservation-no-show-feature-v1.0,29,5
RES-44d274ed36e8689d5e5b363e6b3ab684,2026-11-14 18:00:00,True,0.02544461737838972,2,True,HIGH,TOP_15_PERCENT_DAILY_COHORT,SUCCESS,reservation-no-show-v1.0,reservation-no-show-feature-v1.0,29,5
RES-e0ad5fd1fd21c89adbd358fac073c72a,2026-12-01 18:00:00,True,0.004306922591331395,23,False,LOW,TOP_15_PERCENT_DAILY_COHORT,SUCCESS,reservation-no-show-v1.0,reservation-no-show-feature-v1.0,29,5
RES-5f2b220cd7bd58ae913e140c838fdb8d,2026-12-18 18:00:00,True,0.004950887820977323,23,False,LOW,TOP_15_PERCENT_DAILY_COHORT,SUCCESS,reservation-no-show-v1.0,reservation-no-show-feature-v1.0,29,5
RES-eaee36e2e9e2bf20274e75be935c0c8c,2026-08-03 18:00:00,True,0.0045848777620785975,23,False,LOW,TOP_15_PERCENT_DAILY_COHORT,SUCCESS,reservation-no-show-v1.0,reservation-no-show-feature-v1.0,29,5
RES-4c8922efd48d6c79c94fdc324980a223,2026-08-20 18:00:00,True,0.015593133550222408,7,False,LOW,TOP_15_PERCENT_DAILY_COHORT,SUCCESS,reservation-no-show-v1.0,reservation-no-show-feature-v1.0,29,5
RES-678f4788ca3eca0140f9106e79caf7c7,2026-09-06 18:00:00,True,0.007988654534835625,13,False,LOW,TOP_15_PERCENT_DAILY_COHORT,SUCCESS,reservation-no-show-v1.0,reservation-no-show-feature-v1.0,29,5
RES-0b876f2be223a5b60cbae1c87a24f827,2026-09-23 18:00:00,True,0.007241562961202067,20,False,LOW,TOP_15_PERCENT_DAILY_COHORT,SUCCESS,reservation-no-show-v1.0,reservation-no-show-feature-v1.0,29,5
RES-529229dc52688abbdccaaac8cf87792e,2026-10-10 18:00:00,True,0.015829955762871644,5,True,HIGH,TOP_15_PERCENT_DAILY_COHORT,SUCCESS,reservation-no-show-v1.0,reservation-no-show-feature-v1.0,29,5
RES-f0396bad6150302cba1e6c3673b73ac0,2026-10-27 18:00:00,True,0.006350204476962639,15,False,LOW,TOP_15_PERCENT_DAILY_COHORT,SUCCESS,reservation-no-show-v1.0,reservation-no-show-feature-v1.0,29,5
RES-e1716b2c970aa1c9eb243d2c913cba6b,2026-11-13 18:00:00,True,0.007362873919772312,18,False,LOW,TOP_15_PERCENT_DAILY_COHORT,SUCCESS,reservation-no-show-v1.0,reservation-no-show-feature-v1.0,29,5
RES-a62dc4aa1a66315fb3962bd787bf1ff9,2026-11-30 18:00:00,True,0.025787752517391894,7,False,LOW,TOP_15_PERCENT_DAILY_COHORT,SUCCESS,reservation-no-show-v1.0,reservation-no-show-feature-v1.0,29,5
RES-8a250d1c7b2af21ede5c381b638a5d51,2026-12-17 18:00:00,True,0.004202405995771702,26,False,LOW,TOP_15_PERCENT_DAILY_COHORT,SUCCESS,reservation-no-show-v1.0,reservation-no-show-feature-v1.0,29,5
RES-e719c34a9ea5766cfea9d2960f5ea2a7,2026-08-02 18:00:00,True,0.009671702138802528,14,False,LOW,TOP_15_PERCENT_DAILY_COHORT,SUCCESS,reservation-no-show-v1.0,reservation-no-show-feature-v1.0,29,5
RES-915fb2dc361a0c563d57a9dadecb6b18,2026-08-19 18:00:00,True,0.005964939082245252,11,False,LOW,TOP_15_PERCENT_DAILY_COHORT,SUCCESS,reservation-no-show-v1.0,reservation-no-show-feature-v1.0,29,5
RES-32d96021ba613e03b4fa1c1c726245b2,2026-09-05 18:00:00,True,0.014417539548764199,10,False,LOW,TOP_15_PERCENT_DAILY_COHORT,SUCCESS,reservation-no-show-v1.0,reservation-no-show-feature-v1.0,29,5
RES-cccffbedc0b6e769851ea4a243550418,2026-09-22 18:00:00,True,0.007084180947216528,21,False,LOW,TOP_15_PERCENT_DAILY_COHORT,SUCCESS,reservation-no-show-v1.0,reservation-no-show-feature-v1.0,29,5
RES-1d4e55024662cf0f7dc0e713c9a17b82,2026-10-09 18:00:00,True,0.007363487157536459,22,False,LOW,TOP_15_PERCENT_DAILY_COHORT,SUCCESS,reservation-no-show-v1.0,reservation-no-show-feature-v1.0,29,5
RES-0e1cb5c0f27e118d3bbab5221047b6d2,2026-10-26 18:00:00,True,0.01866041039784643,2,True,HIGH,TOP_15_PERCENT_DAILY_COHORT,SUCCESS,reservation-no-show-v1.0,reservation-no-show-feature-v1.0,29,5
RES-50464d703a2ce18b2092ba4d16867434,2026-11-12 18:00:00,True,0.004632647302534743,28,False,LOW,TOP_15_PERCENT_DAILY_COHORT,SUCCESS,reservation-no-show-v1.0,reservation-no-show-feature-v1.0,29,5
RES-86dfbcf967c923c7251cf7bb3690efde,2026-11-29 18:00:00,True,0.00680448735455934,19,False,LOW,TOP_15_PERCENT_DAILY_COHORT,SUCCESS,reservation-no-show-v1.0,reservation-no-show-feature-v1.0,29,5
RES-f302c21563a01da39ff055dc98dd31cc,2026-12-16 18:00:00,True,0.022914618873134018,8,False,LOW,TOP_15_PERCENT_DAILY_COHORT,SUCCESS,reservation-no-show-v1.0,reservation-no-show-feature-v1.0,29,5
RES-fcb0a875f8e983bfed012d2714b0e771,2026-08-01 18:00:00,True,0.02345175303278055,6,False,LOW,TOP_15_PERCENT_DAILY_COHORT,SUCCESS,reservation-no-show-v1.0,reservation-no-show-feature-v1.0,29,5
RES-76fc2e235d7c93cad01a774809ea4388,2026-08-18 18:00:00,True,0.006437889719811828,29,False,LOW,TOP_15_PERCENT_DAILY_COHORT,SUCCESS,reservation-no-show-v1.0,reservation-no-show-feature-v1.0,29,5
RES-52916e9e393829e84834dbc5bd91db5b,2026-09-04 18:00:00,True,0.004132850647688052,29,False,LOW,TOP_15_PERCENT_DAILY_COHORT,SUCCESS,reservation-no-show-v1.0,reservation-no-show-feature-v1.0,29,5
RES-e0b1695fdf69aacd77e0c7c556ef4e7b,2026-09-21 18:00:00,True,0.019481322592272445,4,True,HIGH,TOP_15_PERCENT_DAILY_COHORT,SUCCESS,reservation-no-show-v1.0,reservation-no-show-feature-v1.0,29,5
RES-2cca3c17049b3d846e7021a48f8470b3,2026-10-08 18:00:00,True,0.005689262470340623,29,False,LOW,TOP_15_PERCENT_DAILY_COHORT,SUCCESS,reservation-no-show-v1.0,reservation-no-show-feature-v1.0,29,5
RES-804ad944019e0e69bfb54c6a82563619,2026-10-25 18:00:00,True,0.007488550595835813,24,False,LOW,TOP_15_PERCENT_DAILY_COHORT,SUCCESS,reservation-no-show-v1.0,reservation-no-show-feature-v1.0,29,5
RES-3156b845514789f59fc1bfe9e6659404,2026-11-11 18:00:00,True,0.01566066729308177,7,False,LOW,TOP_15_PERCENT_DAILY_COHORT,SUCCESS,reservation-no-show-v1.0,reservation-no-show-feature-v1.0,29,5
RES-bad48aa92346d0c1bbae1aea1fa6b2de,2026-11-28 18:00:00,True,0.0042935353213235635,29,False,LOW,TOP_15_PERCENT_DAILY_COHORT,SUCCESS,reservation-no-show-v1.0,reservation-no-show-feature-v1.0,29,5
RES-6aff3f0e9d3730d08bb5c1457dd5efa4,2026-12-15 18:00:00,True,0.006618561562916979,23,False,LOW,TOP_15_PERCENT_DAILY_COHORT,SUCCESS,reservation-no-show-v1.0,reservation-no-show-feature-v1.0,29,5
RES-d88558f314a70db36b4d0d13ccf9b45a,2026-07-31 18:00:00,True,0.005519424588766148,18,False,LOW,TOP_15_PERCENT_DAILY_COHORT,SUCCESS,reservation-no-show-v1.0,reservation-no-show-feature-v1.0,29,5
RES-bd5aa72a63fe1cff35ab3a8f41683f15,2026-08-17 18:00:00,True,0.02169988953875049,9,False,LOW,TOP_15_PERCENT_DAILY_COHORT,SUCCESS,reservation-no-show-v1.0,reservation-no-show-feature-v1.0,29,5
RES-eb35f98bb91328f1b377d1e19d707640,2026-09-03 18:00:00,True,0.0068912400119643,27,False,LOW,TOP_15_PERCENT_DAILY_COHORT,SUCCESS,reservation-no-show-v1.0,reservation-no-show-feature-v1.0,29,5
RES-9702b3aa3680abadc8634a6c31ac0112,2026-09-20 18:00:00,True,0.005604948684313298,13,False,LOW,TOP_15_PERCENT_DAILY_COHORT,SUCCESS,reservation-no-show-v1.0,reservation-no-show-feature-v1.0,29,5
RES-33607204fb50bcf7168e912bcc8292bc,2026-10-07 18:00:00,True,0.015683889916764133,9,False,LOW,TOP_15_PERCENT_DAILY_COHORT,SUCCESS,reservation-no-show-v1.0,reservation-no-show-feature-v1.0,29,5
RES-f6c8039effae94d23efad7a937d5d9f3,2026-10-24 18:00:00,True,0.0070291632347367315,19,False,LOW,TOP_15_PERCENT_DAILY_COHORT,SUCCESS,reservation-no-show-v1.0,reservation-no-show-feature-v1.0,29,5
RES-9831b1b46274d40d368b1e5fc9b8069e,2026-11-10 18:00:00,True,0.008819262919120859,10,False,LOW,TOP_15_PERCENT_DAILY_COHORT,SUCCESS,reservation-no-show-v1.0,reservation-no-show-feature-v1.0,29,5
RES-ab1207fd7edff030f9eaffa8254f91c7,2026-11-27 18:00:00,True,0.014526079860583296,10,False,LOW,TOP_15_PERCENT_DAILY_COHORT,SUCCESS,reservation-no-show-v1.0,reservation-no-show-feature-v1.0,29,5
RES-e0a83071b03d94bbffbc99dd10e7afa4,2026-12-14 18:00:00,True,0.00479108220866379,27,False,LOW,TOP_15_PERCENT_DAILY_COHORT,SUCCESS,reservation-no-show-v1.0,reservation-no-show-feature-v1.0,29,5
RES-299988a58e2190692bbfcb5f22838f17,2026-07-30 18:00:00,True,0.004270321971124674,25,False,LOW,TOP_15_PERCENT_DAILY_COHORT,SUCCESS,reservation-no-show-v1.0,reservation-no-show-feature-v1.0,29,5
RES-56426010d6f3af4c5c8290404e72afb9,2026-08-16 18:00:00,True,0.0051001234623405745,21,False,LOW,TOP_15_PERCENT_DAILY_COHORT,SUCCESS,reservation-no-show-v1.0,reservation-no-show-feature-v1.0,29,5
RES-027bf06062828b5edf5cfaf9f975e779,2026-09-02 18:00:00,True,0.023202877316673327,7,False,LOW,TOP_15_PERCENT_DAILY_COHORT,SUCCESS,reservation-no-show-v1.0,reservation-no-show-feature-v1.0,29,5
RES-eccd5834c23b48921c1021ec301629c3,2026-09-19 18:00:00,True,0.0077356374892154165,19,False,LOW,TOP_15_PERCENT_DAILY_COHORT,SUCCESS,reservation-no-show-v1.0,reservation-no-show-feature-v1.0,29,5
RES-6cdf1b6b078564533256e65df7e03d64,2026-10-06 18:00:00,True,0.004088133565574068,28,False,LOW,TOP_15_PERCENT_DAILY_COHORT,SUCCESS,reservation-no-show-v1.0,reservation-no-show-feature-v1.0,29,5
RES-7279d8d3c36864b9413f85804650a220,2026-10-23 18:00:00,True,0.014547644911478053,10,False,LOW,TOP_15_PERCENT_DAILY_COHORT,SUCCESS,reservation-no-show-v1.0,reservation-no-show-feature-v1.0,29,5
RES-b6b4913584d9947df6d24d0174b223fd,2026-11-09 18:00:00,True,0.007125771337189132,14,False,LOW,TOP_15_PERCENT_DAILY_COHORT,SUCCESS,reservation-no-show-v1.0,reservation-no-show-feature-v1.0,29,5
RES-2a0c9ddfe3e14c197bb00bddb40d68b9,2026-11-26 18:00:00,True,0.00645885040018455,28,False,LOW,TOP_15_PERCENT_DAILY_COHORT,SUCCESS,reservation-no-show-v1.0,reservation-no-show-feature-v1.0,29,5
RES-9951880a659bf42c46ccb22a46848204,2026-12-13 18:00:00,True,0.019565361358231684,2,True,HIGH,TOP_15_PERCENT_DAILY_COHORT,SUCCESS,reservation-no-show-v1.0,reservation-no-show-feature-v1.0,29,5
RES-ba25ed057d72bdff33c4ad8eeca11d61,2026-07-29 18:00:00,True,0.0211840146644854,10,False,LOW,TOP_15_PERCENT_DAILY_COHORT,SUCCESS,reservation-no-show-v1.0,reservation-no-show-feature-v1.0,29,5
RES-ee54911de06bda1c645f8e2202dc38b3,2026-08-15 18:00:00,True,0.004342439022499332,22,False,LOW,TOP_15_PERCENT_DAILY_COHORT,SUCCESS,reservation-no-show-v1.0,reservation-no-show-feature-v1.0,29,5
RES-54f9bebe66c7580bfd3f54a3f03feb7a,2026-09-01 18:00:00,True,0.005459787149006156,17,False,LOW,TOP_15_PERCENT_DAILY_COHORT,SUCCESS,reservation-no-show-v1.0,reservation-no-show-feature-v1.0,29,5
RES-47e3836637ac382d74f142d958c4e260,2026-09-18 18:00:00,True,0.019593692790076334,10,False,LOW,TOP_15_PERCENT_DAILY_COHORT,SUCCESS,reservation-no-show-v1.0,reservation-no-show-feature-v1.0,29,5
RES-bbb904faebe386df7982434dcb454002,2026-10-05 18:00:00,True,0.00784187862038002,18,False,LOW,TOP_15_PERCENT_DAILY_COHORT,SUCCESS,reservation-no-show-v1.0,reservation-no-show-feature-v1.0,29,5
RES-ed48816111120aaeedfcfdeee5ad4362,2026-10-22 18:00:00,True,0.005319472500390003,12,False,LOW,TOP_15_PERCENT_DAILY_COHORT,SUCCESS,reservation-no-show-v1.0,reservation-no-show-feature-v1.0,29,5
RES-f5840de39e97463650a27a4b36a24ecb,2026-11-08 18:00:00,True,0.01474605171519683,10,False,LOW,TOP_15_PERCENT_DAILY_COHORT,SUCCESS,reservation-no-show-v1.0,reservation-no-show-feature-v1.0,29,5
RES-2e413b5d2abd44cf55004ca60669b223,2026-11-25 18:00:00,True,0.0076516010053670576,14,False,LOW,TOP_15_PERCENT_DAILY_COHORT,SUCCESS,reservation-no-show-v1.0,reservation-no-show-feature-v1.0,29,5
RES-e135dc7e62c7f4e6cb4eb693b3a1072d,2026-12-12 18:00:00,True,0.00795309955038173,14,False,LOW,TOP_15_PERCENT_DAILY_COHORT,SUCCESS,reservation-no-show-v1.0,reservation-no-show-feature-v1.0,29,5
RES-c0def64afae07b962a9c8e5fc4fc6a58,2026-11-01 18:00:00,True,0.00680448735455934,21,False,LOW,TOP_15_PERCENT_DAILY_COHORT,SUCCESS,reservation-no-show-v1.0,reservation-no-show-feature-v1.0,29,5
RES-0bb0fbd64d90eb0de930daef768f424b,2026-07-28 18:00:00,True,0.007400803409364872,19,False,LOW,TOP_15_PERCENT_DAILY_COHORT,SUCCESS,reservation-no-show-v1.0,reservation-no-show-feature-v1.0,29,5
RES-ac78de56d0c61d336e4e790fb6b567c3,2026-08-14 18:00:00,True,0.021535591818033894,10,False,LOW,TOP_15_PERCENT_DAILY_COHORT,SUCCESS,reservation-no-show-v1.0,reservation-no-show-feature-v1.0,29,5
RES-943523a3d4ba7089b83ca1bf4e7d72ff,2026-08-31 18:00:00,True,0.005869929404779849,12,False,LOW,TOP_15_PERCENT_DAILY_COHORT,SUCCESS,reservation-no-show-v1.0,reservation-no-show-feature-v1.0,29,5
RES-594cf17676dc18a960bcc3503de6faa2,2026-09-17 18:00:00,True,0.004840234326763316,26,False,LOW,TOP_15_PERCENT_DAILY_COHORT,SUCCESS,reservation-no-show-v1.0,reservation-no-show-feature-v1.0,29,5
RES-b57da65aa5b378cb1351a879f1e0fe76,2026-10-04 18:00:00,True,0.02398110637534115,8,False,LOW,TOP_15_PERCENT_DAILY_COHORT,SUCCESS,reservation-no-show-v1.0,reservation-no-show-feature-v1.0,29,5
RES-22038596cf98b5a3d3a30f25cea50bfe,2026-10-21 18:00:00,True,0.006953906477113908,25,False,LOW,TOP_15_PERCENT_DAILY_COHORT,SUCCESS,reservation-no-show-v1.0,reservation-no-show-feature-v1.0,29,5
RES-727b40a51251ca24f88ff8038e94f5e7,2026-11-07 18:00:00,True,0.004056288931689668,28,False,LOW,TOP_15_PERCENT_DAILY_COHORT,SUCCESS,reservation-no-show-v1.0,reservation-no-show-feature-v1.0,29,5
RES-1a21e98a75380c177f16297dec2bbe54,2026-11-24 18:00:00,True,0.015825239464500353,9,False,LOW,TOP_15_PERCENT_DAILY_COHORT,SUCCESS,reservation-no-show-v1.0,reservation-no-show-feature-v1.0,29,5
RES-56870ea4c12bb4e1e855e16f8f1685ac,2026-12-11 18:00:00,True,0.007780374793889433,18,False,LOW,TOP_15_PERCENT_DAILY_COHORT,SUCCESS,reservation-no-show-v1.0,reservation-no-show-feature-v1.0,29,5
RES-5145074745c398dfa57697e876d37f7c,2026-08-13 18:00:00,True,0.008716060025938333,10,False,LOW,TOP_15_PERCENT_DAILY_COHORT,SUCCESS,reservation-no-show-v1.0,reservation-no-show-feature-v1.0,29,5
RES-a3098f41b73e8ab92ee1b03a7e2bf6d5,2026-08-30 18:00:00,True,0.026428876536818323,6,False,LOW,TOP_15_PERCENT_DAILY_COHORT,SUCCESS,reservation-no-show-v1.0,reservation-no-show-feature-v1.0,29,5
RES-567db5f80f24ef2b63f7a195357786e9,2026-09-16 18:00:00,True,0.0039022618593994554,29,False,LOW,TOP_15_PERCENT_DAILY_COHORT,SUCCESS,reservation-no-show-v1.0,reservation-no-show-feature-v1.0,29,5
RES-861059889fa867b9d68aa0bedad2a39d,2026-10-03 18:00:00,True,0.0059622653003564945,12,False,LOW,TOP_15_PERCENT_DAILY_COHORT,SUCCESS,reservation-no-show-v1.0,reservation-no-show-feature-v1.0,29,5
RES-1394aa07822caa111a4b3d9bfe53473a,2026-10-20 18:00:00,True,0.02341037935279812,7,False,LOW,TOP_15_PERCENT_DAILY_COHORT,SUCCESS,reservation-no-show-v1.0,reservation-no-show-feature-v1.0,29,5
RES-7ddece2457026308f53cd2e70d2a7dec,2026-11-06 18:00:00,True,0.0077810225318194585,20,False,LOW,TOP_15_PERCENT_DAILY_COHORT,SUCCESS,reservation-no-show-v1.0,reservation-no-show-feature-v1.0,29,5
RES-a0346021766c06801186890a9a4da3ee,2026-11-23 18:00:00,True,0.004125415474401787,28,False,LOW,TOP_15_PERCENT_DAILY_COHORT,SUCCESS,reservation-no-show-v1.0,reservation-no-show-feature-v1.0,29,5
RES-c8aeac3da33bae9014fd2fdc7167e8d4,2026-12-10 18:00:00,True,0.018609601171752536,4,True,HIGH,TOP_15_PERCENT_DAILY_COHORT,SUCCESS,reservation-no-show-v1.0,reservation-no-show-feature-v1.0,29,5
RES-626e4b2d36aca607b5c45076c66fafd9,2026-08-12 18:00:00,True,0.006313111990251152,12,False,LOW,TOP_15_PERCENT_DAILY_COHORT,SUCCESS,reservation-no-show-v1.0,reservation-no-show-feature-v1.0,29,5
RES-c278e8b8aabcc6d65b9762714cd204f8,2026-08-29 18:00:00,True,0.007343344905052837,16,False,LOW,TOP_15_PERCENT_DAILY_COHORT,SUCCESS,reservation-no-show-v1.0,reservation-no-show-feature-v1.0,29,5
RES-3a4aad6883ca23e437b6c98b2c0c8031,2026-09-15 18:00:00,True,0.02130660720173822,10,False,LOW,TOP_15_PERCENT_DAILY_COHORT,SUCCESS,reservation-no-show-v1.0,reservation-no-show-feature-v1.0,29,5
RES-e4734858d155ef41c93c2708553545fd,2026-10-02 18:00:00,True,0.005291881463046812,13,False,LOW,TOP_15_PERCENT_DAILY_COHORT,SUCCESS,reservation-no-show-v1.0,reservation-no-show-feature-v1.0,29,5
RES-bc9e8040fbf9794bf8caf49f425ab086,2026-10-19 18:00:00,True,0.006063675389544377,12,False,LOW,TOP_15_PERCENT_DAILY_COHORT,SUCCESS,reservation-no-show-v1.0,reservation-no-show-feature-v1.0,29,5
RES-6a7cc2fb7c3d34bf2647579f32d6427a,2026-11-05 18:00:00,True,0.026381260203529336,2,True,HIGH,TOP_15_PERCENT_DAILY_COHORT,SUCCESS,reservation-no-show-v1.0,reservation-no-show-feature-v1.0,29,5
RES-bce3ff18d3606bac4748d35bcd2a0c41,2026-11-22 18:00:00,True,0.006534623209253842,29,False,LOW,TOP_15_PERCENT_DAILY_COHORT,SUCCESS,reservation-no-show-v1.0,reservation-no-show-feature-v1.0,29,5
RES-72590800cec742e15a4877f7812b2193,2026-12-09 18:00:00,True,0.004861427331237706,15,False,LOW,TOP_15_PERCENT_DAILY_COHORT,SUCCESS,reservation-no-show-v1.0,reservation-no-show-feature-v1.0,29,5
RES-ffec1aeb540f6639d2efe7c8596d49ac,2026-08-11 18:00:00,True,0.014554112441465957,6,False,LOW,TOP_15_PERCENT_DAILY_COHORT,SUCCESS,reservation-no-show-v1.0,reservation-no-show-feature-v1.0,29,5
RES-58eb285fe6e9c31cd30c01779ce19743,2026-08-28 18:00:00,True,0.004830571824251446,28,False,LOW,TOP_15_PERCENT_DAILY_COHORT,SUCCESS,reservation-no-show-v1.0,reservation-no-show-feature-v1.0,29,5
RES-80a26300b26bdae023b9ef681f1a5963,2026-09-14 18:00:00,True,0.006146916052745707,26,False,LOW,TOP_15_PERCENT_DAILY_COHORT,SUCCESS,reservation-no-show-v1.0,reservation-no-show-feature-v1.0,29,5
RES-52b597087b500b24cf8057f105aff377,2026-10-01 18:00:00,True,0.020732697269896978,10,False,LOW,TOP_15_PERCENT_DAILY_COHORT,SUCCESS,reservation-no-show-v1.0,reservation-no-show-feature-v1.0,29,5
RES-487527127f669a59cc57f877270aa562,2026-10-18 18:00:00,True,0.0040358191202304215,29,False,LOW,TOP_15_PERCENT_DAILY_COHORT,SUCCESS,reservation-no-show-v1.0,reservation-no-show-feature-v1.0,29,5
RES-5af7f239e864f7741038c78ae419025f,2026-11-04 18:00:00,True,0.004423271534338238,25,False,LOW,TOP_15_PERCENT_DAILY_COHORT,SUCCESS,reservation-no-show-v1.0,reservation-no-show-feature-v1.0,29,5
RES-da6301a8f3e33cb8e8acb32cbc524d1c,2026-11-21 18:00:00,True,0.019236248919176555,10,False,LOW,TOP_15_PERCENT_DAILY_COHORT,SUCCESS,reservation-no-show-v1.0,reservation-no-show-feature-v1.0,29,5
RES-d01dec3a756c843adcb105729999f950,2026-12-08 18:00:00,True,0.006356023995754527,29,False,LOW,TOP_15_PERCENT_DAILY_COHORT,SUCCESS,reservation-no-show-v1.0,reservation-no-show-feature-v1.0,29,5
RES-942dc39cf77214acf4b95ba127056f8a,2026-08-10 18:00:00,True,0.009013631105958413,15,False,LOW,TOP_15_PERCENT_DAILY_COHORT,SUCCESS,reservation-no-show-v1.0,reservation-no-show-feature-v1.0,30,5
RES-3ccbd4c5efea429e2a7425081ab015c0,2026-08-27 18:00:00,True,0.012915977527715429,10,False,LOW,TOP_15_PERCENT_DAILY_COHORT,SUCCESS,reservation-no-show-v1.0,reservation-no-show-feature-v1.0,30,5
RES-22309657fbc7f848834e1e2ce4b664f4,2026-09-13 18:00:00,True,0.004449081502931995,30,False,LOW,TOP_15_PERCENT_DAILY_COHORT,SUCCESS,reservation-no-show-v1.0,reservation-no-show-feature-v1.0,30,5
RES-dc44402e77a6404f0796f0d4c682d9f8,2026-09-30 18:00:00,True,0.0072409598033237104,18,False,LOW,TOP_15_PERCENT_DAILY_COHORT,SUCCESS,reservation-no-show-v1.0,reservation-no-show-feature-v1.0,30,5
RES-eda7724ffec7092352c5d4a6ebed4e3c,2026-10-17 18:00:00,True,0.025524587524976074,6,False,LOW,TOP_15_PERCENT_DAILY_COHORT,SUCCESS,reservation-no-show-v1.0,reservation-no-show-feature-v1.0,30,5
RES-a5e84aa814728cacac6510031b149b73,2026-11-03 18:00:00,True,0.0052346896876453,15,False,LOW,TOP_15_PERCENT_DAILY_COHORT,SUCCESS,reservation-no-show-v1.0,reservation-no-show-feature-v1.0,30,5
RES-ceb46afc7f56cf4c65fea738687fda49,2026-11-20 18:00:00,True,0.0045124014317006024,28,False,LOW,TOP_15_PERCENT_DAILY_COHORT,SUCCESS,reservation-no-show-v1.0,reservation-no-show-feature-v1.0,30,5
RES-02da40b85c36940097269ba12cf4c7b9,2026-12-07 18:00:00,True,0.02354554600296092,4,True,HIGH,TOP_15_PERCENT_DAILY_COHORT,SUCCESS,reservation-no-show-v1.0,reservation-no-show-feature-v1.0,30,5
RES-afc25c166c1760e11ce2b7d10cfebd45,2026-12-24 18:00:00,True,0.006202091354005601,30,False,LOW,TOP_15_PERCENT_DAILY_COHORT,SUCCESS,reservation-no-show-v1.0,reservation-no-show-feature-v1.0,30,5
RES-358200567ef913fd257419c0f349a4ca,2026-08-09 18:00:00,True,0.0066182223411103734,28,False,LOW,TOP_15_PERCENT_DAILY_COHORT,SUCCESS,reservation-no-show-v1.0,reservation-no-show-feature-v1.0,29,5
RES-213fc86a309d0240a95dd6b5e3805c65,2026-08-26 18:00:00,True,0.007994045072485752,20,False,LOW,TOP_15_PERCENT_DAILY_COHORT,SUCCESS,reservation-no-show-v1.0,reservation-no-show-feature-v1.0,29,5
RES-0e571213679dcae102f31e5cf42a97d7,2026-09-12 18:00:00,True,0.015880200288767535,3,True,HIGH,TOP_15_PERCENT_DAILY_COHORT,SUCCESS,reservation-no-show-v1.0,reservation-no-show-feature-v1.0,29,5
RES-c58c9943a766dce397653e230b216141,2026-09-29 18:00:00,True,0.0047783416828554035,28,False,LOW,TOP_15_PERCENT_DAILY_COHORT,SUCCESS,reservation-no-show-v1.0,reservation-no-show-feature-v1.0,29,5
RES-c92076e803d0775c120bd7202fb3c87c,2026-10-16 18:00:00,True,0.0060991326864821924,29,False,LOW,TOP_15_PERCENT_DAILY_COHORT,SUCCESS,reservation-no-show-v1.0,reservation-no-show-feature-v1.0,29,5
RES-d47814f4d568a209b106febadd0e4df7,2026-11-02 18:00:00,True,0.028412243692243384,4,True,HIGH,TOP_15_PERCENT_DAILY_COHORT,SUCCESS,reservation-no-show-v1.0,reservation-no-show-feature-v1.0,29,5
RES-a5e04d581ed3eaa4019f45c33391a9b8,2026-11-19 18:00:00,True,0.0046405607581911056,22,False,LOW,TOP_15_PERCENT_DAILY_COHORT,SUCCESS,reservation-no-show-v1.0,reservation-no-show-feature-v1.0,29,5
RES-6f2382fc5e1423b3e9af7bfd04ccc9ad,2026-12-06 18:00:00,True,0.005541905984847382,17,False,LOW,TOP_15_PERCENT_DAILY_COHORT,SUCCESS,reservation-no-show-v1.0,reservation-no-show-feature-v1.0,29,5
RES-490e2b37bfdf8e18afa1faaee79248e3,2026-12-23 18:00:00,True,0.019031237333167764,10,False,LOW,TOP_15_PERCENT_DAILY_COHORT,SUCCESS,reservation-no-show-v1.0,reservation-no-show-feature-v1.0,29,5
RES-8fa0df464b434c995e0ddb094124dded,2026-08-08 18:00:00,True,0.015903743190169073,8,False,LOW,TOP_15_PERCENT_DAILY_COHORT,SUCCESS,reservation-no-show-v1.0,reservation-no-show-feature-v1.0,29,5
RES-b25506465bf4eff7460ae64f544f403c,2026-08-25 18:00:00,True,0.006457980949288129,23,False,LOW,TOP_15_PERCENT_DAILY_COHORT,SUCCESS,reservation-no-show-v1.0,reservation-no-show-feature-v1.0,29,5
RES-c99d1912cac8fcaa390cec65655414c1,2026-09-11 18:00:00,True,0.00738706068358771,20,False,LOW,TOP_15_PERCENT_DAILY_COHORT,SUCCESS,reservation-no-show-v1.0,reservation-no-show-feature-v1.0,29,5
RES-695216c50edd8891d7b4d9ce6e9a7e07,2026-09-28 18:00:00,True,0.014685431888248586,8,False,LOW,TOP_15_PERCENT_DAILY_COHORT,SUCCESS,reservation-no-show-v1.0,reservation-no-show-feature-v1.0,29,5
RES-566e490f16790fed1f13221931cc37c9,2026-10-15 18:00:00,True,0.004647519228758806,25,False,LOW,TOP_15_PERCENT_DAILY_COHORT,SUCCESS,reservation-no-show-v1.0,reservation-no-show-feature-v1.0,29,5
RES-2436e9916abb6507d0b3ca6b6da1a884,2026-11-18 18:00:00,True,0.02525428325448298,5,True,HIGH,TOP_15_PERCENT_DAILY_COHORT,SUCCESS,reservation-no-show-v1.0,reservation-no-show-feature-v1.0,29,5
RES-f8b69edbfb5a0eadd9d52f98a1d6afe7,2026-12-05 18:00:00,True,0.004287104568283302,27,False,LOW,TOP_15_PERCENT_DAILY_COHORT,SUCCESS,reservation-no-show-v1.0,reservation-no-show-feature-v1.0,29,5
RES-fb8aefeb9045bc303fbfb3b3b3469e3d,2026-12-22 18:00:00,True,0.005951558601684336,11,False,LOW,TOP_15_PERCENT_DAILY_COHORT,SUCCESS,reservation-no-show-v1.0,reservation-no-show-feature-v1.0,29,5
RES-607c582b1b3fee432db4a90019ce92d8,2026-08-07 18:00:00,True,0.0050233095608139145,19,False,LOW,TOP_15_PERCENT_DAILY_COHORT,SUCCESS,reservation-no-show-v1.0,reservation-no-show-feature-v1.0,29,5
RES-4e584fde2e81e0ed281818fc64cce728,2026-08-24 18:00:00,True,0.01777890981527635,7,False,LOW,TOP_15_PERCENT_DAILY_COHORT,SUCCESS,reservation-no-show-v1.0,reservation-no-show-feature-v1.0,29,5
RES-340f60670fcf2590171ee964a3ed6958,2026-09-10 18:00:00,True,0.006912736203849654,16,False,LOW,TOP_15_PERCENT_DAILY_COHORT,SUCCESS,reservation-no-show-v1.0,reservation-no-show-feature-v1.0,29,5
RES-9e0642223abe4b596d01f7f267145326,2026-09-27 18:00:00,True,0.008266483871975353,17,False,LOW,TOP_15_PERCENT_DAILY_COHORT,SUCCESS,reservation-no-show-v1.0,reservation-no-show-feature-v1.0,29,5
RES-7a7f83b158ae3d60ed0c8a80af66511c,2026-10-14 18:00:00,True,0.01571038307208917,2,True,HIGH,TOP_15_PERCENT_DAILY_COHORT,SUCCESS,reservation-no-show-v1.0,reservation-no-show-feature-v1.0,29,5
RES-db80b2dc058493ffde227148fe13abf2,2026-10-31 18:00:00,True,0.0042935353213235635,29,False,LOW,TOP_15_PERCENT_DAILY_COHORT,SUCCESS,reservation-no-show-v1.0,reservation-no-show-feature-v1.0,29,5
RES-b38774a2b08cea7337921b51df3b0cd4,2026-11-17 18:00:00,True,0.006639766230323446,24,False,LOW,TOP_15_PERCENT_DAILY_COHORT,SUCCESS,reservation-no-show-v1.0,reservation-no-show-feature-v1.0,29,5
RES-c48c2315e54292974b1bd0750e298e5b,2026-12-04 18:00:00,True,0.028196290079516826,3,True,HIGH,TOP_15_PERCENT_DAILY_COHORT,SUCCESS,reservation-no-show-v1.0,reservation-no-show-feature-v1.0,29,5
RES-a9e091f685f3f7906ab8dc46344b9e25,2026-12-21 18:00:00,True,0.003961047779092182,29,False,LOW,TOP_15_PERCENT_DAILY_COHORT,SUCCESS,reservation-no-show-v1.0,reservation-no-show-feature-v1.0,29,5
RES-d4d976471672b93285bd07eee89075df,2026-08-06 18:00:00,True,0.006913312211731343,26,False,LOW,TOP_15_PERCENT_DAILY_COHORT,SUCCESS,reservation-no-show-v1.0,reservation-no-show-feature-v1.0,29,5
RES-059e645696e4c03a61cfa1e3ab79d2b3,2026-08-23 18:00:00,True,0.004216775815307478,27,False,LOW,TOP_15_PERCENT_DAILY_COHORT,SUCCESS,reservation-no-show-v1.0,reservation-no-show-feature-v1.0,29,5
RES-d7009fc5f92d79ce6a552362a45b0809,2026-09-09 18:00:00,True,0.015733678239092115,7,False,LOW,TOP_15_PERCENT_DAILY_COHORT,SUCCESS,reservation-no-show-v1.0,reservation-no-show-feature-v1.0,29,5
RES-b7fb298942ca76fe7fcad89451f62141,2026-09-26 18:00:00,True,0.007759747071879697,14,False,LOW,TOP_15_PERCENT_DAILY_COHORT,SUCCESS,reservation-no-show-v1.0,reservation-no-show-feature-v1.0,29,5
RES-a2ba4400663927326f2f7a7c1dca3a8a,2026-10-13 18:00:00,True,0.009734078838092523,13,False,LOW,TOP_15_PERCENT_DAILY_COHORT,SUCCESS,reservation-no-show-v1.0,reservation-no-show-feature-v1.0,29,5
RES-58932475b773c6f43d5b637f80527b1d,2026-10-30 18:00:00,True,0.017616239173437596,5,True,HIGH,TOP_15_PERCENT_DAILY_COHORT,SUCCESS,reservation-no-show-v1.0,reservation-no-show-feature-v1.0,29,5
RES-e15705756d2634374d87665064792f80,2026-11-16 18:00:00,True,0.004806460293512916,28,False,LOW,TOP_15_PERCENT_DAILY_COHORT,SUCCESS,reservation-no-show-v1.0,reservation-no-show-feature-v1.0,29,5
RES-5af54e2de81bced785bacb2eaf70eea6,2026-12-03 18:00:00,True,0.007820838431743256,14,False,LOW,TOP_15_PERCENT_DAILY_COHORT,SUCCESS,reservation-no-show-v1.0,reservation-no-show-feature-v1.0,29,5
RES-545f32e3f49867366961ac2c3a300f9a,2026-12-20 18:00:00,True,0.028664965662578056,3,True,HIGH,TOP_15_PERCENT_DAILY_COHORT,SUCCESS,reservation-no-show-v1.0,reservation-no-show-feature-v1.0,29,5
RES-44016bc15b03e1ec30a2573165c8557f,2026-08-05 18:00:00,True,0.023275970150203197,5,True,HIGH,TOP_15_PERCENT_DAILY_COHORT,SUCCESS,reservation-no-show-v1.0,reservation-no-show-feature-v1.0,29,5
RES-0d2c7cf9ee5587bb4b7d52e9387ca425,2026-08-22 18:00:00,True,0.006408329299397326,29,False,LOW,TOP_15_PERCENT_DAILY_COHORT,SUCCESS,reservation-no-show-v1.0,reservation-no-show-feature-v1.0,29,5
RES-f39fe9597f085c3d3d9c217e9e395870,2026-09-08 18:00:00,True,0.004514427974013743,19,False,LOW,TOP_15_PERCENT_DAILY_COHORT,SUCCESS,reservation-no-show-v1.0,reservation-no-show-feature-v1.0,29,5
RES-f8fb3d55535c7f1f1ac70c20a182fc19,2026-09-25 18:00:00,True,0.01764230966834298,6,False,LOW,TOP_15_PERCENT_DAILY_COHORT,SUCCESS,reservation-no-show-v1.0,reservation-no-show-feature-v1.0,29,5
RES-9e9b3a8b3e06a096a9019d8e2c1c2f6f,2026-10-12 18:00:00,True,0.006495919044636758,27,False,LOW,TOP_15_PERCENT_DAILY_COHORT,SUCCESS,reservation-no-show-v1.0,reservation-no-show-feature-v1.0,29,5
RES-f27e4970d90b53c17f649e6edd9b5bf4,2026-10-29 18:00:00,True,0.00784651769992123,18,False,LOW,TOP_15_PERCENT_DAILY_COHORT,SUCCESS,reservation-no-show-v1.0,reservation-no-show-feature-v1.0,29,5
RES-28ca70b7ec5d8cfb143dafed9e63e425,2026-11-15 18:00:00,True,0.01557800258480778,7,False,LOW,TOP_15_PERCENT_DAILY_COHORT,SUCCESS,reservation-no-show-v1.0,reservation-no-show-feature-v1.0,29,5
RES-0db4f867fee79216ce0c760d5a89f448,2026-12-02 18:00:00,True,0.006232823015511681,16,False,LOW,TOP_15_PERCENT_DAILY_COHORT,SUCCESS,reservation-no-show-v1.0,reservation-no-show-feature-v1.0,29,5
RES-0dab37e1d81e6c08cf13d904aaa78b53,2026-12-19 18:00:00,True,0.008778134653566968,12,False,LOW,TOP_15_PERCENT_DAILY_COHORT,SUCCESS,reservation-no-show-v1.0,reservation-no-show-feature-v1.0,29,5
RES-f8daa1f2ab5ed83d180b4f151787c8be,2026-08-04 18:00:00,True,0.008033584173906469,11,False,LOW,TOP_15_PERCENT_DAILY_COHORT,SUCCESS,reservation-no-show-v1.0,reservation-no-show-feature-v1.0,29,5
RES-d4b5c678092713856af324d7a8ace182,2026-08-21 18:00:00,True,0.02373592907467498,5,True,HIGH,TOP_15_PERCENT_DAILY_COHORT,SUCCESS,reservation-no-show-v1.0,reservation-no-show-feature-v1.0,29,5
RES-5720f741d0aab0bdbce90d9c69ce4b6b,2026-09-07 18:00:00,True,0.00865619655886834,12,False,LOW,TOP_15_PERCENT_DAILY_COHORT,SUCCESS,reservation-no-show-v1.0,reservation-no-show-feature-v1.0,29,5
RES-fc3b02ca50bd7401a9db73338b9b6cb5,2026-09-24 18:00:00,True,0.004404898098063159,22,False,LOW,TOP_15_PERCENT_DAILY_COHORT,SUCCESS,reservation-no-show-v1.0,reservation-no-show-feature-v1.0,29,5
RES-484bcd4456af78e57c0d428a9e8dedcd,2026-10-11 18:00:00,True,0.017882156909344596,7,False,LOW,TOP_15_PERCENT_DAILY_COHORT,SUCCESS,reservation-no-show-v1.0,reservation-no-show-feature-v1.0,29,5
RES-cc3fe9e2b4c88025f7f802dfebe80a3b,2026-10-28 18:00:00,True,0.006975596774616463,16,False,LOW,TOP_15_PERCENT_DAILY_COHORT,SUCCESS,reservation-no-show-v1.0,reservation-no-show-feature-v1.0,29,5
RES-680e363400430a3ee8288472723455bb,2026-11-14 18:00:00,True,0.006588726207935242,25,False,LOW,TOP_15_PERCENT_DAILY_COHORT,SUCCESS,reservation-no-show-v1.0,reservation-no-show-feature-v1.0,29,5
RES-60cc1426952751bd66b850c1219cacb2,2026-12-01 18:00:00,True,0.014370531676289057,9,False,LOW,TOP_15_PERCENT_DAILY_COHORT,SUCCESS,reservation-no-show-v1.0,reservation-no-show-feature-v1.0,29,5
RES-66020091dc792ce413e00431eea68858,2026-12-18 18:00:00,True,0.005777257273285345,16,False,LOW,TOP_15_PERCENT_DAILY_COHORT,SUCCESS,reservation-no-show-v1.0,reservation-no-show-feature-v1.0,29,5
RES-3227fc7daa0d38f27641a70f360a74ba,2026-08-03 18:00:00,True,0.0058887498090791955,12,False,LOW,TOP_15_PERCENT_DAILY_COHORT,SUCCESS,reservation-no-show-v1.0,reservation-no-show-feature-v1.0,29,5
RES-7d72637706b6b6e5c5da6da4dad66e0f,2026-08-20 18:00:00,True,0.005344533958134545,23,False,LOW,TOP_15_PERCENT_DAILY_COHORT,SUCCESS,reservation-no-show-v1.0,reservation-no-show-feature-v1.0,29,5
RES-8950e2f9a0e454e32f4fb5aadce4d2dd,2026-09-06 18:00:00,True,0.03186690819315689,3,True,HIGH,TOP_15_PERCENT_DAILY_COHORT,SUCCESS,reservation-no-show-v1.0,reservation-no-show-feature-v1.0,29,5
RES-3ee01ca444a112905c9169ea0a399153,2026-09-23 18:00:00,True,0.006339148458103697,29,False,LOW,TOP_15_PERCENT_DAILY_COHORT,SUCCESS,reservation-no-show-v1.0,reservation-no-show-feature-v1.0,29,5
RES-5339a1f20c213292db88c3813fa47338,2026-10-10 18:00:00,True,0.004479277642676701,23,False,LOW,TOP_15_PERCENT_DAILY_COHORT,SUCCESS,reservation-no-show-v1.0,reservation-no-show-feature-v1.0,29,5
RES-d55b3ab471adb8fe37cbc053289d7213,2026-10-27 18:00:00,True,0.017453983279402133,5,True,HIGH,TOP_15_PERCENT_DAILY_COHORT,SUCCESS,reservation-no-show-v1.0,reservation-no-show-feature-v1.0,29,5
RES-947a9314389abca2beadab68cdbb490c,2026-11-13 18:00:00,True,0.0078052724529126885,16,False,LOW,TOP_15_PERCENT_DAILY_COHORT,SUCCESS,reservation-no-show-v1.0,reservation-no-show-feature-v1.0,29,5
RES-c05b19a869e2f5982759b5e815d94667,2026-11-30 18:00:00,True,0.007350282829908609,24,False,LOW,TOP_15_PERCENT_DAILY_COHORT,SUCCESS,reservation-no-show-v1.0,reservation-no-show-feature-v1.0,29,5
RES-a9b2645639561c19b50acfb26118ddef,2026-12-17 18:00:00,True,0.016956934451698567,5,True,HIGH,TOP_15_PERCENT_DAILY_COHORT,SUCCESS,reservation-no-show-v1.0,reservation-no-show-feature-v1.0,29,5
RES-dbfc3c455326cab86a66fb2596cc2b64,2026-08-02 18:00:00,True,0.021896048540709496,10,False,LOW,TOP_15_PERCENT_DAILY_COHORT,SUCCESS,reservation-no-show-v1.0,reservation-no-show-feature-v1.0,29,5
RES-491b3095226bd2e84ff123ce9fe3f712,2026-08-19 18:00:00,True,0.003914798292257997,29,False,LOW,TOP_15_PERCENT_DAILY_COHORT,SUCCESS,reservation-no-show-v1.0,reservation-no-show-feature-v1.0,29,5
RES-d34ed7bacec4029bd4f89512b9c69d6f,2026-09-05 18:00:00,True,0.005434693249817026,18,False,LOW,TOP_15_PERCENT_DAILY_COHORT,SUCCESS,reservation-no-show-v1.0,reservation-no-show-feature-v1.0,29,5
RES-8c713354a758fb5422deac947dade2d3,2026-09-22 18:00:00,True,0.019446252187964117,10,False,LOW,TOP_15_PERCENT_DAILY_COHORT,SUCCESS,reservation-no-show-v1.0,reservation-no-show-feature-v1.0,29,5
RES-5008bf5f161f509661a17f821c3c9fc8,2026-10-09 18:00:00,True,0.007805922247335371,17,False,LOW,TOP_15_PERCENT_DAILY_COHORT,SUCCESS,reservation-no-show-v1.0,reservation-no-show-feature-v1.0,29,5
RES-d8b230a065ff6b59209fd70531d45ef8,2026-10-26 18:00:00,True,0.005014280480323151,18,False,LOW,TOP_15_PERCENT_DAILY_COHORT,SUCCESS,reservation-no-show-v1.0,reservation-no-show-feature-v1.0,29,5
RES-8e652dc3491a5fef083b6b81cdea7998,2026-11-12 18:00:00,True,0.020518938655585926,3,True,HIGH,TOP_15_PERCENT_DAILY_COHORT,SUCCESS,reservation-no-show-v1.0,reservation-no-show-feature-v1.0,29,5
RES-c9c52065e72a2c45d03f3934209c0383,2026-11-29 18:00:00,True,0.006555014330874124,20,False,LOW,TOP_15_PERCENT_DAILY_COHORT,SUCCESS,reservation-no-show-v1.0,reservation-no-show-feature-v1.0,29,5
RES-90775ceca51c86fea56e50af6f328cf4,2026-12-16 18:00:00,True,0.008684316542926526,14,False,LOW,TOP_15_PERCENT_DAILY_COHORT,SUCCESS,reservation-no-show-v1.0,reservation-no-show-feature-v1.0,29,5
RES-4e041785edb5c68e350d9cd817222fc3,2026-08-01 18:00:00,True,0.00667301284437434,24,False,LOW,TOP_15_PERCENT_DAILY_COHORT,SUCCESS,reservation-no-show-v1.0,reservation-no-show-feature-v1.0,29,5
RES-e2ae7d46fdb041a98ece0e5373d0f573,2026-08-18 18:00:00,True,0.02137385718716621,10,False,LOW,TOP_15_PERCENT_DAILY_COHORT,SUCCESS,reservation-no-show-v1.0,reservation-no-show-feature-v1.0,29,5
RES-54c5947aeb7d3f854aa6136a986fe241,2026-09-04 18:00:00,True,0.005308858404057486,15,False,LOW,TOP_15_PERCENT_DAILY_COHORT,SUCCESS,reservation-no-show-v1.0,reservation-no-show-feature-v1.0,29,5
RES-9f8489d2ee3db6f0682ad6687c26a260,2026-09-21 18:00:00,True,0.004562411336404186,26,False,LOW,TOP_15_PERCENT_DAILY_COHORT,SUCCESS,reservation-no-show-v1.0,reservation-no-show-feature-v1.0,29,5
RES-93731d6acb535a0293e21295c226e49c,2026-10-08 18:00:00,True,0.022852917046469395,6,False,LOW,TOP_15_PERCENT_DAILY_COHORT,SUCCESS,reservation-no-show-v1.0,reservation-no-show-feature-v1.0,29,5
RES-f484e40d5dde2691956405bbce08dc5e,2026-10-25 18:00:00,True,0.007214179921014367,25,False,LOW,TOP_15_PERCENT_DAILY_COHORT,SUCCESS,reservation-no-show-v1.0,reservation-no-show-feature-v1.0,29,5
RES-54eea3531cf97239359ba85595469c46,2026-11-11 18:00:00,True,0.004430828927854897,24,False,LOW,TOP_15_PERCENT_DAILY_COHORT,SUCCESS,reservation-no-show-v1.0,reservation-no-show-feature-v1.0,29,5
RES-4f5e9279ead9059b7e7488cb4ab74d26,2026-11-28 18:00:00,True,0.01731983560886393,6,False,LOW,TOP_15_PERCENT_DAILY_COHORT,SUCCESS,reservation-no-show-v1.0,reservation-no-show-feature-v1.0,29,5
RES-fac8b3fea004497622af049355697533,2026-12-15 18:00:00,True,0.005793329941497163,29,False,LOW,TOP_15_PERCENT_DAILY_COHORT,SUCCESS,reservation-no-show-v1.0,reservation-no-show-feature-v1.0,29,5
RES-96d0d50f00e7bd422d5abf04cfaa1235,2026-07-31 18:00:00,True,0.005316813626856756,21,False,LOW,TOP_15_PERCENT_DAILY_COHORT,SUCCESS,reservation-no-show-v1.0,reservation-no-show-feature-v1.0,29,5
RES-ebdc3e64aacf4e18bfce6c3c21b35dd6,2026-08-17 18:00:00,True,0.0067864292581797355,22,False,LOW,TOP_15_PERCENT_DAILY_COHORT,SUCCESS,reservation-no-show-v1.0,reservation-no-show-feature-v1.0,29,5
RES-fbdee6b554c2cc9b6f8578f4d63167b4,2026-09-03 18:00:00,True,0.020798174319626977,10,False,LOW,TOP_15_PERCENT_DAILY_COHORT,SUCCESS,reservation-no-show-v1.0,reservation-no-show-feature-v1.0,29,5
RES-09dfb985b84218b42b021c04f39c5a0f,2026-09-20 18:00:00,True,0.004048782876044451,29,False,LOW,TOP_15_PERCENT_DAILY_COHORT,SUCCESS,reservation-no-show-v1.0,reservation-no-show-feature-v1.0,29,5
RES-311a7a0a23650883d187bea24a054ff0,2026-10-07 18:00:00,True,0.005916780799121408,12,False,LOW,TOP_15_PERCENT_DAILY_COHORT,SUCCESS,reservation-no-show-v1.0,reservation-no-show-feature-v1.0,29,5
RES-c0798e64e79cfa6c9a53e0e86bb906a5,2026-10-24 18:00:00,True,0.02330471544373741,6,False,LOW,TOP_15_PERCENT_DAILY_COHORT,SUCCESS,reservation-no-show-v1.0,reservation-no-show-feature-v1.0,29,5
RES-f02b4851c33877cc71d5c93d070ea4c0,2026-11-10 18:00:00,True,0.007017138782043031,25,False,LOW,TOP_15_PERCENT_DAILY_COHORT,SUCCESS,reservation-no-show-v1.0,reservation-no-show-feature-v1.0,29,5
RES-14db32721d4c637a8b3312be45aa00d3,2026-11-27 18:00:00,True,0.004975257638511993,14,False,LOW,TOP_15_PERCENT_DAILY_COHORT,SUCCESS,reservation-no-show-v1.0,reservation-no-show-feature-v1.0,29,5
RES-8cd70eab9bd5ba4f8152a11894ce36ea,2026-12-14 18:00:00,True,0.01755537715987191,8,False,LOW,TOP_15_PERCENT_DAILY_COHORT,SUCCESS,reservation-no-show-v1.0,reservation-no-show-feature-v1.0,29,5
RES-f8aa313eabb26bd2be74bd5bea18e3e5,2026-07-30 18:00:00,True,0.01295709480926253,10,False,LOW,TOP_15_PERCENT_DAILY_COHORT,SUCCESS,reservation-no-show-v1.0,reservation-no-show-feature-v1.0,29,5
RES-7de03b58fbd3947b907aa6eb3808a467,2026-08-16 18:00:00,True,0.005407305172717916,19,False,LOW,TOP_15_PERCENT_DAILY_COHORT,SUCCESS,reservation-no-show-v1.0,reservation-no-show-feature-v1.0,29,5
RES-26d5be45f70301534b182e74c2277ba1,2026-09-02 18:00:00,True,0.007264143939904476,22,False,LOW,TOP_15_PERCENT_DAILY_COHORT,SUCCESS,reservation-no-show-v1.0,reservation-no-show-feature-v1.0,29,5
RES-fc1b8ccd6ef970181a69d6851ba66699,2026-09-19 18:00:00,True,0.023306625267654812,8,False,LOW,TOP_15_PERCENT_DAILY_COHORT,SUCCESS,reservation-no-show-v1.0,reservation-no-show-feature-v1.0,29,5
RES-7cf79135445998b9c4aea04c57f3777a,2026-10-06 18:00:00,True,0.0047711882780563965,24,False,LOW,TOP_15_PERCENT_DAILY_COHORT,SUCCESS,reservation-no-show-v1.0,reservation-no-show-feature-v1.0,29,5
RES-6d24e0f9f817c672cdfcee6f8b70580e,2026-10-23 18:00:00,True,0.007309871375867558,12,False,LOW,TOP_15_PERCENT_DAILY_COHORT,SUCCESS,reservation-no-show-v1.0,reservation-no-show-feature-v1.0,29,5
RES-793fdb007221d16b0f6070a7177743ac,2026-11-09 18:00:00,True,0.023619692196321703,7,False,LOW,TOP_15_PERCENT_DAILY_COHORT,SUCCESS,reservation-no-show-v1.0,reservation-no-show-feature-v1.0,29,5
RES-977d0434df2fab684420927b94f4055a,2026-11-26 18:00:00,True,0.00753501300062722,18,False,LOW,TOP_15_PERCENT_DAILY_COHORT,SUCCESS,reservation-no-show-v1.0,reservation-no-show-feature-v1.0,29,5
RES-bc7934f2be1db86aa6cf58d4da711df4,2026-12-13 18:00:00,True,0.0041630359559737306,28,False,LOW,TOP_15_PERCENT_DAILY_COHORT,SUCCESS,reservation-no-show-v1.0,reservation-no-show-feature-v1.0,29,5
RES-0fb7bad79095efd0b3cd14def673ca13,2026-07-29 18:00:00,True,0.008019620962550513,14,False,LOW,TOP_15_PERCENT_DAILY_COHORT,SUCCESS,reservation-no-show-v1.0,reservation-no-show-feature-v1.0,29,5
RES-74403225b6acb726d51eb9455eeba60a,2026-08-15 18:00:00,True,0.01593060171014343,5,True,HIGH,TOP_15_PERCENT_DAILY_COHORT,SUCCESS,reservation-no-show-v1.0,reservation-no-show-feature-v1.0,29,5
RES-8cfec68d9d5d52ae4d617e896cb5e457,2026-09-01 18:00:00,True,0.005259353822884355,19,False,LOW,TOP_15_PERCENT_DAILY_COHORT,SUCCESS,reservation-no-show-v1.0,reservation-no-show-feature-v1.0,29,5
RES-ef823a0e4c318a7eae710b9aa2020415,2026-09-18 18:00:00,True,0.006733708285560988,22,False,LOW,TOP_15_PERCENT_DAILY_COHORT,SUCCESS,reservation-no-show-v1.0,reservation-no-show-feature-v1.0,29,5
RES-b830f76673b52daf69f89695fb5c4f88,2026-10-05 18:00:00,True,0.02362162720833856,9,False,LOW,TOP_15_PERCENT_DAILY_COHORT,SUCCESS,reservation-no-show-v1.0,reservation-no-show-feature-v1.0,29,5
RES-9006837e4b1da8e71f0a9a1d5f3e9c62,2026-10-22 18:00:00,True,0.004655457969717068,20,False,LOW,TOP_15_PERCENT_DAILY_COHORT,SUCCESS,reservation-no-show-v1.0,reservation-no-show-feature-v1.0,29,5
RES-99fa4bff9d99ea88021d1b636403ccaf,2026-11-08 18:00:00,True,0.005559680548997125,19,False,LOW,TOP_15_PERCENT_DAILY_COHORT,SUCCESS,reservation-no-show-v1.0,reservation-no-show-feature-v1.0,29,5
RES-43c216168aec2bca21d4257be4c250aa,2026-11-25 18:00:00,True,0.029322699566797266,1,True,HIGH,TOP_15_PERCENT_DAILY_COHORT,SUCCESS,reservation-no-show-v1.0,reservation-no-show-feature-v1.0,29,5
RES-028c644f1751826ee486bdc83b4beefb,2026-12-12 18:00:00,True,0.006326837078966969,29,False,LOW,TOP_15_PERCENT_DAILY_COHORT,SUCCESS,reservation-no-show-v1.0,reservation-no-show-feature-v1.0,29,5
RES-12745f2151c6843799cf4d9326e1f626,2026-07-28 18:00:00,True,0.007246742100684548,21,False,LOW,TOP_15_PERCENT_DAILY_COHORT,SUCCESS,reservation-no-show-v1.0,reservation-no-show-feature-v1.0,29,5
RES-45c6153ac3066d069a8dce665f480d56,2026-08-14 18:00:00,True,0.0067342694769927085,26,False,LOW,TOP_15_PERCENT_DAILY_COHORT,SUCCESS,reservation-no-show-v1.0,reservation-no-show-feature-v1.0,29,5
RES-45411dfb3b9bc9ed56c14b0befe9689e,2026-08-31 18:00:00,True,0.013353898817735773,10,False,LOW,TOP_15_PERCENT_DAILY_COHORT,SUCCESS,reservation-no-show-v1.0,reservation-no-show-feature-v1.0,29,5
RES-61cba3710c5bb59a2056b1856810328e,2026-09-17 18:00:00,True,0.005131843591074755,23,False,LOW,TOP_15_PERCENT_DAILY_COHORT,SUCCESS,reservation-no-show-v1.0,reservation-no-show-feature-v1.0,29,5
RES-9253e610f6bdbb4708040506ee78cc4b,2026-10-04 18:00:00,True,0.0075118959152516845,18,False,LOW,TOP_15_PERCENT_DAILY_COHORT,SUCCESS,reservation-no-show-v1.0,reservation-no-show-feature-v1.0,29,5
RES-d2b36f7434f1a7df9c6a8ef8fa4ea186,2026-10-21 18:00:00,True,0.02782603252030735,3,True,HIGH,TOP_15_PERCENT_DAILY_COHORT,SUCCESS,reservation-no-show-v1.0,reservation-no-show-feature-v1.0,29,5
RES-520712b13ed7d813b3a6a29fd31c0c8d,2026-11-07 18:00:00,True,0.005210624945578322,15,False,LOW,TOP_15_PERCENT_DAILY_COHORT,SUCCESS,reservation-no-show-v1.0,reservation-no-show-feature-v1.0,29,5
RES-9ffa35aa6af37c537d5593753f569557,2026-11-24 18:00:00,True,0.004928848437118508,21,False,LOW,TOP_15_PERCENT_DAILY_COHORT,SUCCESS,reservation-no-show-v1.0,reservation-no-show-feature-v1.0,29,5
RES-6c9becab46f9c7faaa8f5903732afeed,2026-12-11 18:00:00,True,0.02575020014400335,2,True,HIGH,TOP_15_PERCENT_DAILY_COHORT,SUCCESS,reservation-no-show-v1.0,reservation-no-show-feature-v1.0,29,5
RES-706a659b373c0857cd11a0777bd413dc,2026-08-13 18:00:00,True,0.006934876773754703,19,False,LOW,TOP_15_PERCENT_DAILY_COHORT,SUCCESS,reservation-no-show-v1.0,reservation-no-show-feature-v1.0,29,5
RES-bd5270cf57301c803c45916e49e00734,2026-08-30 18:00:00,True,0.008292924107324443,20,False,LOW,TOP_15_PERCENT_DAILY_COHORT,SUCCESS,reservation-no-show-v1.0,reservation-no-show-feature-v1.0,29,5
RES-1493ad7acd74309c68ed886a394f29d6,2026-09-16 18:00:00,True,0.01904761178347,2,True,HIGH,TOP_15_PERCENT_DAILY_COHORT,SUCCESS,reservation-no-show-v1.0,reservation-no-show-feature-v1.0,29,5
RES-dc5b70b6437d0f6ac78a1c49804c5933,2026-10-03 18:00:00,True,0.005218433739676801,18,False,LOW,TOP_15_PERCENT_DAILY_COHORT,SUCCESS,reservation-no-show-v1.0,reservation-no-show-feature-v1.0,29,5
RES-0d44d3ea213ce8241725c96bf49a2c34,2026-10-20 18:00:00,True,0.006661038378088759,21,False,LOW,TOP_15_PERCENT_DAILY_COHORT,SUCCESS,reservation-no-show-v1.0,reservation-no-show-feature-v1.0,29,5
RES-b1f8667c9e07fbfe6cd5b15e62a4bb8a,2026-11-06 18:00:00,True,0.021332973497595442,10,False,LOW,TOP_15_PERCENT_DAILY_COHORT,SUCCESS,reservation-no-show-v1.0,reservation-no-show-feature-v1.0,29,5
RES-22327e3f4e1fca35652c6001e243327c,2026-11-23 18:00:00,True,0.004814669219144343,19,False,LOW,TOP_15_PERCENT_DAILY_COHORT,SUCCESS,reservation-no-show-v1.0,reservation-no-show-feature-v1.0,29,5
RES-60f686fc3fa6528c3b0597121297d5b1,2026-12-10 18:00:00,True,0.0047939252258382406,26,False,LOW,TOP_15_PERCENT_DAILY_COHORT,SUCCESS,reservation-no-show-v1.0,reservation-no-show-feature-v1.0,29,5
RES-a6103da249ef148b9a11bd26cd6b5153,2026-08-12 18:00:00,True,0.01907575945187335,3,True,HIGH,TOP_15_PERCENT_DAILY_COHORT,SUCCESS,reservation-no-show-v1.0,reservation-no-show-feature-v1.0,29,5
RES-1277f9158c04afdbdb1bd7460bbabcf9,2026-08-29 18:00:00,True,0.007074256456303361,19,False,LOW,TOP_15_PERCENT_DAILY_COHORT,SUCCESS,reservation-no-show-v1.0,reservation-no-show-feature-v1.0,29,5
RES-5eb82dac3f6f192864012716a7828816,2026-09-15 18:00:00,True,0.006661593553783742,28,False,LOW,TOP_15_PERCENT_DAILY_COHORT,SUCCESS,reservation-no-show-v1.0,reservation-no-show-feature-v1.0,29,5
RES-1affb0dd9afc0191461631527bb070e0,2026-10-02 18:00:00,True,0.013250838556859238,10,False,LOW,TOP_15_PERCENT_DAILY_COHORT,SUCCESS,reservation-no-show-v1.0,reservation-no-show-feature-v1.0,29,5
RES-685701f9140c7990bbd98b686ff606f8,2026-10-19 18:00:00,True,0.004821887498725107,24,False,LOW,TOP_15_PERCENT_DAILY_COHORT,SUCCESS,reservation-no-show-v1.0,reservation-no-show-feature-v1.0,29,5
RES-d2ebdf606d0214e685c46cbc311f805d,2026-11-05 18:00:00,True,0.007845864552902166,14,False,LOW,TOP_15_PERCENT_DAILY_COHORT,SUCCESS,reservation-no-show-v1.0,reservation-no-show-feature-v1.0,29,5
RES-339ccf651c13932889f61fbe430924b7,2026-11-22 18:00:00,True,0.026181451474525518,5,True,HIGH,TOP_15_PERCENT_DAILY_COHORT,SUCCESS,reservation-no-show-v1.0,reservation-no-show-feature-v1.0,29,5
RES-e78f6f786c214b9f18f0663b42418a6e,2026-12-09 18:00:00,True,0.005672949761075335,11,False,LOW,TOP_15_PERCENT_DAILY_COHORT,SUCCESS,reservation-no-show-v1.0,reservation-no-show-feature-v1.0,29,5
RES-6eefc54e2a1a62764572713d3486600a,2026-08-11 18:00:00,True,0.00411443778244516,28,False,LOW,TOP_15_PERCENT_DAILY_COHORT,SUCCESS,reservation-no-show-v1.0,reservation-no-show-feature-v1.0,29,5
RES-dfad179d39c3717f311d01e92094e041,2026-08-28 18:00:00,True,0.01609796413204813,9,False,LOW,TOP_15_PERCENT_DAILY_COHORT,SUCCESS,reservation-no-show-v1.0,reservation-no-show-feature-v1.0,29,5
RES-72e452a15356764da1a4e0ed65325b8a,2026-09-14 18:00:00,True,0.007171479839357994,20,False,LOW,TOP_15_PERCENT_DAILY_COHORT,SUCCESS,reservation-no-show-v1.0,reservation-no-show-feature-v1.0,29,5
RES-ccca5cd64b37b1888d5c07a65bfcce11,2026-10-01 18:00:00,True,0.0064795467196554525,29,False,LOW,TOP_15_PERCENT_DAILY_COHORT,SUCCESS,reservation-no-show-v1.0,reservation-no-show-feature-v1.0,29,5
RES-566e53330c6e539887d4c11383176562,2026-10-18 18:00:00,True,0.014817918392878755,9,False,LOW,TOP_15_PERCENT_DAILY_COHORT,SUCCESS,reservation-no-show-v1.0,reservation-no-show-feature-v1.0,29,5
RES-d5f74bca0b67b2433865b2836b4021ce,2026-11-04 18:00:00,True,0.006881211932615469,12,False,LOW,TOP_15_PERCENT_DAILY_COHORT,SUCCESS,reservation-no-show-v1.0,reservation-no-show-feature-v1.0,29,5
RES-6d79957b8adb0ac6dcb8233b3b68dfd6,2026-11-21 18:00:00,True,0.007273262243030585,20,False,LOW,TOP_15_PERCENT_DAILY_COHORT,SUCCESS,reservation-no-show-v1.0,reservation-no-show-feature-v1.0,29,5
RES-b93d5d91e959eb1178fb089bda55ebe5,2026-12-08 18:00:00,True,0.025479652356038045,4,True,HIGH,TOP_15_PERCENT_DAILY_COHORT,SUCCESS,reservation-no-show-v1.0,reservation-no-show-feature-v1.0,29,5
RES-fccf6005f0667350a44aa91853b788f6,2026-08-10 18:00:00,True,0.006517276592622063,30,False,LOW,TOP_15_PERCENT_DAILY_COHORT,SUCCESS,reservation-no-show-v1.0,reservation-no-show-feature-v1.0,30,5
RES-9bd38f13c3a7bd3d3f7d8cdcac98847f,2026-08-27 18:00:00,True,0.004864062135704201,18,False,LOW,TOP_15_PERCENT_DAILY_COHORT,SUCCESS,reservation-no-show-v1.0,reservation-no-show-feature-v1.0,30,5
RES-af69423dce784f393de50d20b3484390,2026-09-13 18:00:00,True,0.01971835850491974,1,True,HIGH,TOP_15_PERCENT_DAILY_COHORT,SUCCESS,reservation-no-show-v1.0,reservation-no-show-feature-v1.0,30,5
RES-27f02f7524f35c06f4356d46964a04cb,2026-09-30 18:00:00,True,0.0076760897686543,11,False,LOW,TOP_15_PERCENT_DAILY_COHORT,SUCCESS,reservation-no-show-v1.0,reservation-no-show-feature-v1.0,30,5
RES-075a61a1e0520b09d55646c5e1a55245,2026-10-17 18:00:00,True,0.008806929247841233,13,False,LOW,TOP_15_PERCENT_DAILY_COHORT,SUCCESS,reservation-no-show-v1.0,reservation-no-show-feature-v1.0,30,5
RES-5a8f280062f8957f19d1eada5d95b368,2026-11-03 18:00:00,True,0.01742818614196932,4,True,HIGH,TOP_15_PERCENT_DAILY_COHORT,SUCCESS,reservation-no-show-v1.0,reservation-no-show-feature-v1.0,30,5
RES-c28907a57f138cccaaed23ea09728cf2,2026-11-20 18:00:00,True,0.004346595421506339,30,False,LOW,TOP_15_PERCENT_DAILY_COHORT,SUCCESS,reservation-no-show-v1.0,reservation-no-show-feature-v1.0,30,5
RES-0168c404e9346c32fce5d5741fc008a3,2026-12-07 18:00:00,True,0.007373200306104887,18,False,LOW,TOP_15_PERCENT_DAILY_COHORT,SUCCESS,reservation-no-show-v1.0,reservation-no-show-feature-v1.0,30,5
RES-9e68a3d6e2cae8a4e562dd76879325cd,2026-12-24 18:00:00,True,0.024874170303182057,7,False,LOW,TOP_15_PERCENT_DAILY_COHORT,SUCCESS,reservation-no-show-v1.0,reservation-no-show-feature-v1.0,30,5
